<?xml version="1.0" encoding="UTF-8" standalone="no"?>
<!DOCTYPE log SYSTEM "logger.dtd">
<log>
<record>
  <date>2026-01-02T17:03:34</date>
  <millis>1767348214492</millis>
  <sequence>0</sequence>
  <level>START</level>
  <class>com.kms.katalon.core.logging.XmlKeywordLogger</class>
  <method>startSuite</method>
  <thread>1</thread>
  <message>Start Test Suite : Test Suites/Login</message>
  <nestedLevel>0</nestedLevel>
  <escapedJava>false</escapedJava>
  <property name="rerunTestFailImmediately">false</property>
  <property name="retryCount">0</property>
  <property name="name">Login</property>
  <property name="description"></property>
  <property name="id">Test Suites/Login</property>
</record>
<record>
  <date>2026-01-02T17:03:34</date>
  <millis>1767348214505</millis>
  <sequence>1</sequence>
  <level>RUN_DATA</level>
  <class>com.kms.katalon.core.logging.XmlKeywordLogger</class>
  <method>logMessage</method>
  <thread>1</thread>
  <message>hostName = ichsa - MSI</message>
  <nestedLevel>0</nestedLevel>
  <escapedJava>false</escapedJava>
  <property name="hostName">ichsa - MSI</property>
</record>
<record>
  <date>2026-01-02T17:03:34</date>
  <millis>1767348214505</millis>
  <sequence>2</sequence>
  <level>RUN_DATA</level>
  <class>com.kms.katalon.core.logging.XmlKeywordLogger</class>
  <method>logMessage</method>
  <thread>1</thread>
  <message>os = Windows 11 64bit</message>
  <nestedLevel>0</nestedLevel>
  <escapedJava>false</escapedJava>
  <property name="os">Windows 11 64bit</property>
</record>
<record>
  <date>2026-01-02T17:03:34</date>
  <millis>1767348214506</millis>
  <sequence>3</sequence>
  <level>RUN_DATA</level>
  <class>com.kms.katalon.core.logging.XmlKeywordLogger</class>
  <method>logMessage</method>
  <thread>1</thread>
  <message>hostAddress = 192.168.1.6</message>
  <nestedLevel>0</nestedLevel>
  <escapedJava>false</escapedJava>
  <property name="hostAddress">192.168.1.6</property>
</record>
<record>
  <date>2026-01-02T17:03:34</date>
  <millis>1767348214506</millis>
  <sequence>4</sequence>
  <level>RUN_DATA</level>
  <class>com.kms.katalon.core.logging.XmlKeywordLogger</class>
  <method>logMessage</method>
  <thread>1</thread>
  <message>katalonVersion = 8.6.9.208</message>
  <nestedLevel>0</nestedLevel>
  <escapedJava>false</escapedJava>
  <property name="katalonVersion">8.6.9.208</property>
</record>
<record>
  <date>2026-01-02T17:03:34</date>
  <millis>1767348214771</millis>
  <sequence>5</sequence>
  <level>START</level>
  <class>com.kms.katalon.core.logging.XmlKeywordLogger</class>
  <method>startTest</method>
  <thread>1</thread>
  <message>Start Test Case : Test Cases/Login by Email</message>
  <nestedLevel>1</nestedLevel>
  <escapedJava>false</escapedJava>
  <property name="name">Test Cases/Login by Email</property>
  <property name="description"></property>
  <property name="iteration"></property>
  <property name="id">Test Cases/Login by Email</property>
  <property name="source">C:\Users\ichsa\Katalon Studio\Labamu\Test Cases\Login by Email.tc</property>
  <property name="tag"></property>
  <property name="isOptional">false</property>
</record>
<record>
  <date>2026-01-02T17:03:34</date>
  <millis>1767348214786</millis>
  <sequence>7</sequence>
  <level>INFO</level>
  <class>com.kms.katalon.core.logging.XmlKeywordLogger</class>
  <method>logMessage</method>
  <thread>1</thread>
  <message>email = tester@gmail.com</message>
  <nestedLevel>1</nestedLevel>
  <escapedJava>false</escapedJava>
</record>
<record>
  <date>2026-01-02T17:03:35</date>
  <millis>1767348215097</millis>
  <sequence>8</sequence>
  <level>START</level>
  <class>com.kms.katalon.core.logging.XmlKeywordLogger</class>
  <method>startKeyword</method>
  <thread>1</thread>
  <message>Start action : startExistingApplication(&amp;quot;id.co.labamu.app&amp;quot;)</message>
  <nestedLevel>1</nestedLevel>
  <escapedJava>false</escapedJava>
  <property name="startLine">23</property>
  <property name="stepIndex">1</property>
</record>
<record>
  <date>2026-01-02T17:03:35</date>
  <millis>1767348215467</millis>
  <sequence>10</sequence>
  <level>INFO</level>
  <class>com.kms.katalon.core.logging.XmlKeywordLogger</class>
  <method>logMessage</method>
  <thread>1</thread>
  <message>Detected NodeJS location: &amp;quot;C:\Program Files\nodejs\node.exe&amp;quot;</message>
  <nestedLevel>1</nestedLevel>
  <escapedJava>false</escapedJava>
</record>
<record>
  <date>2026-01-02T17:03:37</date>
  <millis>1767348217153</millis>
  <sequence>11</sequence>
  <level>INFO</level>
  <class>com.kms.katalon.core.logging.XmlKeywordLogger</class>
  <method>logMessage</method>
  <thread>1</thread>
  <message>Appium server started on port 63,686</message>
  <nestedLevel>1</nestedLevel>
  <escapedJava>false</escapedJava>
</record>
<record>
  <date>2026-01-02T17:03:48</date>
  <millis>1767348228308</millis>
  <sequence>13</sequence>
  <level>RUN_DATA</level>
  <class>com.kms.katalon.core.logging.XmlKeywordLogger</class>
  <method>logMessage</method>
  <thread>1</thread>
  <message>appiumVersion = 1.22.3</message>
  <nestedLevel>1</nestedLevel>
  <escapedJava>false</escapedJava>
  <property name="appiumVersion">1.22.3</property>
</record>
<record>
  <date>2026-01-02T17:03:48</date>
  <millis>1767348228310</millis>
  <sequence>14</sequence>
  <level>RUN_DATA</level>
  <class>com.kms.katalon.core.logging.XmlKeywordLogger</class>
  <method>logMessage</method>
  <thread>1</thread>
  <message>appiumServerStatus = {&amp;quot;value&amp;quot;:{&amp;quot;build&amp;quot;:{&amp;quot;version&amp;quot;:&amp;quot;1.22.3&amp;quot;}},&amp;quot;sessionId&amp;quot;:null,&amp;quot;status&amp;quot;:0}</message>
  <nestedLevel>1</nestedLevel>
  <escapedJava>false</escapedJava>
  <property name="appiumServerStatus">{&quot;value&quot;:{&quot;build&quot;:{&quot;version&quot;:&quot;1.22.3&quot;}},&quot;sessionId&quot;:null,&quot;status&quot;:0}</property>
</record>
<record>
  <date>2026-01-02T17:03:48</date>
  <millis>1767348228331</millis>
  <sequence>15</sequence>
  <level>RUN_DATA</level>
  <class>com.kms.katalon.core.logging.XmlKeywordLogger</class>
  <method>logMessage</method>
  <thread>1</thread>
  <message>deviceId = RR8R5017EJV</message>
  <nestedLevel>1</nestedLevel>
  <escapedJava>false</escapedJava>
  <property name="deviceId">RR8R5017EJV</property>
</record>
<record>
  <date>2026-01-02T17:03:48</date>
  <millis>1767348228332</millis>
  <sequence>16</sequence>
  <level>RUN_DATA</level>
  <class>com.kms.katalon.core.logging.XmlKeywordLogger</class>
  <method>logMessage</method>
  <thread>1</thread>
  <message>deviceName = samsung SM-A125F (Android 12)</message>
  <nestedLevel>1</nestedLevel>
  <escapedJava>false</escapedJava>
  <property name="deviceName">samsung SM-A125F (Android 12)</property>
</record>
<record>
  <date>2026-01-02T17:03:48</date>
  <millis>1767348228332</millis>
  <sequence>17</sequence>
  <level>RUN_DATA</level>
  <class>com.kms.katalon.core.logging.XmlKeywordLogger</class>
  <method>logMessage</method>
  <thread>1</thread>
  <message>deviceModel = SM-A125F</message>
  <nestedLevel>1</nestedLevel>
  <escapedJava>false</escapedJava>
  <property name="deviceModel">SM-A125F</property>
</record>
<record>
  <date>2026-01-02T17:03:48</date>
  <millis>1767348228333</millis>
  <sequence>18</sequence>
  <level>RUN_DATA</level>
  <class>com.kms.katalon.core.logging.XmlKeywordLogger</class>
  <method>logMessage</method>
  <thread>1</thread>
  <message>deviceManufacturer = samsung</message>
  <nestedLevel>1</nestedLevel>
  <escapedJava>false</escapedJava>
  <property name="deviceManufacturer">samsung</property>
</record>
<record>
  <date>2026-01-02T17:03:48</date>
  <millis>1767348228333</millis>
  <sequence>19</sequence>
  <level>RUN_DATA</level>
  <class>com.kms.katalon.core.logging.XmlKeywordLogger</class>
  <method>logMessage</method>
  <thread>1</thread>
  <message>deviceOS = Android</message>
  <nestedLevel>1</nestedLevel>
  <escapedJava>false</escapedJava>
  <property name="deviceOS">Android</property>
</record>
<record>
  <date>2026-01-02T17:03:48</date>
  <millis>1767348228333</millis>
  <sequence>20</sequence>
  <level>RUN_DATA</level>
  <class>com.kms.katalon.core.logging.XmlKeywordLogger</class>
  <method>logMessage</method>
  <thread>1</thread>
  <message>deviceOSVersion = 12</message>
  <nestedLevel>1</nestedLevel>
  <escapedJava>false</escapedJava>
  <property name="deviceOSVersion">12</property>
</record>
<record>
  <date>2026-01-02T17:03:50</date>
  <millis>1767348230416</millis>
  <sequence>22</sequence>
  <level>PASSED</level>
  <class>com.kms.katalon.core.logging.XmlKeywordLogger</class>
  <method>logMessage</method>
  <thread>1</thread>
  <message>Starting app with application ID: &amp;apos;id.co.labamu.app&amp;apos;</message>
  <nestedLevel>1</nestedLevel>
  <escapedJava>false</escapedJava>
  <property name="testops-method-name">com.kms.katalon.core.mobile.keyword.internal.MobileKeywordMain$runKeyword.call</property>
  <property name="testops-execution-stacktrace">com.kms.katalon.core.logging.KeywordLogger.logPassed(KeywordLogger.java:340)
com.kms.katalon.core.logging.KeywordLogger.logPassed(KeywordLogger.java:334)
com.kms.katalon.core.logging.KeywordLogger$logPassed$1.call(Unknown Source)
com.kms.katalon.core.mobile.keyword.builtin.StartExistingApplicationKeyword$_startApplication_closure1.doCall(StartExistingApplicationKeyword.groovy:51)
com.kms.katalon.core.mobile.keyword.builtin.StartExistingApplicationKeyword$_startApplication_closure1.doCall(StartExistingApplicationKeyword.groovy)
com.kms.katalon.core.mobile.keyword.internal.MobileKeywordMain.runKeyword(MobileKeywordMain.groovy:21)
com.kms.katalon.core.mobile.keyword.internal.MobileKeywordMain$runKeyword.call(Unknown Source)
com.kms.katalon.core.mobile.keyword.builtin.StartExistingApplicationKeyword.startApplication(StartExistingApplicationKeyword.groovy:52)
com.kms.katalon.core.mobile.keyword.builtin.StartExistingApplicationKeyword.execute(StartExistingApplicationKeyword.groovy:37)
com.kms.katalon.core.keyword.internal.KeywordExecutor.executeKeywordForPlatform(KeywordExecutor.groovy:74)
com.kms.katalon.core.mobile.keyword.MobileBuiltInKeywords.startExistingApplication(MobileBuiltInKeywords.groovy:92)
com.kms.katalon.core.mobile.keyword.MobileBuiltInKeywords$startExistingApplication.call(Unknown Source)
Login by Email.run(Login by Email:23)
</property>
</record>
<record>
  <date>2026-01-02T17:03:50</date>
  <millis>1767348230417</millis>
  <sequence>23</sequence>
  <level>END</level>
  <class>com.kms.katalon.core.logging.XmlKeywordLogger</class>
  <method>endKeyword</method>
  <thread>1</thread>
  <message>End action : startExistingApplication(&amp;quot;id.co.labamu.app&amp;quot;)</message>
  <nestedLevel>1</nestedLevel>
  <escapedJava>false</escapedJava>
</record>
<record>
  <date>2026-01-02T17:03:50</date>
  <millis>1767348230417</millis>
  <sequence>24</sequence>
  <level>START</level>
  <class>com.kms.katalon.core.logging.XmlKeywordLogger</class>
  <method>startKeyword</method>
  <thread>1</thread>
  <message>Start action : widget = findTestObject(&amp;quot;Object Repository/btn-Widget-While&amp;quot;)</message>
  <nestedLevel>1</nestedLevel>
  <escapedJava>false</escapedJava>
  <property name="startLine">24</property>
  <property name="stepIndex">2</property>
</record>
<record>
  <date>2026-01-02T17:03:50</date>
  <millis>1767348230470</millis>
  <sequence>26</sequence>
  <level>END</level>
  <class>com.kms.katalon.core.logging.XmlKeywordLogger</class>
  <method>endKeyword</method>
  <thread>1</thread>
  <message>End action : widget = findTestObject(&amp;quot;Object Repository/btn-Widget-While&amp;quot;)</message>
  <nestedLevel>1</nestedLevel>
  <escapedJava>false</escapedJava>
</record>
<record>
  <date>2026-01-02T17:03:50</date>
  <millis>1767348230470</millis>
  <sequence>27</sequence>
  <level>START</level>
  <class>com.kms.katalon.core.logging.XmlKeywordLogger</class>
  <method>startKeyword</method>
  <thread>1</thread>
  <message>Start action : if (waitForElementPresent(widget, 5))</message>
  <nestedLevel>1</nestedLevel>
  <escapedJava>false</escapedJava>
  <property name="startLine">25</property>
  <property name="stepIndex">3</property>
</record>
<record>
  <date>2026-01-02T17:03:55</date>
  <millis>1767348235555</millis>
  <sequence>30</sequence>
  <level>WARNING</level>
  <class>com.kms.katalon.core.logging.XmlKeywordLogger</class>
  <method>logMessage</method>
  <thread>1</thread>
  <message>Object Object Repository/btn-Widget-While not found</message>
  <nestedLevel>1</nestedLevel>
  <escapedJava>false</escapedJava>
</record>
<record>
  <date>2026-01-02T17:03:55</date>
  <millis>1767348235555</millis>
  <sequence>31</sequence>
  <level>END</level>
  <class>com.kms.katalon.core.logging.XmlKeywordLogger</class>
  <method>endKeyword</method>
  <thread>1</thread>
  <message>End action : if (waitForElementPresent(widget, 5))</message>
  <nestedLevel>1</nestedLevel>
  <escapedJava>false</escapedJava>
</record>
<record>
  <date>2026-01-02T17:03:55</date>
  <millis>1767348235555</millis>
  <sequence>32</sequence>
  <level>START</level>
  <class>com.kms.katalon.core.logging.XmlKeywordLogger</class>
  <method>startKeyword</method>
  <thread>1</thread>
  <message>Start action : else</message>
  <nestedLevel>1</nestedLevel>
  <escapedJava>false</escapedJava>
  <property name="startLine">28</property>
  <property name="stepIndex">4</property>
</record>
<record>
  <date>2026-01-02T17:03:55</date>
  <millis>1767348235555</millis>
  <sequence>33</sequence>
  <level>START</level>
  <class>com.kms.katalon.core.logging.XmlKeywordLogger</class>
  <method>startKeyword</method>
  <thread>1</thread>
  <message>Start action : println(&amp;quot;Widget tidak muncul, lanjut step berikutnya&amp;quot;)</message>
  <nestedLevel>2</nestedLevel>
  <escapedJava>false</escapedJava>
  <property name="startLine">29</property>
  <property name="stepIndex">1</property>
</record>
<record>
  <date>2026-01-02T17:03:55</date>
  <millis>1767348235568</millis>
  <sequence>34</sequence>
  <level>END</level>
  <class>com.kms.katalon.core.logging.XmlKeywordLogger</class>
  <method>endKeyword</method>
  <thread>1</thread>
  <message>End action : println(&amp;quot;Widget tidak muncul, lanjut step berikutnya&amp;quot;)</message>
  <nestedLevel>2</nestedLevel>
  <escapedJava>false</escapedJava>
</record>
<record>
  <date>2026-01-02T17:03:55</date>
  <millis>1767348235568</millis>
  <sequence>35</sequence>
  <level>END</level>
  <class>com.kms.katalon.core.logging.XmlKeywordLogger</class>
  <method>endKeyword</method>
  <thread>1</thread>
  <message>End action : else</message>
  <nestedLevel>1</nestedLevel>
  <escapedJava>false</escapedJava>
</record>
<record>
  <date>2026-01-02T17:03:55</date>
  <millis>1767348235568</millis>
  <sequence>36</sequence>
  <level>START</level>
  <class>com.kms.katalon.core.logging.XmlKeywordLogger</class>
  <method>startKeyword</method>
  <thread>1</thread>
  <message>Start action : btnEmailOption = findTestObject(&amp;quot;Object Repository/btn-text-Email-Option&amp;quot;)</message>
  <nestedLevel>1</nestedLevel>
  <escapedJava>false</escapedJava>
  <property name="startLine">31</property>
  <property name="stepIndex">5</property>
</record>
<record>
  <date>2026-01-02T17:03:55</date>
  <millis>1767348235616</millis>
  <sequence>38</sequence>
  <level>END</level>
  <class>com.kms.katalon.core.logging.XmlKeywordLogger</class>
  <method>endKeyword</method>
  <thread>1</thread>
  <message>End action : btnEmailOption = findTestObject(&amp;quot;Object Repository/btn-text-Email-Option&amp;quot;)</message>
  <nestedLevel>1</nestedLevel>
  <escapedJava>false</escapedJava>
</record>
<record>
  <date>2026-01-02T17:03:55</date>
  <millis>1767348235617</millis>
  <sequence>39</sequence>
  <level>START</level>
  <class>com.kms.katalon.core.logging.XmlKeywordLogger</class>
  <method>startKeyword</method>
  <thread>1</thread>
  <message>Start action : inputEmail = findTestObject(&amp;quot;Object Repository/edt-Input-Email&amp;quot;)</message>
  <nestedLevel>1</nestedLevel>
  <escapedJava>false</escapedJava>
  <property name="startLine">32</property>
  <property name="stepIndex">6</property>
</record>
<record>
  <date>2026-01-02T17:03:55</date>
  <millis>1767348235657</millis>
  <sequence>41</sequence>
  <level>END</level>
  <class>com.kms.katalon.core.logging.XmlKeywordLogger</class>
  <method>endKeyword</method>
  <thread>1</thread>
  <message>End action : inputEmail = findTestObject(&amp;quot;Object Repository/edt-Input-Email&amp;quot;)</message>
  <nestedLevel>1</nestedLevel>
  <escapedJava>false</escapedJava>
</record>
<record>
  <date>2026-01-02T17:03:55</date>
  <millis>1767348235657</millis>
  <sequence>42</sequence>
  <level>START</level>
  <class>com.kms.katalon.core.logging.XmlKeywordLogger</class>
  <method>startKeyword</method>
  <thread>1</thread>
  <message>Start action : chkAgreement = findTestObject(&amp;quot;Object Repository/btn-CheckBox&amp;quot;)</message>
  <nestedLevel>1</nestedLevel>
  <escapedJava>false</escapedJava>
  <property name="startLine">33</property>
  <property name="stepIndex">7</property>
</record>
<record>
  <date>2026-01-02T17:03:55</date>
  <millis>1767348235702</millis>
  <sequence>44</sequence>
  <level>END</level>
  <class>com.kms.katalon.core.logging.XmlKeywordLogger</class>
  <method>endKeyword</method>
  <thread>1</thread>
  <message>End action : chkAgreement = findTestObject(&amp;quot;Object Repository/btn-CheckBox&amp;quot;)</message>
  <nestedLevel>1</nestedLevel>
  <escapedJava>false</escapedJava>
</record>
<record>
  <date>2026-01-02T17:03:55</date>
  <millis>1767348235702</millis>
  <sequence>45</sequence>
  <level>START</level>
  <class>com.kms.katalon.core.logging.XmlKeywordLogger</class>
  <method>startKeyword</method>
  <thread>1</thread>
  <message>Start action : btnMasuk = findTestObject(&amp;quot;Object Repository/btn-Masuk&amp;quot;)</message>
  <nestedLevel>1</nestedLevel>
  <escapedJava>false</escapedJava>
  <property name="startLine">34</property>
  <property name="stepIndex">8</property>
</record>
<record>
  <date>2026-01-02T17:03:55</date>
  <millis>1767348235742</millis>
  <sequence>47</sequence>
  <level>END</level>
  <class>com.kms.katalon.core.logging.XmlKeywordLogger</class>
  <method>endKeyword</method>
  <thread>1</thread>
  <message>End action : btnMasuk = findTestObject(&amp;quot;Object Repository/btn-Masuk&amp;quot;)</message>
  <nestedLevel>1</nestedLevel>
  <escapedJava>false</escapedJava>
</record>
<record>
  <date>2026-01-02T17:03:55</date>
  <millis>1767348235742</millis>
  <sequence>48</sequence>
  <level>START</level>
  <class>com.kms.katalon.core.logging.XmlKeywordLogger</class>
  <method>startKeyword</method>
  <thread>1</thread>
  <message>Start action : waitForElementPresent(btnEmailOption, 10)</message>
  <nestedLevel>1</nestedLevel>
  <escapedJava>false</escapedJava>
  <property name="startLine">35</property>
  <property name="stepIndex">9</property>
</record>
<record>
  <date>2026-01-02T17:03:56</date>
  <millis>1767348236035</millis>
  <sequence>51</sequence>
  <level>PASSED</level>
  <class>com.kms.katalon.core.logging.XmlKeywordLogger</class>
  <method>logMessage</method>
  <thread>1</thread>
  <message>Element &amp;apos;Object Repository/btn-text-Email-Option&amp;apos; is present</message>
  <nestedLevel>1</nestedLevel>
  <escapedJava>false</escapedJava>
  <property name="testops-method-name">com.kms.katalon.core.mobile.keyword.builtin.WaitForElementPresentKeyword.waitForElementPresent</property>
  <property name="testops-execution-stacktrace"></property>
</record>
<record>
  <date>2026-01-02T17:03:56</date>
  <millis>1767348236037</millis>
  <sequence>52</sequence>
  <level>END</level>
  <class>com.kms.katalon.core.logging.XmlKeywordLogger</class>
  <method>endKeyword</method>
  <thread>1</thread>
  <message>End action : waitForElementPresent(btnEmailOption, 10)</message>
  <nestedLevel>1</nestedLevel>
  <escapedJava>false</escapedJava>
</record>
<record>
  <date>2026-01-02T17:03:56</date>
  <millis>1767348236037</millis>
  <sequence>53</sequence>
  <level>START</level>
  <class>com.kms.katalon.core.logging.XmlKeywordLogger</class>
  <method>startKeyword</method>
  <thread>1</thread>
  <message>Start action : tap(btnEmailOption, 10)</message>
  <nestedLevel>1</nestedLevel>
  <escapedJava>false</escapedJava>
  <property name="startLine">36</property>
  <property name="stepIndex">10</property>
</record>
<record>
  <date>2026-01-02T17:03:56</date>
  <millis>1767348236400</millis>
  <sequence>56</sequence>
  <level>PASSED</level>
  <class>com.kms.katalon.core.logging.XmlKeywordLogger</class>
  <method>logMessage</method>
  <thread>1</thread>
  <message>Tapped on element &amp;apos;Object Repository/btn-text-Email-Option&amp;apos;</message>
  <nestedLevel>1</nestedLevel>
  <escapedJava>false</escapedJava>
  <property name="testops-method-name">com.kms.katalon.core.mobile.keyword.builtin.TapKeyword.tap</property>
  <property name="testops-execution-stacktrace"></property>
</record>
<record>
  <date>2026-01-02T17:03:56</date>
  <millis>1767348236401</millis>
  <sequence>57</sequence>
  <level>END</level>
  <class>com.kms.katalon.core.logging.XmlKeywordLogger</class>
  <method>endKeyword</method>
  <thread>1</thread>
  <message>End action : tap(btnEmailOption, 10)</message>
  <nestedLevel>1</nestedLevel>
  <escapedJava>false</escapedJava>
</record>
<record>
  <date>2026-01-02T17:03:56</date>
  <millis>1767348236401</millis>
  <sequence>58</sequence>
  <level>START</level>
  <class>com.kms.katalon.core.logging.XmlKeywordLogger</class>
  <method>startKeyword</method>
  <thread>1</thread>
  <message>Start action : waitForElementPresent(inputEmail, 10)</message>
  <nestedLevel>1</nestedLevel>
  <escapedJava>false</escapedJava>
  <property name="startLine">37</property>
  <property name="stepIndex">11</property>
</record>
<record>
  <date>2026-01-02T17:03:57</date>
  <millis>1767348237120</millis>
  <sequence>61</sequence>
  <level>PASSED</level>
  <class>com.kms.katalon.core.logging.XmlKeywordLogger</class>
  <method>logMessage</method>
  <thread>1</thread>
  <message>Element &amp;apos;Object Repository/edt-Input-Email&amp;apos; is present</message>
  <nestedLevel>1</nestedLevel>
  <escapedJava>false</escapedJava>
  <property name="testops-method-name">com.kms.katalon.core.mobile.keyword.builtin.WaitForElementPresentKeyword.waitForElementPresent</property>
  <property name="testops-execution-stacktrace"></property>
</record>
<record>
  <date>2026-01-02T17:03:57</date>
  <millis>1767348237121</millis>
  <sequence>62</sequence>
  <level>END</level>
  <class>com.kms.katalon.core.logging.XmlKeywordLogger</class>
  <method>endKeyword</method>
  <thread>1</thread>
  <message>End action : waitForElementPresent(inputEmail, 10)</message>
  <nestedLevel>1</nestedLevel>
  <escapedJava>false</escapedJava>
</record>
<record>
  <date>2026-01-02T17:03:57</date>
  <millis>1767348237121</millis>
  <sequence>63</sequence>
  <level>START</level>
  <class>com.kms.katalon.core.logging.XmlKeywordLogger</class>
  <method>startKeyword</method>
  <thread>1</thread>
  <message>Start action : tap(inputEmail, 10)</message>
  <nestedLevel>1</nestedLevel>
  <escapedJava>false</escapedJava>
  <property name="startLine">38</property>
  <property name="stepIndex">12</property>
</record>
<record>
  <date>2026-01-02T17:03:57</date>
  <millis>1767348237445</millis>
  <sequence>66</sequence>
  <level>PASSED</level>
  <class>com.kms.katalon.core.logging.XmlKeywordLogger</class>
  <method>logMessage</method>
  <thread>1</thread>
  <message>Tapped on element &amp;apos;Object Repository/edt-Input-Email&amp;apos;</message>
  <nestedLevel>1</nestedLevel>
  <escapedJava>false</escapedJava>
  <property name="testops-method-name">com.kms.katalon.core.mobile.keyword.builtin.TapKeyword.tap</property>
  <property name="testops-execution-stacktrace"></property>
</record>
<record>
  <date>2026-01-02T17:03:57</date>
  <millis>1767348237445</millis>
  <sequence>67</sequence>
  <level>END</level>
  <class>com.kms.katalon.core.logging.XmlKeywordLogger</class>
  <method>endKeyword</method>
  <thread>1</thread>
  <message>End action : tap(inputEmail, 10)</message>
  <nestedLevel>1</nestedLevel>
  <escapedJava>false</escapedJava>
</record>
<record>
  <date>2026-01-02T17:03:57</date>
  <millis>1767348237446</millis>
  <sequence>68</sequence>
  <level>START</level>
  <class>com.kms.katalon.core.logging.XmlKeywordLogger</class>
  <method>startKeyword</method>
  <thread>1</thread>
  <message>Start action : setText(inputEmail, email, 10)</message>
  <nestedLevel>1</nestedLevel>
  <escapedJava>false</escapedJava>
  <property name="startLine">39</property>
  <property name="stepIndex">13</property>
</record>
<record>
  <date>2026-01-02T17:03:59</date>
  <millis>1767348239650</millis>
  <sequence>71</sequence>
  <level>PASSED</level>
  <class>com.kms.katalon.core.logging.XmlKeywordLogger</class>
  <method>logMessage</method>
  <thread>1</thread>
  <message>Text &amp;apos;tester@gmail.com&amp;apos; has been set to element &amp;apos;Object Repository/edt-Input-Email&amp;apos;</message>
  <nestedLevel>1</nestedLevel>
  <escapedJava>false</escapedJava>
  <property name="testops-method-name">com.kms.katalon.core.mobile.keyword.builtin.SetTextKeyword.setText</property>
  <property name="testops-execution-stacktrace"></property>
</record>
<record>
  <date>2026-01-02T17:03:59</date>
  <millis>1767348239650</millis>
  <sequence>72</sequence>
  <level>END</level>
  <class>com.kms.katalon.core.logging.XmlKeywordLogger</class>
  <method>endKeyword</method>
  <thread>1</thread>
  <message>End action : setText(inputEmail, email, 10)</message>
  <nestedLevel>1</nestedLevel>
  <escapedJava>false</escapedJava>
</record>
<record>
  <date>2026-01-02T17:03:59</date>
  <millis>1767348239651</millis>
  <sequence>73</sequence>
  <level>START</level>
  <class>com.kms.katalon.core.logging.XmlKeywordLogger</class>
  <method>startKeyword</method>
  <thread>1</thread>
  <message>Start action : tap(chkAgreement, 10)</message>
  <nestedLevel>1</nestedLevel>
  <escapedJava>false</escapedJava>
  <property name="startLine">40</property>
  <property name="stepIndex">14</property>
</record>
<record>
  <date>2026-01-02T17:04:00</date>
  <millis>1767348240463</millis>
  <sequence>76</sequence>
  <level>PASSED</level>
  <class>com.kms.katalon.core.logging.XmlKeywordLogger</class>
  <method>logMessage</method>
  <thread>1</thread>
  <message>Tapped on element &amp;apos;Object Repository/btn-CheckBox&amp;apos;</message>
  <nestedLevel>1</nestedLevel>
  <escapedJava>false</escapedJava>
  <property name="testops-method-name">com.kms.katalon.core.mobile.keyword.builtin.TapKeyword.tap</property>
  <property name="testops-execution-stacktrace"></property>
</record>
<record>
  <date>2026-01-02T17:04:00</date>
  <millis>1767348240464</millis>
  <sequence>77</sequence>
  <level>END</level>
  <class>com.kms.katalon.core.logging.XmlKeywordLogger</class>
  <method>endKeyword</method>
  <thread>1</thread>
  <message>End action : tap(chkAgreement, 10)</message>
  <nestedLevel>1</nestedLevel>
  <escapedJava>false</escapedJava>
</record>
<record>
  <date>2026-01-02T17:04:00</date>
  <millis>1767348240464</millis>
  <sequence>78</sequence>
  <level>START</level>
  <class>com.kms.katalon.core.logging.XmlKeywordLogger</class>
  <method>startKeyword</method>
  <thread>1</thread>
  <message>Start action : waitForElementAttributeValue(btnMasuk, &amp;quot;enabled&amp;quot;, &amp;quot;true&amp;quot;, 10)</message>
  <nestedLevel>1</nestedLevel>
  <escapedJava>false</escapedJava>
  <property name="startLine">41</property>
  <property name="stepIndex">15</property>
</record>
<record>
  <date>2026-01-02T17:04:01</date>
  <millis>1767348241327</millis>
  <sequence>82</sequence>
  <level>PASSED</level>
  <class>com.kms.katalon.core.logging.XmlKeywordLogger</class>
  <method>logMessage</method>
  <thread>1</thread>
  <message>Object &amp;apos;Object Repository/btn-Masuk&amp;apos; has attribute &amp;apos;enabled&amp;apos; with value &amp;apos;true&amp;apos;</message>
  <nestedLevel>1</nestedLevel>
  <escapedJava>false</escapedJava>
  <property name="testops-method-name">com.kms.katalon.core.mobile.keyword.builtin.WaitForElementAttributeValueKeyword.waitForElementAttributeValue</property>
  <property name="testops-execution-stacktrace"></property>
</record>
<record>
  <date>2026-01-02T17:04:01</date>
  <millis>1767348241330</millis>
  <sequence>83</sequence>
  <level>END</level>
  <class>com.kms.katalon.core.logging.XmlKeywordLogger</class>
  <method>endKeyword</method>
  <thread>1</thread>
  <message>End action : waitForElementAttributeValue(btnMasuk, &amp;quot;enabled&amp;quot;, &amp;quot;true&amp;quot;, 10)</message>
  <nestedLevel>1</nestedLevel>
  <escapedJava>false</escapedJava>
</record>
<record>
  <date>2026-01-02T17:04:01</date>
  <millis>1767348241330</millis>
  <sequence>84</sequence>
  <level>START</level>
  <class>com.kms.katalon.core.logging.XmlKeywordLogger</class>
  <method>startKeyword</method>
  <thread>1</thread>
  <message>Start action : verifyElementAttributeValue(btnMasuk, &amp;quot;enabled&amp;quot;, &amp;quot;true&amp;quot;, 10)</message>
  <nestedLevel>1</nestedLevel>
  <escapedJava>false</escapedJava>
  <property name="startLine">47</property>
  <property name="stepIndex">16</property>
</record>
<record>
  <date>2026-01-02T17:04:01</date>
  <millis>1767348241501</millis>
  <sequence>88</sequence>
  <level>PASSED</level>
  <class>com.kms.katalon.core.logging.XmlKeywordLogger</class>
  <method>logMessage</method>
  <thread>1</thread>
  <message>Object &amp;apos;Object Repository/btn-Masuk&amp;apos; has attribute &amp;apos;enabled&amp;apos; with value &amp;apos;true&amp;apos;</message>
  <nestedLevel>1</nestedLevel>
  <escapedJava>false</escapedJava>
  <property name="testops-is-assertion">true</property>
  <property name="testops-method-name">com.kms.katalon.core.mobile.keyword.builtin.VerifyElementAttributeValueKeyword.verifyElementAttributeValue</property>
  <property name="testops-execution-stacktrace"></property>
</record>
<record>
  <date>2026-01-02T17:04:01</date>
  <millis>1767348241501</millis>
  <sequence>89</sequence>
  <level>END</level>
  <class>com.kms.katalon.core.logging.XmlKeywordLogger</class>
  <method>endKeyword</method>
  <thread>1</thread>
  <message>End action : verifyElementAttributeValue(btnMasuk, &amp;quot;enabled&amp;quot;, &amp;quot;true&amp;quot;, 10)</message>
  <nestedLevel>1</nestedLevel>
  <escapedJava>false</escapedJava>
</record>
<record>
  <date>2026-01-02T17:04:01</date>
  <millis>1767348241501</millis>
  <sequence>90</sequence>
  <level>START</level>
  <class>com.kms.katalon.core.logging.XmlKeywordLogger</class>
  <method>startKeyword</method>
  <thread>1</thread>
  <message>Start action : tap(btnMasuk, 10)</message>
  <nestedLevel>1</nestedLevel>
  <escapedJava>false</escapedJava>
  <property name="startLine">53</property>
  <property name="stepIndex">17</property>
</record>
<record>
  <date>2026-01-02T17:04:01</date>
  <millis>1767348241726</millis>
  <sequence>93</sequence>
  <level>PASSED</level>
  <class>com.kms.katalon.core.logging.XmlKeywordLogger</class>
  <method>logMessage</method>
  <thread>1</thread>
  <message>Tapped on element &amp;apos;Object Repository/btn-Masuk&amp;apos;</message>
  <nestedLevel>1</nestedLevel>
  <escapedJava>false</escapedJava>
  <property name="testops-method-name">com.kms.katalon.core.mobile.keyword.builtin.TapKeyword.tap</property>
  <property name="testops-execution-stacktrace"></property>
</record>
<record>
  <date>2026-01-02T17:04:01</date>
  <millis>1767348241726</millis>
  <sequence>94</sequence>
  <level>END</level>
  <class>com.kms.katalon.core.logging.XmlKeywordLogger</class>
  <method>endKeyword</method>
  <thread>1</thread>
  <message>End action : tap(btnMasuk, 10)</message>
  <nestedLevel>1</nestedLevel>
  <escapedJava>false</escapedJava>
</record>
<record>
  <date>2026-01-02T17:04:01</date>
  <millis>1767348241726</millis>
  <sequence>95</sequence>
  <level>START</level>
  <class>com.kms.katalon.core.logging.XmlKeywordLogger</class>
  <method>startKeyword</method>
  <thread>1</thread>
  <message>Start action : closeApplication()</message>
  <nestedLevel>1</nestedLevel>
  <escapedJava>false</escapedJava>
  <property name="startLine">54</property>
  <property name="stepIndex">18</property>
</record>
<record>
  <date>2026-01-02T17:04:02</date>
  <millis>1767348242341</millis>
  <sequence>96</sequence>
  <level>PASSED</level>
  <class>com.kms.katalon.core.logging.XmlKeywordLogger</class>
  <method>logMessage</method>
  <thread>1</thread>
  <message>Close app successfully</message>
  <nestedLevel>1</nestedLevel>
  <escapedJava>false</escapedJava>
  <property name="testops-method-name">com.kms.katalon.core.mobile.keyword.builtin.CloseApplicationKeyword.closeApplication</property>
  <property name="testops-execution-stacktrace"></property>
</record>
<record>
  <date>2026-01-02T17:04:02</date>
  <millis>1767348242341</millis>
  <sequence>97</sequence>
  <level>END</level>
  <class>com.kms.katalon.core.logging.XmlKeywordLogger</class>
  <method>endKeyword</method>
  <thread>1</thread>
  <message>End action : closeApplication()</message>
  <nestedLevel>1</nestedLevel>
  <escapedJava>false</escapedJava>
</record>
<record>
  <date>2026-01-02T17:04:02</date>
  <millis>1767348242342</millis>
  <sequence>98</sequence>
  <level>PASSED</level>
  <class>com.kms.katalon.core.logging.XmlKeywordLogger</class>
  <method>logMessage</method>
  <thread>1</thread>
  <message>Test Cases/Login by Email</message>
  <nestedLevel>1</nestedLevel>
  <escapedJava>false</escapedJava>
</record>
<record>
  <date>2026-01-02T17:04:02</date>
  <millis>1767348242343</millis>
  <sequence>99</sequence>
  <level>END</level>
  <class>com.kms.katalon.core.logging.XmlKeywordLogger</class>
  <method>endTest</method>
  <thread>1</thread>
  <message>End Test Case : Test Cases/Login by Email</message>
  <nestedLevel>0</nestedLevel>
  <escapedJava>false</escapedJava>
  <property name="executionBindingVariables">[
  {
    &quot;displayReportName&quot;: &quot;email&quot;,
    &quot;value&quot;: &quot;tester@gmail.com&quot;,
    &quot;name&quot;: &quot;email&quot;,
    &quot;masked&quot;: false
  }
]</property>
  <property name="applitools">false</property>
  <property name="keywordsUsage">{
  &quot;web_ui&quot;: false,
  &quot;web_service&quot;: false,
  &quot;cucumber&quot;: false,
  &quot;builtin&quot;: false,
  &quot;mobile&quot;: true,
  &quot;windows&quot;: false,
  &quot;testng&quot;: false
}</property>
</record>
<record>
  <date>2026-01-02T17:04:02</date>
  <millis>1767348242362</millis>
  <sequence>100</sequence>
  <level>START</level>
  <class>com.kms.katalon.core.logging.XmlKeywordLogger</class>
  <method>startTest</method>
  <thread>1</thread>
  <message>Start Test Case : Test Cases/Login by Email</message>
  <nestedLevel>1</nestedLevel>
  <escapedJava>false</escapedJava>
  <property name="name">Test Cases/Login by Email</property>
  <property name="description"></property>
  <property name="iteration"></property>
  <property name="id">Test Cases/Login by Email</property>
  <property name="source">C:\Users\ichsa\Katalon Studio\Labamu\Test Cases\Login by Email.tc</property>
  <property name="tag"></property>
  <property name="isOptional">false</property>
</record>
<record>
  <date>2026-01-02T17:04:02</date>
  <millis>1767348242370</millis>
  <sequence>102</sequence>
  <level>INFO</level>
  <class>com.kms.katalon.core.logging.XmlKeywordLogger</class>
  <method>logMessage</method>
  <thread>1</thread>
  <message>email = test@gmail.com</message>
  <nestedLevel>1</nestedLevel>
  <escapedJava>false</escapedJava>
</record>
<record>
  <date>2026-01-02T17:04:02</date>
  <millis>1767348242372</millis>
  <sequence>103</sequence>
  <level>START</level>
  <class>com.kms.katalon.core.logging.XmlKeywordLogger</class>
  <method>startKeyword</method>
  <thread>1</thread>
  <message>Start action : startExistingApplication(&amp;quot;id.co.labamu.app&amp;quot;)</message>
  <nestedLevel>1</nestedLevel>
  <escapedJava>false</escapedJava>
  <property name="startLine">23</property>
  <property name="stepIndex">1</property>
</record>
<record>
  <date>2026-01-02T17:04:02</date>
  <millis>1767348242461</millis>
  <sequence>105</sequence>
  <level>INFO</level>
  <class>com.kms.katalon.core.logging.XmlKeywordLogger</class>
  <method>logMessage</method>
  <thread>1</thread>
  <message>Detected NodeJS location: &amp;quot;C:\Program Files\nodejs\node.exe&amp;quot;</message>
  <nestedLevel>1</nestedLevel>
  <escapedJava>false</escapedJava>
</record>
<record>
  <date>2026-01-02T17:04:03</date>
  <millis>1767348243568</millis>
  <sequence>106</sequence>
  <level>INFO</level>
  <class>com.kms.katalon.core.logging.XmlKeywordLogger</class>
  <method>logMessage</method>
  <thread>1</thread>
  <message>Appium server started on port 63,046</message>
  <nestedLevel>1</nestedLevel>
  <escapedJava>false</escapedJava>
</record>
<record>
  <date>2026-01-02T17:04:13</date>
  <millis>1767348253501</millis>
  <sequence>108</sequence>
  <level>RUN_DATA</level>
  <class>com.kms.katalon.core.logging.XmlKeywordLogger</class>
  <method>logMessage</method>
  <thread>1</thread>
  <message>appiumVersion = 1.22.3</message>
  <nestedLevel>1</nestedLevel>
  <escapedJava>false</escapedJava>
  <property name="appiumVersion">1.22.3</property>
</record>
<record>
  <date>2026-01-02T17:04:13</date>
  <millis>1767348253501</millis>
  <sequence>109</sequence>
  <level>RUN_DATA</level>
  <class>com.kms.katalon.core.logging.XmlKeywordLogger</class>
  <method>logMessage</method>
  <thread>1</thread>
  <message>appiumServerStatus = {&amp;quot;value&amp;quot;:{&amp;quot;build&amp;quot;:{&amp;quot;version&amp;quot;:&amp;quot;1.22.3&amp;quot;}},&amp;quot;sessionId&amp;quot;:null,&amp;quot;status&amp;quot;:0}</message>
  <nestedLevel>1</nestedLevel>
  <escapedJava>false</escapedJava>
  <property name="appiumServerStatus">{&quot;value&quot;:{&quot;build&quot;:{&quot;version&quot;:&quot;1.22.3&quot;}},&quot;sessionId&quot;:null,&quot;status&quot;:0}</property>
</record>
<record>
  <date>2026-01-02T17:04:13</date>
  <millis>1767348253515</millis>
  <sequence>110</sequence>
  <level>RUN_DATA</level>
  <class>com.kms.katalon.core.logging.XmlKeywordLogger</class>
  <method>logMessage</method>
  <thread>1</thread>
  <message>deviceId = RR8R5017EJV</message>
  <nestedLevel>1</nestedLevel>
  <escapedJava>false</escapedJava>
  <property name="deviceId">RR8R5017EJV</property>
</record>
<record>
  <date>2026-01-02T17:04:13</date>
  <millis>1767348253516</millis>
  <sequence>111</sequence>
  <level>RUN_DATA</level>
  <class>com.kms.katalon.core.logging.XmlKeywordLogger</class>
  <method>logMessage</method>
  <thread>1</thread>
  <message>deviceName = samsung SM-A125F (Android 12)</message>
  <nestedLevel>1</nestedLevel>
  <escapedJava>false</escapedJava>
  <property name="deviceName">samsung SM-A125F (Android 12)</property>
</record>
<record>
  <date>2026-01-02T17:04:13</date>
  <millis>1767348253516</millis>
  <sequence>112</sequence>
  <level>RUN_DATA</level>
  <class>com.kms.katalon.core.logging.XmlKeywordLogger</class>
  <method>logMessage</method>
  <thread>1</thread>
  <message>deviceModel = SM-A125F</message>
  <nestedLevel>1</nestedLevel>
  <escapedJava>false</escapedJava>
  <property name="deviceModel">SM-A125F</property>
</record>
<record>
  <date>2026-01-02T17:04:13</date>
  <millis>1767348253516</millis>
  <sequence>113</sequence>
  <level>RUN_DATA</level>
  <class>com.kms.katalon.core.logging.XmlKeywordLogger</class>
  <method>logMessage</method>
  <thread>1</thread>
  <message>deviceManufacturer = samsung</message>
  <nestedLevel>1</nestedLevel>
  <escapedJava>false</escapedJava>
  <property name="deviceManufacturer">samsung</property>
</record>
<record>
  <date>2026-01-02T17:04:13</date>
  <millis>1767348253516</millis>
  <sequence>114</sequence>
  <level>RUN_DATA</level>
  <class>com.kms.katalon.core.logging.XmlKeywordLogger</class>
  <method>logMessage</method>
  <thread>1</thread>
  <message>deviceOS = Android</message>
  <nestedLevel>1</nestedLevel>
  <escapedJava>false</escapedJava>
  <property name="deviceOS">Android</property>
</record>
<record>
  <date>2026-01-02T17:04:13</date>
  <millis>1767348253516</millis>
  <sequence>115</sequence>
  <level>RUN_DATA</level>
  <class>com.kms.katalon.core.logging.XmlKeywordLogger</class>
  <method>logMessage</method>
  <thread>1</thread>
  <message>deviceOSVersion = 12</message>
  <nestedLevel>1</nestedLevel>
  <escapedJava>false</escapedJava>
  <property name="deviceOSVersion">12</property>
</record>
<record>
  <date>2026-01-02T17:04:15</date>
  <millis>1767348255338</millis>
  <sequence>117</sequence>
  <level>PASSED</level>
  <class>com.kms.katalon.core.logging.XmlKeywordLogger</class>
  <method>logMessage</method>
  <thread>1</thread>
  <message>Starting app with application ID: &amp;apos;id.co.labamu.app&amp;apos;</message>
  <nestedLevel>1</nestedLevel>
  <escapedJava>false</escapedJava>
  <property name="testops-method-name">com.kms.katalon.core.mobile.keyword.internal.MobileKeywordMain$runKeyword.call</property>
  <property name="testops-execution-stacktrace">com.kms.katalon.core.logging.KeywordLogger.logPassed(KeywordLogger.java:340)
com.kms.katalon.core.logging.KeywordLogger.logPassed(KeywordLogger.java:334)
com.kms.katalon.core.logging.KeywordLogger$logPassed$1.call(Unknown Source)
com.kms.katalon.core.mobile.keyword.builtin.StartExistingApplicationKeyword$_startApplication_closure1.doCall(StartExistingApplicationKeyword.groovy:51)
com.kms.katalon.core.mobile.keyword.builtin.StartExistingApplicationKeyword$_startApplication_closure1.doCall(StartExistingApplicationKeyword.groovy)
com.kms.katalon.core.mobile.keyword.internal.MobileKeywordMain.runKeyword(MobileKeywordMain.groovy:21)
com.kms.katalon.core.mobile.keyword.internal.MobileKeywordMain$runKeyword.call(Unknown Source)
com.kms.katalon.core.mobile.keyword.builtin.StartExistingApplicationKeyword.startApplication(StartExistingApplicationKeyword.groovy:52)
com.kms.katalon.core.mobile.keyword.builtin.StartExistingApplicationKeyword.execute(StartExistingApplicationKeyword.groovy:37)
com.kms.katalon.core.keyword.internal.KeywordExecutor.executeKeywordForPlatform(KeywordExecutor.groovy:74)
com.kms.katalon.core.mobile.keyword.MobileBuiltInKeywords.startExistingApplication(MobileBuiltInKeywords.groovy:92)
com.kms.katalon.core.mobile.keyword.MobileBuiltInKeywords$startExistingApplication.call(Unknown Source)
Login by Email.run(Login by Email:23)
</property>
</record>
<record>
  <date>2026-01-02T17:04:15</date>
  <millis>1767348255339</millis>
  <sequence>118</sequence>
  <level>END</level>
  <class>com.kms.katalon.core.logging.XmlKeywordLogger</class>
  <method>endKeyword</method>
  <thread>1</thread>
  <message>End action : startExistingApplication(&amp;quot;id.co.labamu.app&amp;quot;)</message>
  <nestedLevel>1</nestedLevel>
  <escapedJava>false</escapedJava>
</record>
<record>
  <date>2026-01-02T17:04:15</date>
  <millis>1767348255339</millis>
  <sequence>119</sequence>
  <level>START</level>
  <class>com.kms.katalon.core.logging.XmlKeywordLogger</class>
  <method>startKeyword</method>
  <thread>1</thread>
  <message>Start action : widget = findTestObject(&amp;quot;Object Repository/btn-Widget-While&amp;quot;)</message>
  <nestedLevel>1</nestedLevel>
  <escapedJava>false</escapedJava>
  <property name="startLine">24</property>
  <property name="stepIndex">2</property>
</record>
<record>
  <date>2026-01-02T17:04:15</date>
  <millis>1767348255383</millis>
  <sequence>121</sequence>
  <level>END</level>
  <class>com.kms.katalon.core.logging.XmlKeywordLogger</class>
  <method>endKeyword</method>
  <thread>1</thread>
  <message>End action : widget = findTestObject(&amp;quot;Object Repository/btn-Widget-While&amp;quot;)</message>
  <nestedLevel>1</nestedLevel>
  <escapedJava>false</escapedJava>
</record>
<record>
  <date>2026-01-02T17:04:15</date>
  <millis>1767348255383</millis>
  <sequence>122</sequence>
  <level>START</level>
  <class>com.kms.katalon.core.logging.XmlKeywordLogger</class>
  <method>startKeyword</method>
  <thread>1</thread>
  <message>Start action : if (waitForElementPresent(widget, 5))</message>
  <nestedLevel>1</nestedLevel>
  <escapedJava>false</escapedJava>
  <property name="startLine">25</property>
  <property name="stepIndex">3</property>
</record>
<record>
  <date>2026-01-02T17:04:20</date>
  <millis>1767348260486</millis>
  <sequence>125</sequence>
  <level>WARNING</level>
  <class>com.kms.katalon.core.logging.XmlKeywordLogger</class>
  <method>logMessage</method>
  <thread>1</thread>
  <message>Object Object Repository/btn-Widget-While not found</message>
  <nestedLevel>1</nestedLevel>
  <escapedJava>false</escapedJava>
</record>
<record>
  <date>2026-01-02T17:04:20</date>
  <millis>1767348260487</millis>
  <sequence>126</sequence>
  <level>END</level>
  <class>com.kms.katalon.core.logging.XmlKeywordLogger</class>
  <method>endKeyword</method>
  <thread>1</thread>
  <message>End action : if (waitForElementPresent(widget, 5))</message>
  <nestedLevel>1</nestedLevel>
  <escapedJava>false</escapedJava>
</record>
<record>
  <date>2026-01-02T17:04:20</date>
  <millis>1767348260487</millis>
  <sequence>127</sequence>
  <level>START</level>
  <class>com.kms.katalon.core.logging.XmlKeywordLogger</class>
  <method>startKeyword</method>
  <thread>1</thread>
  <message>Start action : else</message>
  <nestedLevel>1</nestedLevel>
  <escapedJava>false</escapedJava>
  <property name="startLine">28</property>
  <property name="stepIndex">4</property>
</record>
<record>
  <date>2026-01-02T17:04:20</date>
  <millis>1767348260487</millis>
  <sequence>128</sequence>
  <level>START</level>
  <class>com.kms.katalon.core.logging.XmlKeywordLogger</class>
  <method>startKeyword</method>
  <thread>1</thread>
  <message>Start action : println(&amp;quot;Widget tidak muncul, lanjut step berikutnya&amp;quot;)</message>
  <nestedLevel>2</nestedLevel>
  <escapedJava>false</escapedJava>
  <property name="startLine">29</property>
  <property name="stepIndex">1</property>
</record>
<record>
  <date>2026-01-02T17:04:20</date>
  <millis>1767348260487</millis>
  <sequence>129</sequence>
  <level>END</level>
  <class>com.kms.katalon.core.logging.XmlKeywordLogger</class>
  <method>endKeyword</method>
  <thread>1</thread>
  <message>End action : println(&amp;quot;Widget tidak muncul, lanjut step berikutnya&amp;quot;)</message>
  <nestedLevel>2</nestedLevel>
  <escapedJava>false</escapedJava>
</record>
<record>
  <date>2026-01-02T17:04:20</date>
  <millis>1767348260487</millis>
  <sequence>130</sequence>
  <level>END</level>
  <class>com.kms.katalon.core.logging.XmlKeywordLogger</class>
  <method>endKeyword</method>
  <thread>1</thread>
  <message>End action : else</message>
  <nestedLevel>1</nestedLevel>
  <escapedJava>false</escapedJava>
</record>
<record>
  <date>2026-01-02T17:04:20</date>
  <millis>1767348260487</millis>
  <sequence>131</sequence>
  <level>START</level>
  <class>com.kms.katalon.core.logging.XmlKeywordLogger</class>
  <method>startKeyword</method>
  <thread>1</thread>
  <message>Start action : btnEmailOption = findTestObject(&amp;quot;Object Repository/btn-text-Email-Option&amp;quot;)</message>
  <nestedLevel>1</nestedLevel>
  <escapedJava>false</escapedJava>
  <property name="startLine">31</property>
  <property name="stepIndex">5</property>
</record>
<record>
  <date>2026-01-02T17:04:20</date>
  <millis>1767348260527</millis>
  <sequence>133</sequence>
  <level>END</level>
  <class>com.kms.katalon.core.logging.XmlKeywordLogger</class>
  <method>endKeyword</method>
  <thread>1</thread>
  <message>End action : btnEmailOption = findTestObject(&amp;quot;Object Repository/btn-text-Email-Option&amp;quot;)</message>
  <nestedLevel>1</nestedLevel>
  <escapedJava>false</escapedJava>
</record>
<record>
  <date>2026-01-02T17:04:20</date>
  <millis>1767348260527</millis>
  <sequence>134</sequence>
  <level>START</level>
  <class>com.kms.katalon.core.logging.XmlKeywordLogger</class>
  <method>startKeyword</method>
  <thread>1</thread>
  <message>Start action : inputEmail = findTestObject(&amp;quot;Object Repository/edt-Input-Email&amp;quot;)</message>
  <nestedLevel>1</nestedLevel>
  <escapedJava>false</escapedJava>
  <property name="startLine">32</property>
  <property name="stepIndex">6</property>
</record>
<record>
  <date>2026-01-02T17:04:20</date>
  <millis>1767348260565</millis>
  <sequence>136</sequence>
  <level>END</level>
  <class>com.kms.katalon.core.logging.XmlKeywordLogger</class>
  <method>endKeyword</method>
  <thread>1</thread>
  <message>End action : inputEmail = findTestObject(&amp;quot;Object Repository/edt-Input-Email&amp;quot;)</message>
  <nestedLevel>1</nestedLevel>
  <escapedJava>false</escapedJava>
</record>
<record>
  <date>2026-01-02T17:04:20</date>
  <millis>1767348260565</millis>
  <sequence>137</sequence>
  <level>START</level>
  <class>com.kms.katalon.core.logging.XmlKeywordLogger</class>
  <method>startKeyword</method>
  <thread>1</thread>
  <message>Start action : chkAgreement = findTestObject(&amp;quot;Object Repository/btn-CheckBox&amp;quot;)</message>
  <nestedLevel>1</nestedLevel>
  <escapedJava>false</escapedJava>
  <property name="startLine">33</property>
  <property name="stepIndex">7</property>
</record>
<record>
  <date>2026-01-02T17:04:20</date>
  <millis>1767348260604</millis>
  <sequence>139</sequence>
  <level>END</level>
  <class>com.kms.katalon.core.logging.XmlKeywordLogger</class>
  <method>endKeyword</method>
  <thread>1</thread>
  <message>End action : chkAgreement = findTestObject(&amp;quot;Object Repository/btn-CheckBox&amp;quot;)</message>
  <nestedLevel>1</nestedLevel>
  <escapedJava>false</escapedJava>
</record>
<record>
  <date>2026-01-02T17:04:20</date>
  <millis>1767348260604</millis>
  <sequence>140</sequence>
  <level>START</level>
  <class>com.kms.katalon.core.logging.XmlKeywordLogger</class>
  <method>startKeyword</method>
  <thread>1</thread>
  <message>Start action : btnMasuk = findTestObject(&amp;quot;Object Repository/btn-Masuk&amp;quot;)</message>
  <nestedLevel>1</nestedLevel>
  <escapedJava>false</escapedJava>
  <property name="startLine">34</property>
  <property name="stepIndex">8</property>
</record>
<record>
  <date>2026-01-02T17:04:20</date>
  <millis>1767348260642</millis>
  <sequence>142</sequence>
  <level>END</level>
  <class>com.kms.katalon.core.logging.XmlKeywordLogger</class>
  <method>endKeyword</method>
  <thread>1</thread>
  <message>End action : btnMasuk = findTestObject(&amp;quot;Object Repository/btn-Masuk&amp;quot;)</message>
  <nestedLevel>1</nestedLevel>
  <escapedJava>false</escapedJava>
</record>
<record>
  <date>2026-01-02T17:04:20</date>
  <millis>1767348260643</millis>
  <sequence>143</sequence>
  <level>START</level>
  <class>com.kms.katalon.core.logging.XmlKeywordLogger</class>
  <method>startKeyword</method>
  <thread>1</thread>
  <message>Start action : waitForElementPresent(btnEmailOption, 10)</message>
  <nestedLevel>1</nestedLevel>
  <escapedJava>false</escapedJava>
  <property name="startLine">35</property>
  <property name="stepIndex">9</property>
</record>
<record>
  <date>2026-01-02T17:04:20</date>
  <millis>1767348260931</millis>
  <sequence>146</sequence>
  <level>PASSED</level>
  <class>com.kms.katalon.core.logging.XmlKeywordLogger</class>
  <method>logMessage</method>
  <thread>1</thread>
  <message>Element &amp;apos;Object Repository/btn-text-Email-Option&amp;apos; is present</message>
  <nestedLevel>1</nestedLevel>
  <escapedJava>false</escapedJava>
  <property name="testops-method-name">com.kms.katalon.core.mobile.keyword.builtin.WaitForElementPresentKeyword.waitForElementPresent</property>
  <property name="testops-execution-stacktrace"></property>
</record>
<record>
  <date>2026-01-02T17:04:20</date>
  <millis>1767348260932</millis>
  <sequence>147</sequence>
  <level>END</level>
  <class>com.kms.katalon.core.logging.XmlKeywordLogger</class>
  <method>endKeyword</method>
  <thread>1</thread>
  <message>End action : waitForElementPresent(btnEmailOption, 10)</message>
  <nestedLevel>1</nestedLevel>
  <escapedJava>false</escapedJava>
</record>
<record>
  <date>2026-01-02T17:04:20</date>
  <millis>1767348260932</millis>
  <sequence>148</sequence>
  <level>START</level>
  <class>com.kms.katalon.core.logging.XmlKeywordLogger</class>
  <method>startKeyword</method>
  <thread>1</thread>
  <message>Start action : tap(btnEmailOption, 10)</message>
  <nestedLevel>1</nestedLevel>
  <escapedJava>false</escapedJava>
  <property name="startLine">36</property>
  <property name="stepIndex">10</property>
</record>
<record>
  <date>2026-01-02T17:04:21</date>
  <millis>1767348261296</millis>
  <sequence>151</sequence>
  <level>PASSED</level>
  <class>com.kms.katalon.core.logging.XmlKeywordLogger</class>
  <method>logMessage</method>
  <thread>1</thread>
  <message>Tapped on element &amp;apos;Object Repository/btn-text-Email-Option&amp;apos;</message>
  <nestedLevel>1</nestedLevel>
  <escapedJava>false</escapedJava>
  <property name="testops-method-name">com.kms.katalon.core.mobile.keyword.builtin.TapKeyword.tap</property>
  <property name="testops-execution-stacktrace"></property>
</record>
<record>
  <date>2026-01-02T17:04:21</date>
  <millis>1767348261296</millis>
  <sequence>152</sequence>
  <level>END</level>
  <class>com.kms.katalon.core.logging.XmlKeywordLogger</class>
  <method>endKeyword</method>
  <thread>1</thread>
  <message>End action : tap(btnEmailOption, 10)</message>
  <nestedLevel>1</nestedLevel>
  <escapedJava>false</escapedJava>
</record>
<record>
  <date>2026-01-02T17:04:21</date>
  <millis>1767348261296</millis>
  <sequence>153</sequence>
  <level>START</level>
  <class>com.kms.katalon.core.logging.XmlKeywordLogger</class>
  <method>startKeyword</method>
  <thread>1</thread>
  <message>Start action : waitForElementPresent(inputEmail, 10)</message>
  <nestedLevel>1</nestedLevel>
  <escapedJava>false</escapedJava>
  <property name="startLine">37</property>
  <property name="stepIndex">11</property>
</record>
<record>
  <date>2026-01-02T17:04:22</date>
  <millis>1767348262075</millis>
  <sequence>156</sequence>
  <level>PASSED</level>
  <class>com.kms.katalon.core.logging.XmlKeywordLogger</class>
  <method>logMessage</method>
  <thread>1</thread>
  <message>Element &amp;apos;Object Repository/edt-Input-Email&amp;apos; is present</message>
  <nestedLevel>1</nestedLevel>
  <escapedJava>false</escapedJava>
  <property name="testops-method-name">com.kms.katalon.core.mobile.keyword.builtin.WaitForElementPresentKeyword.waitForElementPresent</property>
  <property name="testops-execution-stacktrace"></property>
</record>
<record>
  <date>2026-01-02T17:04:22</date>
  <millis>1767348262076</millis>
  <sequence>157</sequence>
  <level>END</level>
  <class>com.kms.katalon.core.logging.XmlKeywordLogger</class>
  <method>endKeyword</method>
  <thread>1</thread>
  <message>End action : waitForElementPresent(inputEmail, 10)</message>
  <nestedLevel>1</nestedLevel>
  <escapedJava>false</escapedJava>
</record>
<record>
  <date>2026-01-02T17:04:22</date>
  <millis>1767348262076</millis>
  <sequence>158</sequence>
  <level>START</level>
  <class>com.kms.katalon.core.logging.XmlKeywordLogger</class>
  <method>startKeyword</method>
  <thread>1</thread>
  <message>Start action : tap(inputEmail, 10)</message>
  <nestedLevel>1</nestedLevel>
  <escapedJava>false</escapedJava>
  <property name="startLine">38</property>
  <property name="stepIndex">12</property>
</record>
<record>
  <date>2026-01-02T17:04:22</date>
  <millis>1767348262396</millis>
  <sequence>161</sequence>
  <level>PASSED</level>
  <class>com.kms.katalon.core.logging.XmlKeywordLogger</class>
  <method>logMessage</method>
  <thread>1</thread>
  <message>Tapped on element &amp;apos;Object Repository/edt-Input-Email&amp;apos;</message>
  <nestedLevel>1</nestedLevel>
  <escapedJava>false</escapedJava>
  <property name="testops-method-name">com.kms.katalon.core.mobile.keyword.builtin.TapKeyword.tap</property>
  <property name="testops-execution-stacktrace"></property>
</record>
<record>
  <date>2026-01-02T17:04:22</date>
  <millis>1767348262396</millis>
  <sequence>162</sequence>
  <level>END</level>
  <class>com.kms.katalon.core.logging.XmlKeywordLogger</class>
  <method>endKeyword</method>
  <thread>1</thread>
  <message>End action : tap(inputEmail, 10)</message>
  <nestedLevel>1</nestedLevel>
  <escapedJava>false</escapedJava>
</record>
<record>
  <date>2026-01-02T17:04:22</date>
  <millis>1767348262396</millis>
  <sequence>163</sequence>
  <level>START</level>
  <class>com.kms.katalon.core.logging.XmlKeywordLogger</class>
  <method>startKeyword</method>
  <thread>1</thread>
  <message>Start action : setText(inputEmail, email, 10)</message>
  <nestedLevel>1</nestedLevel>
  <escapedJava>false</escapedJava>
  <property name="startLine">39</property>
  <property name="stepIndex">13</property>
</record>
<record>
  <date>2026-01-02T17:04:24</date>
  <millis>1767348264511</millis>
  <sequence>166</sequence>
  <level>PASSED</level>
  <class>com.kms.katalon.core.logging.XmlKeywordLogger</class>
  <method>logMessage</method>
  <thread>1</thread>
  <message>Text &amp;apos;test@gmail.com&amp;apos; has been set to element &amp;apos;Object Repository/edt-Input-Email&amp;apos;</message>
  <nestedLevel>1</nestedLevel>
  <escapedJava>false</escapedJava>
  <property name="testops-method-name">com.kms.katalon.core.mobile.keyword.builtin.SetTextKeyword.setText</property>
  <property name="testops-execution-stacktrace"></property>
</record>
<record>
  <date>2026-01-02T17:04:24</date>
  <millis>1767348264512</millis>
  <sequence>167</sequence>
  <level>END</level>
  <class>com.kms.katalon.core.logging.XmlKeywordLogger</class>
  <method>endKeyword</method>
  <thread>1</thread>
  <message>End action : setText(inputEmail, email, 10)</message>
  <nestedLevel>1</nestedLevel>
  <escapedJava>false</escapedJava>
</record>
<record>
  <date>2026-01-02T17:04:24</date>
  <millis>1767348264512</millis>
  <sequence>168</sequence>
  <level>START</level>
  <class>com.kms.katalon.core.logging.XmlKeywordLogger</class>
  <method>startKeyword</method>
  <thread>1</thread>
  <message>Start action : tap(chkAgreement, 10)</message>
  <nestedLevel>1</nestedLevel>
  <escapedJava>false</escapedJava>
  <property name="startLine">40</property>
  <property name="stepIndex">14</property>
</record>
<record>
  <date>2026-01-02T17:04:25</date>
  <millis>1767348265358</millis>
  <sequence>171</sequence>
  <level>PASSED</level>
  <class>com.kms.katalon.core.logging.XmlKeywordLogger</class>
  <method>logMessage</method>
  <thread>1</thread>
  <message>Tapped on element &amp;apos;Object Repository/btn-CheckBox&amp;apos;</message>
  <nestedLevel>1</nestedLevel>
  <escapedJava>false</escapedJava>
  <property name="testops-method-name">com.kms.katalon.core.mobile.keyword.builtin.TapKeyword.tap</property>
  <property name="testops-execution-stacktrace"></property>
</record>
<record>
  <date>2026-01-02T17:04:25</date>
  <millis>1767348265358</millis>
  <sequence>172</sequence>
  <level>END</level>
  <class>com.kms.katalon.core.logging.XmlKeywordLogger</class>
  <method>endKeyword</method>
  <thread>1</thread>
  <message>End action : tap(chkAgreement, 10)</message>
  <nestedLevel>1</nestedLevel>
  <escapedJava>false</escapedJava>
</record>
<record>
  <date>2026-01-02T17:04:25</date>
  <millis>1767348265358</millis>
  <sequence>173</sequence>
  <level>START</level>
  <class>com.kms.katalon.core.logging.XmlKeywordLogger</class>
  <method>startKeyword</method>
  <thread>1</thread>
  <message>Start action : waitForElementAttributeValue(btnMasuk, &amp;quot;enabled&amp;quot;, &amp;quot;true&amp;quot;, 10)</message>
  <nestedLevel>1</nestedLevel>
  <escapedJava>false</escapedJava>
  <property name="startLine">41</property>
  <property name="stepIndex">15</property>
</record>
<record>
  <date>2026-01-02T17:04:26</date>
  <millis>1767348266187</millis>
  <sequence>177</sequence>
  <level>PASSED</level>
  <class>com.kms.katalon.core.logging.XmlKeywordLogger</class>
  <method>logMessage</method>
  <thread>1</thread>
  <message>Object &amp;apos;Object Repository/btn-Masuk&amp;apos; has attribute &amp;apos;enabled&amp;apos; with value &amp;apos;true&amp;apos;</message>
  <nestedLevel>1</nestedLevel>
  <escapedJava>false</escapedJava>
  <property name="testops-method-name">com.kms.katalon.core.mobile.keyword.builtin.WaitForElementAttributeValueKeyword.waitForElementAttributeValue</property>
  <property name="testops-execution-stacktrace"></property>
</record>
<record>
  <date>2026-01-02T17:04:26</date>
  <millis>1767348266187</millis>
  <sequence>178</sequence>
  <level>END</level>
  <class>com.kms.katalon.core.logging.XmlKeywordLogger</class>
  <method>endKeyword</method>
  <thread>1</thread>
  <message>End action : waitForElementAttributeValue(btnMasuk, &amp;quot;enabled&amp;quot;, &amp;quot;true&amp;quot;, 10)</message>
  <nestedLevel>1</nestedLevel>
  <escapedJava>false</escapedJava>
</record>
<record>
  <date>2026-01-02T17:04:26</date>
  <millis>1767348266187</millis>
  <sequence>179</sequence>
  <level>START</level>
  <class>com.kms.katalon.core.logging.XmlKeywordLogger</class>
  <method>startKeyword</method>
  <thread>1</thread>
  <message>Start action : verifyElementAttributeValue(btnMasuk, &amp;quot;enabled&amp;quot;, &amp;quot;true&amp;quot;, 10)</message>
  <nestedLevel>1</nestedLevel>
  <escapedJava>false</escapedJava>
  <property name="startLine">47</property>
  <property name="stepIndex">16</property>
</record>
<record>
  <date>2026-01-02T17:04:26</date>
  <millis>1767348266347</millis>
  <sequence>183</sequence>
  <level>PASSED</level>
  <class>com.kms.katalon.core.logging.XmlKeywordLogger</class>
  <method>logMessage</method>
  <thread>1</thread>
  <message>Object &amp;apos;Object Repository/btn-Masuk&amp;apos; has attribute &amp;apos;enabled&amp;apos; with value &amp;apos;true&amp;apos;</message>
  <nestedLevel>1</nestedLevel>
  <escapedJava>false</escapedJava>
  <property name="testops-is-assertion">true</property>
  <property name="testops-method-name">com.kms.katalon.core.mobile.keyword.builtin.VerifyElementAttributeValueKeyword.verifyElementAttributeValue</property>
  <property name="testops-execution-stacktrace"></property>
</record>
<record>
  <date>2026-01-02T17:04:26</date>
  <millis>1767348266348</millis>
  <sequence>184</sequence>
  <level>END</level>
  <class>com.kms.katalon.core.logging.XmlKeywordLogger</class>
  <method>endKeyword</method>
  <thread>1</thread>
  <message>End action : verifyElementAttributeValue(btnMasuk, &amp;quot;enabled&amp;quot;, &amp;quot;true&amp;quot;, 10)</message>
  <nestedLevel>1</nestedLevel>
  <escapedJava>false</escapedJava>
</record>
<record>
  <date>2026-01-02T17:04:26</date>
  <millis>1767348266349</millis>
  <sequence>185</sequence>
  <level>START</level>
  <class>com.kms.katalon.core.logging.XmlKeywordLogger</class>
  <method>startKeyword</method>
  <thread>1</thread>
  <message>Start action : tap(btnMasuk, 10)</message>
  <nestedLevel>1</nestedLevel>
  <escapedJava>false</escapedJava>
  <property name="startLine">53</property>
  <property name="stepIndex">17</property>
</record>
<record>
  <date>2026-01-02T17:04:26</date>
  <millis>1767348266608</millis>
  <sequence>188</sequence>
  <level>PASSED</level>
  <class>com.kms.katalon.core.logging.XmlKeywordLogger</class>
  <method>logMessage</method>
  <thread>1</thread>
  <message>Tapped on element &amp;apos;Object Repository/btn-Masuk&amp;apos;</message>
  <nestedLevel>1</nestedLevel>
  <escapedJava>false</escapedJava>
  <property name="testops-method-name">com.kms.katalon.core.mobile.keyword.builtin.TapKeyword.tap</property>
  <property name="testops-execution-stacktrace"></property>
</record>
<record>
  <date>2026-01-02T17:04:26</date>
  <millis>1767348266608</millis>
  <sequence>189</sequence>
  <level>END</level>
  <class>com.kms.katalon.core.logging.XmlKeywordLogger</class>
  <method>endKeyword</method>
  <thread>1</thread>
  <message>End action : tap(btnMasuk, 10)</message>
  <nestedLevel>1</nestedLevel>
  <escapedJava>false</escapedJava>
</record>
<record>
  <date>2026-01-02T17:04:26</date>
  <millis>1767348266608</millis>
  <sequence>190</sequence>
  <level>START</level>
  <class>com.kms.katalon.core.logging.XmlKeywordLogger</class>
  <method>startKeyword</method>
  <thread>1</thread>
  <message>Start action : closeApplication()</message>
  <nestedLevel>1</nestedLevel>
  <escapedJava>false</escapedJava>
  <property name="startLine">54</property>
  <property name="stepIndex">18</property>
</record>
<record>
  <date>2026-01-02T17:04:26</date>
  <millis>1767348266995</millis>
  <sequence>191</sequence>
  <level>PASSED</level>
  <class>com.kms.katalon.core.logging.XmlKeywordLogger</class>
  <method>logMessage</method>
  <thread>1</thread>
  <message>Close app successfully</message>
  <nestedLevel>1</nestedLevel>
  <escapedJava>false</escapedJava>
  <property name="testops-method-name">com.kms.katalon.core.mobile.keyword.builtin.CloseApplicationKeyword.closeApplication</property>
  <property name="testops-execution-stacktrace"></property>
</record>
<record>
  <date>2026-01-02T17:04:26</date>
  <millis>1767348266996</millis>
  <sequence>192</sequence>
  <level>END</level>
  <class>com.kms.katalon.core.logging.XmlKeywordLogger</class>
  <method>endKeyword</method>
  <thread>1</thread>
  <message>End action : closeApplication()</message>
  <nestedLevel>1</nestedLevel>
  <escapedJava>false</escapedJava>
</record>
<record>
  <date>2026-01-02T17:04:26</date>
  <millis>1767348266996</millis>
  <sequence>193</sequence>
  <level>PASSED</level>
  <class>com.kms.katalon.core.logging.XmlKeywordLogger</class>
  <method>logMessage</method>
  <thread>1</thread>
  <message>Test Cases/Login by Email</message>
  <nestedLevel>1</nestedLevel>
  <escapedJava>false</escapedJava>
</record>
<record>
  <date>2026-01-02T17:04:26</date>
  <millis>1767348266996</millis>
  <sequence>194</sequence>
  <level>END</level>
  <class>com.kms.katalon.core.logging.XmlKeywordLogger</class>
  <method>endTest</method>
  <thread>1</thread>
  <message>End Test Case : Test Cases/Login by Email</message>
  <nestedLevel>0</nestedLevel>
  <escapedJava>false</escapedJava>
  <property name="executionBindingVariables">[
  {
    &quot;displayReportName&quot;: &quot;email&quot;,
    &quot;value&quot;: &quot;test@gmail.com&quot;,
    &quot;name&quot;: &quot;email&quot;,
    &quot;masked&quot;: false
  }
]</property>
  <property name="applitools">false</property>
  <property name="keywordsUsage">{
  &quot;web_ui&quot;: false,
  &quot;web_service&quot;: false,
  &quot;cucumber&quot;: false,
  &quot;builtin&quot;: false,
  &quot;mobile&quot;: true,
  &quot;windows&quot;: false,
  &quot;testng&quot;: false
}</property>
</record>
<record>
  <date>2026-01-02T17:04:27</date>
  <millis>1767348267003</millis>
  <sequence>195</sequence>
  <level>START</level>
  <class>com.kms.katalon.core.logging.XmlKeywordLogger</class>
  <method>startTest</method>
  <thread>1</thread>
  <message>Start Test Case : Test Cases/Login by Email</message>
  <nestedLevel>1</nestedLevel>
  <escapedJava>false</escapedJava>
  <property name="name">Test Cases/Login by Email</property>
  <property name="description"></property>
  <property name="iteration"></property>
  <property name="id">Test Cases/Login by Email</property>
  <property name="source">C:\Users\ichsa\Katalon Studio\Labamu\Test Cases\Login by Email.tc</property>
  <property name="tag"></property>
  <property name="isOptional">false</property>
</record>
<record>
  <date>2026-01-02T17:04:27</date>
  <millis>1767348267015</millis>
  <sequence>197</sequence>
  <level>INFO</level>
  <class>com.kms.katalon.core.logging.XmlKeywordLogger</class>
  <method>logMessage</method>
  <thread>1</thread>
  <message>email = abc@com</message>
  <nestedLevel>1</nestedLevel>
  <escapedJava>false</escapedJava>
</record>
<record>
  <date>2026-01-02T17:04:27</date>
  <millis>1767348267015</millis>
  <sequence>198</sequence>
  <level>START</level>
  <class>com.kms.katalon.core.logging.XmlKeywordLogger</class>
  <method>startKeyword</method>
  <thread>1</thread>
  <message>Start action : startExistingApplication(&amp;quot;id.co.labamu.app&amp;quot;)</message>
  <nestedLevel>1</nestedLevel>
  <escapedJava>false</escapedJava>
  <property name="startLine">23</property>
  <property name="stepIndex">1</property>
</record>
<record>
  <date>2026-01-02T17:04:27</date>
  <millis>1767348267110</millis>
  <sequence>200</sequence>
  <level>INFO</level>
  <class>com.kms.katalon.core.logging.XmlKeywordLogger</class>
  <method>logMessage</method>
  <thread>1</thread>
  <message>Detected NodeJS location: &amp;quot;C:\Program Files\nodejs\node.exe&amp;quot;</message>
  <nestedLevel>1</nestedLevel>
  <escapedJava>false</escapedJava>
</record>
<record>
  <date>2026-01-02T17:04:28</date>
  <millis>1767348268191</millis>
  <sequence>201</sequence>
  <level>INFO</level>
  <class>com.kms.katalon.core.logging.XmlKeywordLogger</class>
  <method>logMessage</method>
  <thread>1</thread>
  <message>Appium server started on port 53,654</message>
  <nestedLevel>1</nestedLevel>
  <escapedJava>false</escapedJava>
</record>
<record>
  <date>2026-01-02T17:04:37</date>
  <millis>1767348277877</millis>
  <sequence>203</sequence>
  <level>RUN_DATA</level>
  <class>com.kms.katalon.core.logging.XmlKeywordLogger</class>
  <method>logMessage</method>
  <thread>1</thread>
  <message>appiumVersion = 1.22.3</message>
  <nestedLevel>1</nestedLevel>
  <escapedJava>false</escapedJava>
  <property name="appiumVersion">1.22.3</property>
</record>
<record>
  <date>2026-01-02T17:04:37</date>
  <millis>1767348277878</millis>
  <sequence>204</sequence>
  <level>RUN_DATA</level>
  <class>com.kms.katalon.core.logging.XmlKeywordLogger</class>
  <method>logMessage</method>
  <thread>1</thread>
  <message>appiumServerStatus = {&amp;quot;value&amp;quot;:{&amp;quot;build&amp;quot;:{&amp;quot;version&amp;quot;:&amp;quot;1.22.3&amp;quot;}},&amp;quot;sessionId&amp;quot;:null,&amp;quot;status&amp;quot;:0}</message>
  <nestedLevel>1</nestedLevel>
  <escapedJava>false</escapedJava>
  <property name="appiumServerStatus">{&quot;value&quot;:{&quot;build&quot;:{&quot;version&quot;:&quot;1.22.3&quot;}},&quot;sessionId&quot;:null,&quot;status&quot;:0}</property>
</record>
<record>
  <date>2026-01-02T17:04:37</date>
  <millis>1767348277885</millis>
  <sequence>205</sequence>
  <level>RUN_DATA</level>
  <class>com.kms.katalon.core.logging.XmlKeywordLogger</class>
  <method>logMessage</method>
  <thread>1</thread>
  <message>deviceId = RR8R5017EJV</message>
  <nestedLevel>1</nestedLevel>
  <escapedJava>false</escapedJava>
  <property name="deviceId">RR8R5017EJV</property>
</record>
<record>
  <date>2026-01-02T17:04:37</date>
  <millis>1767348277885</millis>
  <sequence>206</sequence>
  <level>RUN_DATA</level>
  <class>com.kms.katalon.core.logging.XmlKeywordLogger</class>
  <method>logMessage</method>
  <thread>1</thread>
  <message>deviceName = samsung SM-A125F (Android 12)</message>
  <nestedLevel>1</nestedLevel>
  <escapedJava>false</escapedJava>
  <property name="deviceName">samsung SM-A125F (Android 12)</property>
</record>
<record>
  <date>2026-01-02T17:04:37</date>
  <millis>1767348277885</millis>
  <sequence>207</sequence>
  <level>RUN_DATA</level>
  <class>com.kms.katalon.core.logging.XmlKeywordLogger</class>
  <method>logMessage</method>
  <thread>1</thread>
  <message>deviceModel = SM-A125F</message>
  <nestedLevel>1</nestedLevel>
  <escapedJava>false</escapedJava>
  <property name="deviceModel">SM-A125F</property>
</record>
<record>
  <date>2026-01-02T17:04:37</date>
  <millis>1767348277886</millis>
  <sequence>208</sequence>
  <level>RUN_DATA</level>
  <class>com.kms.katalon.core.logging.XmlKeywordLogger</class>
  <method>logMessage</method>
  <thread>1</thread>
  <message>deviceManufacturer = samsung</message>
  <nestedLevel>1</nestedLevel>
  <escapedJava>false</escapedJava>
  <property name="deviceManufacturer">samsung</property>
</record>
<record>
  <date>2026-01-02T17:04:37</date>
  <millis>1767348277886</millis>
  <sequence>209</sequence>
  <level>RUN_DATA</level>
  <class>com.kms.katalon.core.logging.XmlKeywordLogger</class>
  <method>logMessage</method>
  <thread>1</thread>
  <message>deviceOS = Android</message>
  <nestedLevel>1</nestedLevel>
  <escapedJava>false</escapedJava>
  <property name="deviceOS">Android</property>
</record>
<record>
  <date>2026-01-02T17:04:37</date>
  <millis>1767348277886</millis>
  <sequence>210</sequence>
  <level>RUN_DATA</level>
  <class>com.kms.katalon.core.logging.XmlKeywordLogger</class>
  <method>logMessage</method>
  <thread>1</thread>
  <message>deviceOSVersion = 12</message>
  <nestedLevel>1</nestedLevel>
  <escapedJava>false</escapedJava>
  <property name="deviceOSVersion">12</property>
</record>
<record>
  <date>2026-01-02T17:04:39</date>
  <millis>1767348279856</millis>
  <sequence>212</sequence>
  <level>PASSED</level>
  <class>com.kms.katalon.core.logging.XmlKeywordLogger</class>
  <method>logMessage</method>
  <thread>1</thread>
  <message>Starting app with application ID: &amp;apos;id.co.labamu.app&amp;apos;</message>
  <nestedLevel>1</nestedLevel>
  <escapedJava>false</escapedJava>
  <property name="testops-method-name">com.kms.katalon.core.mobile.keyword.internal.MobileKeywordMain$runKeyword.call</property>
  <property name="testops-execution-stacktrace">com.kms.katalon.core.logging.KeywordLogger.logPassed(KeywordLogger.java:340)
com.kms.katalon.core.logging.KeywordLogger.logPassed(KeywordLogger.java:334)
com.kms.katalon.core.logging.KeywordLogger$logPassed$1.call(Unknown Source)
com.kms.katalon.core.mobile.keyword.builtin.StartExistingApplicationKeyword$_startApplication_closure1.doCall(StartExistingApplicationKeyword.groovy:51)
com.kms.katalon.core.mobile.keyword.builtin.StartExistingApplicationKeyword$_startApplication_closure1.doCall(StartExistingApplicationKeyword.groovy)
com.kms.katalon.core.mobile.keyword.internal.MobileKeywordMain.runKeyword(MobileKeywordMain.groovy:21)
com.kms.katalon.core.mobile.keyword.internal.MobileKeywordMain$runKeyword.call(Unknown Source)
com.kms.katalon.core.mobile.keyword.builtin.StartExistingApplicationKeyword.startApplication(StartExistingApplicationKeyword.groovy:52)
com.kms.katalon.core.mobile.keyword.builtin.StartExistingApplicationKeyword.execute(StartExistingApplicationKeyword.groovy:37)
com.kms.katalon.core.keyword.internal.KeywordExecutor.executeKeywordForPlatform(KeywordExecutor.groovy:74)
com.kms.katalon.core.mobile.keyword.MobileBuiltInKeywords.startExistingApplication(MobileBuiltInKeywords.groovy:92)
com.kms.katalon.core.mobile.keyword.MobileBuiltInKeywords$startExistingApplication.call(Unknown Source)
Login by Email.run(Login by Email:23)
</property>
</record>
<record>
  <date>2026-01-02T17:04:39</date>
  <millis>1767348279856</millis>
  <sequence>213</sequence>
  <level>END</level>
  <class>com.kms.katalon.core.logging.XmlKeywordLogger</class>
  <method>endKeyword</method>
  <thread>1</thread>
  <message>End action : startExistingApplication(&amp;quot;id.co.labamu.app&amp;quot;)</message>
  <nestedLevel>1</nestedLevel>
  <escapedJava>false</escapedJava>
</record>
<record>
  <date>2026-01-02T17:04:39</date>
  <millis>1767348279856</millis>
  <sequence>214</sequence>
  <level>START</level>
  <class>com.kms.katalon.core.logging.XmlKeywordLogger</class>
  <method>startKeyword</method>
  <thread>1</thread>
  <message>Start action : widget = findTestObject(&amp;quot;Object Repository/btn-Widget-While&amp;quot;)</message>
  <nestedLevel>1</nestedLevel>
  <escapedJava>false</escapedJava>
  <property name="startLine">24</property>
  <property name="stepIndex">2</property>
</record>
<record>
  <date>2026-01-02T17:04:39</date>
  <millis>1767348279897</millis>
  <sequence>216</sequence>
  <level>END</level>
  <class>com.kms.katalon.core.logging.XmlKeywordLogger</class>
  <method>endKeyword</method>
  <thread>1</thread>
  <message>End action : widget = findTestObject(&amp;quot;Object Repository/btn-Widget-While&amp;quot;)</message>
  <nestedLevel>1</nestedLevel>
  <escapedJava>false</escapedJava>
</record>
<record>
  <date>2026-01-02T17:04:39</date>
  <millis>1767348279898</millis>
  <sequence>217</sequence>
  <level>START</level>
  <class>com.kms.katalon.core.logging.XmlKeywordLogger</class>
  <method>startKeyword</method>
  <thread>1</thread>
  <message>Start action : if (waitForElementPresent(widget, 5))</message>
  <nestedLevel>1</nestedLevel>
  <escapedJava>false</escapedJava>
  <property name="startLine">25</property>
  <property name="stepIndex">3</property>
</record>
<record>
  <date>2026-01-02T17:04:45</date>
  <millis>1767348285002</millis>
  <sequence>220</sequence>
  <level>WARNING</level>
  <class>com.kms.katalon.core.logging.XmlKeywordLogger</class>
  <method>logMessage</method>
  <thread>1</thread>
  <message>Object Object Repository/btn-Widget-While not found</message>
  <nestedLevel>1</nestedLevel>
  <escapedJava>false</escapedJava>
</record>
<record>
  <date>2026-01-02T17:04:45</date>
  <millis>1767348285002</millis>
  <sequence>221</sequence>
  <level>END</level>
  <class>com.kms.katalon.core.logging.XmlKeywordLogger</class>
  <method>endKeyword</method>
  <thread>1</thread>
  <message>End action : if (waitForElementPresent(widget, 5))</message>
  <nestedLevel>1</nestedLevel>
  <escapedJava>false</escapedJava>
</record>
<record>
  <date>2026-01-02T17:04:45</date>
  <millis>1767348285002</millis>
  <sequence>222</sequence>
  <level>START</level>
  <class>com.kms.katalon.core.logging.XmlKeywordLogger</class>
  <method>startKeyword</method>
  <thread>1</thread>
  <message>Start action : else</message>
  <nestedLevel>1</nestedLevel>
  <escapedJava>false</escapedJava>
  <property name="startLine">28</property>
  <property name="stepIndex">4</property>
</record>
<record>
  <date>2026-01-02T17:04:45</date>
  <millis>1767348285002</millis>
  <sequence>223</sequence>
  <level>START</level>
  <class>com.kms.katalon.core.logging.XmlKeywordLogger</class>
  <method>startKeyword</method>
  <thread>1</thread>
  <message>Start action : println(&amp;quot;Widget tidak muncul, lanjut step berikutnya&amp;quot;)</message>
  <nestedLevel>2</nestedLevel>
  <escapedJava>false</escapedJava>
  <property name="startLine">29</property>
  <property name="stepIndex">1</property>
</record>
<record>
  <date>2026-01-02T17:04:45</date>
  <millis>1767348285002</millis>
  <sequence>224</sequence>
  <level>END</level>
  <class>com.kms.katalon.core.logging.XmlKeywordLogger</class>
  <method>endKeyword</method>
  <thread>1</thread>
  <message>End action : println(&amp;quot;Widget tidak muncul, lanjut step berikutnya&amp;quot;)</message>
  <nestedLevel>2</nestedLevel>
  <escapedJava>false</escapedJava>
</record>
<record>
  <date>2026-01-02T17:04:45</date>
  <millis>1767348285002</millis>
  <sequence>225</sequence>
  <level>END</level>
  <class>com.kms.katalon.core.logging.XmlKeywordLogger</class>
  <method>endKeyword</method>
  <thread>1</thread>
  <message>End action : else</message>
  <nestedLevel>1</nestedLevel>
  <escapedJava>false</escapedJava>
</record>
<record>
  <date>2026-01-02T17:04:45</date>
  <millis>1767348285002</millis>
  <sequence>226</sequence>
  <level>START</level>
  <class>com.kms.katalon.core.logging.XmlKeywordLogger</class>
  <method>startKeyword</method>
  <thread>1</thread>
  <message>Start action : btnEmailOption = findTestObject(&amp;quot;Object Repository/btn-text-Email-Option&amp;quot;)</message>
  <nestedLevel>1</nestedLevel>
  <escapedJava>false</escapedJava>
  <property name="startLine">31</property>
  <property name="stepIndex">5</property>
</record>
<record>
  <date>2026-01-02T17:04:45</date>
  <millis>1767348285047</millis>
  <sequence>228</sequence>
  <level>END</level>
  <class>com.kms.katalon.core.logging.XmlKeywordLogger</class>
  <method>endKeyword</method>
  <thread>1</thread>
  <message>End action : btnEmailOption = findTestObject(&amp;quot;Object Repository/btn-text-Email-Option&amp;quot;)</message>
  <nestedLevel>1</nestedLevel>
  <escapedJava>false</escapedJava>
</record>
<record>
  <date>2026-01-02T17:04:45</date>
  <millis>1767348285047</millis>
  <sequence>229</sequence>
  <level>START</level>
  <class>com.kms.katalon.core.logging.XmlKeywordLogger</class>
  <method>startKeyword</method>
  <thread>1</thread>
  <message>Start action : inputEmail = findTestObject(&amp;quot;Object Repository/edt-Input-Email&amp;quot;)</message>
  <nestedLevel>1</nestedLevel>
  <escapedJava>false</escapedJava>
  <property name="startLine">32</property>
  <property name="stepIndex">6</property>
</record>
<record>
  <date>2026-01-02T17:04:45</date>
  <millis>1767348285086</millis>
  <sequence>231</sequence>
  <level>END</level>
  <class>com.kms.katalon.core.logging.XmlKeywordLogger</class>
  <method>endKeyword</method>
  <thread>1</thread>
  <message>End action : inputEmail = findTestObject(&amp;quot;Object Repository/edt-Input-Email&amp;quot;)</message>
  <nestedLevel>1</nestedLevel>
  <escapedJava>false</escapedJava>
</record>
<record>
  <date>2026-01-02T17:04:45</date>
  <millis>1767348285086</millis>
  <sequence>232</sequence>
  <level>START</level>
  <class>com.kms.katalon.core.logging.XmlKeywordLogger</class>
  <method>startKeyword</method>
  <thread>1</thread>
  <message>Start action : chkAgreement = findTestObject(&amp;quot;Object Repository/btn-CheckBox&amp;quot;)</message>
  <nestedLevel>1</nestedLevel>
  <escapedJava>false</escapedJava>
  <property name="startLine">33</property>
  <property name="stepIndex">7</property>
</record>
<record>
  <date>2026-01-02T17:04:45</date>
  <millis>1767348285125</millis>
  <sequence>234</sequence>
  <level>END</level>
  <class>com.kms.katalon.core.logging.XmlKeywordLogger</class>
  <method>endKeyword</method>
  <thread>1</thread>
  <message>End action : chkAgreement = findTestObject(&amp;quot;Object Repository/btn-CheckBox&amp;quot;)</message>
  <nestedLevel>1</nestedLevel>
  <escapedJava>false</escapedJava>
</record>
<record>
  <date>2026-01-02T17:04:45</date>
  <millis>1767348285125</millis>
  <sequence>235</sequence>
  <level>START</level>
  <class>com.kms.katalon.core.logging.XmlKeywordLogger</class>
  <method>startKeyword</method>
  <thread>1</thread>
  <message>Start action : btnMasuk = findTestObject(&amp;quot;Object Repository/btn-Masuk&amp;quot;)</message>
  <nestedLevel>1</nestedLevel>
  <escapedJava>false</escapedJava>
  <property name="startLine">34</property>
  <property name="stepIndex">8</property>
</record>
<record>
  <date>2026-01-02T17:04:45</date>
  <millis>1767348285164</millis>
  <sequence>237</sequence>
  <level>END</level>
  <class>com.kms.katalon.core.logging.XmlKeywordLogger</class>
  <method>endKeyword</method>
  <thread>1</thread>
  <message>End action : btnMasuk = findTestObject(&amp;quot;Object Repository/btn-Masuk&amp;quot;)</message>
  <nestedLevel>1</nestedLevel>
  <escapedJava>false</escapedJava>
</record>
<record>
  <date>2026-01-02T17:04:45</date>
  <millis>1767348285164</millis>
  <sequence>238</sequence>
  <level>START</level>
  <class>com.kms.katalon.core.logging.XmlKeywordLogger</class>
  <method>startKeyword</method>
  <thread>1</thread>
  <message>Start action : waitForElementPresent(btnEmailOption, 10)</message>
  <nestedLevel>1</nestedLevel>
  <escapedJava>false</escapedJava>
  <property name="startLine">35</property>
  <property name="stepIndex">9</property>
</record>
<record>
  <date>2026-01-02T17:04:55</date>
  <millis>1767348295184</millis>
  <sequence>241</sequence>
  <level>WARNING</level>
  <class>com.kms.katalon.core.logging.XmlKeywordLogger</class>
  <method>logMessage</method>
  <thread>1</thread>
  <message>Object Object Repository/btn-text-Email-Option not found</message>
  <nestedLevel>1</nestedLevel>
  <escapedJava>false</escapedJava>
</record>
<record>
  <date>2026-01-02T17:04:55</date>
  <millis>1767348295184</millis>
  <sequence>242</sequence>
  <level>END</level>
  <class>com.kms.katalon.core.logging.XmlKeywordLogger</class>
  <method>endKeyword</method>
  <thread>1</thread>
  <message>End action : waitForElementPresent(btnEmailOption, 10)</message>
  <nestedLevel>1</nestedLevel>
  <escapedJava>false</escapedJava>
</record>
<record>
  <date>2026-01-02T17:04:55</date>
  <millis>1767348295184</millis>
  <sequence>243</sequence>
  <level>START</level>
  <class>com.kms.katalon.core.logging.XmlKeywordLogger</class>
  <method>startKeyword</method>
  <thread>1</thread>
  <message>Start action : tap(btnEmailOption, 10)</message>
  <nestedLevel>1</nestedLevel>
  <escapedJava>false</escapedJava>
  <property name="startLine">36</property>
  <property name="stepIndex">10</property>
</record>
<record>
  <date>2026-01-02T17:05:05</date>
  <millis>1767348305284</millis>
  <sequence>247</sequence>
  <level>FAILED</level>
  <class>com.kms.katalon.core.logging.XmlKeywordLogger</class>
  <method>logMessage</method>
  <thread>1</thread>
  <message>Object Object Repository/btn-text-Email-Option not found</message>
  <nestedLevel>1</nestedLevel>
  <escapedJava>false</escapedJava>
  <property name="testops-method-name">com.kms.katalon.core.mobile.keyword.builtin.TapKeyword.tap</property>
  <property name="testops-execution-stacktrace">com.kms.katalon.core.logging.testops.TestOpsLogHelper.handleFailedLogEntry(TestOpsLogHelper.java:112)
com.kms.katalon.core.logging.KeywordLogger.logFailed(KeywordLogger.java:287)
com.kms.katalon.core.keyword.internal.KeywordMain.stepFailed(KeywordMain.groovy:43)
com.kms.katalon.core.mobile.keyword.internal.MobileKeywordMain.stepFailed(MobileKeywordMain.groovy:40)
com.kms.katalon.core.mobile.keyword.builtin.TapKeyword$_tap_closure1.doCall(TapKeyword.groovy:79)
com.kms.katalon.core.mobile.keyword.builtin.TapKeyword$_tap_closure1.call(TapKeyword.groovy)
com.kms.katalon.core.mobile.keyword.internal.MobileKeywordMain.runKeyword(MobileKeywordMain.groovy:21)
com.kms.katalon.core.mobile.keyword.builtin.TapKeyword.tap(TapKeyword.groovy:84)
com.kms.katalon.core.mobile.keyword.builtin.TapKeyword.execute(TapKeyword.groovy:68)
com.kms.katalon.core.keyword.internal.KeywordExecutor.executeKeywordForPlatform(KeywordExecutor.groovy:74)
com.kms.katalon.core.mobile.keyword.MobileBuiltInKeywords.tap(MobileBuiltInKeywords.groovy:1490)
com.kms.katalon.core.mobile.keyword.MobileBuiltInKeywords$tap$1.call(Unknown Source)
Login by Email.run(Login by Email:36)
</property>
</record>
<record>
  <date>2026-01-02T17:05:06</date>
  <millis>1767348306102</millis>
  <sequence>251</sequence>
  <level>FAILED</level>
  <class>com.kms.katalon.core.logging.XmlKeywordLogger</class>
  <method>logMessage</method>
  <thread>1</thread>
  <message>Failed to tap on element &amp;apos;Object Repository/btn-text-Email-Option&amp;apos; (Root cause: com.kms.katalon.core.exception.StepFailedException: Object Object Repository/btn-text-Email-Option not found
	at com.kms.katalon.core.keyword.internal.KeywordMain.stepFailed(KeywordMain.groovy:51)
	at com.kms.katalon.core.mobile.keyword.internal.MobileKeywordMain.stepFailed(MobileKeywordMain.groovy:40)
	at com.kms.katalon.core.mobile.keyword.builtin.TapKeyword$_tap_closure1.doCall(TapKeyword.groovy:79)
	at com.kms.katalon.core.mobile.keyword.builtin.TapKeyword$_tap_closure1.call(TapKeyword.groovy)
	at com.kms.katalon.core.mobile.keyword.internal.MobileKeywordMain.runKeyword(MobileKeywordMain.groovy:21)
	at com.kms.katalon.core.mobile.keyword.builtin.TapKeyword.tap(TapKeyword.groovy:84)
	at com.kms.katalon.core.mobile.keyword.builtin.TapKeyword.execute(TapKeyword.groovy:68)
	at com.kms.katalon.core.keyword.internal.KeywordExecutor.executeKeywordForPlatform(KeywordExecutor.groovy:74)
	at com.kms.katalon.core.mobile.keyword.MobileBuiltInKeywords.tap(MobileBuiltInKeywords.groovy:1490)
	at com.kms.katalon.core.mobile.keyword.MobileBuiltInKeywords$tap$1.call(Unknown Source)
	at Login by Email.run(Login by Email:36)
	at com.kms.katalon.core.main.ScriptEngine.run(ScriptEngine.java:194)
	at com.kms.katalon.core.main.ScriptEngine.runScriptAsRawText(ScriptEngine.java:119)
	at com.kms.katalon.core.main.TestCaseExecutor.runScript(TestCaseExecutor.java:448)
	at com.kms.katalon.core.main.TestCaseExecutor.doExecute(TestCaseExecutor.java:439)
	at com.kms.katalon.core.main.TestCaseExecutor.processExecutionPhase(TestCaseExecutor.java:418)
	at com.kms.katalon.core.main.TestCaseExecutor.accessMainPhase(TestCaseExecutor.java:410)
	at com.kms.katalon.core.main.TestCaseExecutor.execute(TestCaseExecutor.java:285)
	at com.kms.katalon.core.common.CommonExecutor.accessTestCaseMainPhase(CommonExecutor.java:65)
	at com.kms.katalon.core.main.TestSuiteExecutor.accessTestSuiteMainPhase(TestSuiteExecutor.java:148)
	at com.kms.katalon.core.main.TestSuiteExecutor.execute(TestSuiteExecutor.java:106)
	at com.kms.katalon.core.main.TestCaseMain.startTestSuite(TestCaseMain.java:187)
	at com.kms.katalon.core.main.TestCaseMain$startTestSuite$0.call(Unknown Source)
	at TempTestSuite1767348212333.run(TempTestSuite1767348212333.groovy:35)
)</message>
  <nestedLevel>1</nestedLevel>
  <escapedJava>false</escapedJava>
  <property name="attachment">1767348305286.png</property>
  <property name="failed.exception.stacktrace">com.kms.katalon.core.exception.StepFailedException: Object Object Repository/btn-text-Email-Option not found
	at com.kms.katalon.core.keyword.internal.KeywordMain.stepFailed(KeywordMain.groovy:51)
	at com.kms.katalon.core.mobile.keyword.internal.MobileKeywordMain.stepFailed(MobileKeywordMain.groovy:40)
	at com.kms.katalon.core.mobile.keyword.builtin.TapKeyword$_tap_closure1.doCall(TapKeyword.groovy:79)
	at com.kms.katalon.core.mobile.keyword.builtin.TapKeyword$_tap_closure1.call(TapKeyword.groovy)
	at com.kms.katalon.core.mobile.keyword.internal.MobileKeywordMain.runKeyword(MobileKeywordMain.groovy:21)
	at com.kms.katalon.core.mobile.keyword.builtin.TapKeyword.tap(TapKeyword.groovy:84)
	at com.kms.katalon.core.mobile.keyword.builtin.TapKeyword.execute(TapKeyword.groovy:68)
	at com.kms.katalon.core.keyword.internal.KeywordExecutor.executeKeywordForPlatform(KeywordExecutor.groovy:74)
	at com.kms.katalon.core.mobile.keyword.MobileBuiltInKeywords.tap(MobileBuiltInKeywords.groovy:1490)
	at com.kms.katalon.core.mobile.keyword.MobileBuiltInKeywords$tap$1.call(Unknown Source)
	at Login by Email.run(Login by Email:36)
	at com.kms.katalon.core.main.ScriptEngine.run(ScriptEngine.java:194)
	at com.kms.katalon.core.main.ScriptEngine.runScriptAsRawText(ScriptEngine.java:119)
	at com.kms.katalon.core.main.TestCaseExecutor.runScript(TestCaseExecutor.java:448)
	at com.kms.katalon.core.main.TestCaseExecutor.doExecute(TestCaseExecutor.java:439)
	at com.kms.katalon.core.main.TestCaseExecutor.processExecutionPhase(TestCaseExecutor.java:418)
	at com.kms.katalon.core.main.TestCaseExecutor.accessMainPhase(TestCaseExecutor.java:410)
	at com.kms.katalon.core.main.TestCaseExecutor.execute(TestCaseExecutor.java:285)
	at com.kms.katalon.core.common.CommonExecutor.accessTestCaseMainPhase(CommonExecutor.java:65)
	at com.kms.katalon.core.main.TestSuiteExecutor.accessTestSuiteMainPhase(TestSuiteExecutor.java:148)
	at com.kms.katalon.core.main.TestSuiteExecutor.execute(TestSuiteExecutor.java:106)
	at com.kms.katalon.core.main.TestCaseMain.startTestSuite(TestCaseMain.java:187)
	at com.kms.katalon.core.main.TestCaseMain$startTestSuite$0.call(Unknown Source)
	at TempTestSuite1767348212333.run(TempTestSuite1767348212333.groovy:35)
</property>
  <property name="failed.exception.class">com.kms.katalon.core.exception.StepFailedException</property>
  <property name="testops-method-name">com.kms.katalon.core.mobile.keyword.builtin.TapKeyword.tap</property>
  <property name="testops-execution-stacktrace">com.kms.katalon.core.logging.testops.TestOpsLogHelper.handleFailedLogEntry(TestOpsLogHelper.java:112)
com.kms.katalon.core.logging.KeywordLogger.logFailed(KeywordLogger.java:287)
com.kms.katalon.core.keyword.internal.KeywordMain.stepFailed(KeywordMain.groovy:43)
com.kms.katalon.core.mobile.keyword.internal.MobileKeywordMain.stepFailed(MobileKeywordMain.groovy:40)
com.kms.katalon.core.mobile.keyword.internal.MobileKeywordMain.runKeyword(MobileKeywordMain.groovy:23)
com.kms.katalon.core.mobile.keyword.builtin.TapKeyword.tap(TapKeyword.groovy:84)
com.kms.katalon.core.mobile.keyword.builtin.TapKeyword.execute(TapKeyword.groovy:68)
com.kms.katalon.core.keyword.internal.KeywordExecutor.executeKeywordForPlatform(KeywordExecutor.groovy:74)
com.kms.katalon.core.mobile.keyword.MobileBuiltInKeywords.tap(MobileBuiltInKeywords.groovy:1490)
com.kms.katalon.core.mobile.keyword.MobileBuiltInKeywords$tap$1.call(Unknown Source)
Login by Email.run(Login by Email:36)
</property>
  <property name="failed.exception.message">Object Object Repository/btn-text-Email-Option not found</property>
</record>
<record>
  <date>2026-01-02T17:05:06</date>
  <millis>1767348306103</millis>
  <sequence>253</sequence>
  <level>END</level>
  <class>com.kms.katalon.core.logging.XmlKeywordLogger</class>
  <method>endKeyword</method>
  <thread>1</thread>
  <message>End action : tap(btnEmailOption, 10)</message>
  <nestedLevel>1</nestedLevel>
  <escapedJava>false</escapedJava>
</record>
<record>
  <date>2026-01-02T17:05:06</date>
  <millis>1767348306103</millis>
  <sequence>255</sequence>
  <level>FAILED</level>
  <class>com.kms.katalon.core.logging.XmlKeywordLogger</class>
  <method>logMessage</method>
  <thread>1</thread>
  <message>Test Cases/Login by Email FAILED.
Reason:
com.kms.katalon.core.exception.StepFailedException: Object Object Repository/btn-text-Email-Option not found
	at com.kms.katalon.core.keyword.internal.KeywordMain.stepFailed(KeywordMain.groovy:51)
	at com.kms.katalon.core.mobile.keyword.internal.MobileKeywordMain.stepFailed(MobileKeywordMain.groovy:40)
	at com.kms.katalon.core.mobile.keyword.builtin.TapKeyword$_tap_closure1.doCall(TapKeyword.groovy:79)
	at com.kms.katalon.core.mobile.keyword.builtin.TapKeyword$_tap_closure1.call(TapKeyword.groovy)
	at com.kms.katalon.core.mobile.keyword.internal.MobileKeywordMain.runKeyword(MobileKeywordMain.groovy:21)
	at com.kms.katalon.core.mobile.keyword.builtin.TapKeyword.tap(TapKeyword.groovy:84)
	at com.kms.katalon.core.mobile.keyword.builtin.TapKeyword.execute(TapKeyword.groovy:68)
	at com.kms.katalon.core.keyword.internal.KeywordExecutor.executeKeywordForPlatform(KeywordExecutor.groovy:74)
	at com.kms.katalon.core.mobile.keyword.MobileBuiltInKeywords.tap(MobileBuiltInKeywords.groovy:1490)
	at com.kms.katalon.core.mobile.keyword.MobileBuiltInKeywords$tap$1.call(Unknown Source)
	at Login by Email.run(Login by Email:36)
	at com.kms.katalon.core.main.ScriptEngine.run(ScriptEngine.java:194)
	at com.kms.katalon.core.main.ScriptEngine.runScriptAsRawText(ScriptEngine.java:119)
	at com.kms.katalon.core.main.TestCaseExecutor.runScript(TestCaseExecutor.java:448)
	at com.kms.katalon.core.main.TestCaseExecutor.doExecute(TestCaseExecutor.java:439)
	at com.kms.katalon.core.main.TestCaseExecutor.processExecutionPhase(TestCaseExecutor.java:418)
	at com.kms.katalon.core.main.TestCaseExecutor.accessMainPhase(TestCaseExecutor.java:410)
	at com.kms.katalon.core.main.TestCaseExecutor.execute(TestCaseExecutor.java:285)
	at com.kms.katalon.core.common.CommonExecutor.accessTestCaseMainPhase(CommonExecutor.java:65)
	at com.kms.katalon.core.main.TestSuiteExecutor.accessTestSuiteMainPhase(TestSuiteExecutor.java:148)
	at com.kms.katalon.core.main.TestSuiteExecutor.execute(TestSuiteExecutor.java:106)
	at com.kms.katalon.core.main.TestCaseMain.startTestSuite(TestCaseMain.java:187)
	at com.kms.katalon.core.main.TestCaseMain$startTestSuite$0.call(Unknown Source)
	at TempTestSuite1767348212333.run(TempTestSuite1767348212333.groovy:35)
</message>
  <exception>
    <message>com.kms.katalon.core.exception.StepFailedException: Object Object Repository/btn-text-Email-Option not found</message>
    <frame>
      <class>com.kms.katalon.core.keyword.internal.KeywordMain</class>
      <method>stepFailed</method>
      <line>51</line>
    </frame>
    <frame>
      <class>com.kms.katalon.core.mobile.keyword.internal.MobileKeywordMain</class>
      <method>stepFailed</method>
      <line>40</line>
    </frame>
    <frame>
      <class>com.kms.katalon.core.mobile.keyword.builtin.TapKeyword$_tap_closure1</class>
      <method>doCall</method>
      <line>79</line>
    </frame>
    <frame>
      <class>com.kms.katalon.core.mobile.keyword.builtin.TapKeyword$_tap_closure1</class>
      <method>call</method>
    </frame>
    <frame>
      <class>com.kms.katalon.core.mobile.keyword.internal.MobileKeywordMain</class>
      <method>runKeyword</method>
      <line>21</line>
    </frame>
    <frame>
      <class>com.kms.katalon.core.mobile.keyword.builtin.TapKeyword</class>
      <method>tap</method>
      <line>84</line>
    </frame>
    <frame>
      <class>com.kms.katalon.core.mobile.keyword.builtin.TapKeyword</class>
      <method>execute</method>
      <line>68</line>
    </frame>
    <frame>
      <class>com.kms.katalon.core.keyword.internal.KeywordExecutor</class>
      <method>executeKeywordForPlatform</method>
      <line>74</line>
    </frame>
    <frame>
      <class>com.kms.katalon.core.mobile.keyword.MobileBuiltInKeywords</class>
      <method>tap</method>
      <line>1490</line>
    </frame>
    <frame>
      <class>com.kms.katalon.core.mobile.keyword.MobileBuiltInKeywords$tap$1</class>
      <method>call</method>
    </frame>
    <frame>
      <class>Login by Email</class>
      <method>run</method>
      <line>36</line>
    </frame>
    <frame>
      <class>com.kms.katalon.core.main.ScriptEngine</class>
      <method>run</method>
      <line>194</line>
    </frame>
    <frame>
      <class>com.kms.katalon.core.main.ScriptEngine</class>
      <method>runScriptAsRawText</method>
      <line>119</line>
    </frame>
    <frame>
      <class>com.kms.katalon.core.main.TestCaseExecutor</class>
      <method>runScript</method>
      <line>448</line>
    </frame>
    <frame>
      <class>com.kms.katalon.core.main.TestCaseExecutor</class>
      <method>doExecute</method>
      <line>439</line>
    </frame>
    <frame>
      <class>com.kms.katalon.core.main.TestCaseExecutor</class>
      <method>processExecutionPhase</method>
      <line>418</line>
    </frame>
    <frame>
      <class>com.kms.katalon.core.main.TestCaseExecutor</class>
      <method>accessMainPhase</method>
      <line>410</line>
    </frame>
    <frame>
      <class>com.kms.katalon.core.main.TestCaseExecutor</class>
      <method>execute</method>
      <line>285</line>
    </frame>
    <frame>
      <class>com.kms.katalon.core.common.CommonExecutor</class>
      <method>accessTestCaseMainPhase</method>
      <line>65</line>
    </frame>
    <frame>
      <class>com.kms.katalon.core.main.TestSuiteExecutor</class>
      <method>accessTestSuiteMainPhase</method>
      <line>148</line>
    </frame>
    <frame>
      <class>com.kms.katalon.core.main.TestSuiteExecutor</class>
      <method>execute</method>
      <line>106</line>
    </frame>
    <frame>
      <class>com.kms.katalon.core.main.TestCaseMain</class>
      <method>startTestSuite</method>
      <line>187</line>
    </frame>
    <frame>
      <class>com.kms.katalon.core.main.TestCaseMain$startTestSuite$0</class>
      <method>call</method>
    </frame>
    <frame>
      <class>TempTestSuite1767348212333</class>
      <method>run</method>
      <line>35</line>
    </frame>
  </exception>
  <nestedLevel>0</nestedLevel>
  <escapedJava>false</escapedJava>
  <property name="failed.exception.stacktrace">com.kms.katalon.core.exception.StepFailedException: Object Object Repository/btn-text-Email-Option not found
	at com.kms.katalon.core.keyword.internal.KeywordMain.stepFailed(KeywordMain.groovy:51)
	at com.kms.katalon.core.mobile.keyword.internal.MobileKeywordMain.stepFailed(MobileKeywordMain.groovy:40)
	at com.kms.katalon.core.mobile.keyword.builtin.TapKeyword$_tap_closure1.doCall(TapKeyword.groovy:79)
	at com.kms.katalon.core.mobile.keyword.builtin.TapKeyword$_tap_closure1.call(TapKeyword.groovy)
	at com.kms.katalon.core.mobile.keyword.internal.MobileKeywordMain.runKeyword(MobileKeywordMain.groovy:21)
	at com.kms.katalon.core.mobile.keyword.builtin.TapKeyword.tap(TapKeyword.groovy:84)
	at com.kms.katalon.core.mobile.keyword.builtin.TapKeyword.execute(TapKeyword.groovy:68)
	at com.kms.katalon.core.keyword.internal.KeywordExecutor.executeKeywordForPlatform(KeywordExecutor.groovy:74)
	at com.kms.katalon.core.mobile.keyword.MobileBuiltInKeywords.tap(MobileBuiltInKeywords.groovy:1490)
	at com.kms.katalon.core.mobile.keyword.MobileBuiltInKeywords$tap$1.call(Unknown Source)
	at Login by Email.run(Login by Email:36)
	at com.kms.katalon.core.main.ScriptEngine.run(ScriptEngine.java:194)
	at com.kms.katalon.core.main.ScriptEngine.runScriptAsRawText(ScriptEngine.java:119)
	at com.kms.katalon.core.main.TestCaseExecutor.runScript(TestCaseExecutor.java:448)
	at com.kms.katalon.core.main.TestCaseExecutor.doExecute(TestCaseExecutor.java:439)
	at com.kms.katalon.core.main.TestCaseExecutor.processExecutionPhase(TestCaseExecutor.java:418)
	at com.kms.katalon.core.main.TestCaseExecutor.accessMainPhase(TestCaseExecutor.java:410)
	at com.kms.katalon.core.main.TestCaseExecutor.execute(TestCaseExecutor.java:285)
	at com.kms.katalon.core.common.CommonExecutor.accessTestCaseMainPhase(CommonExecutor.java:65)
	at com.kms.katalon.core.main.TestSuiteExecutor.accessTestSuiteMainPhase(TestSuiteExecutor.java:148)
	at com.kms.katalon.core.main.TestSuiteExecutor.execute(TestSuiteExecutor.java:106)
	at com.kms.katalon.core.main.TestCaseMain.startTestSuite(TestCaseMain.java:187)
	at com.kms.katalon.core.main.TestCaseMain$startTestSuite$0.call(Unknown Source)
	at TempTestSuite1767348212333.run(TempTestSuite1767348212333.groovy:35)
</property>
  <property name="failed.exception.class">com.kms.katalon.core.exception.StepFailedException</property>
  <property name="failed.exception.message">Object Object Repository/btn-text-Email-Option not found</property>
</record>
<record>
  <date>2026-01-02T17:05:06</date>
  <millis>1767348306106</millis>
  <sequence>257</sequence>
  <level>END</level>
  <class>com.kms.katalon.core.logging.XmlKeywordLogger</class>
  <method>endTest</method>
  <thread>1</thread>
  <message>End Test Case : Test Cases/Login by Email</message>
  <nestedLevel>0</nestedLevel>
  <escapedJava>false</escapedJava>
  <property name="executionBindingVariables">[
  {
    &quot;displayReportName&quot;: &quot;email&quot;,
    &quot;value&quot;: &quot;abc@com&quot;,
    &quot;name&quot;: &quot;email&quot;,
    &quot;masked&quot;: false
  }
]</property>
  <property name="applitools">false</property>
  <property name="keywordsUsage">{
  &quot;web_ui&quot;: false,
  &quot;web_service&quot;: false,
  &quot;cucumber&quot;: false,
  &quot;builtin&quot;: false,
  &quot;mobile&quot;: true,
  &quot;windows&quot;: false,
  &quot;testng&quot;: false
}</property>
</record>
<record>
  <date>2026-01-02T17:05:06</date>
  <millis>1767348306118</millis>
  <sequence>258</sequence>
  <level>START</level>
  <class>com.kms.katalon.core.logging.XmlKeywordLogger</class>
  <method>startTest</method>
  <thread>1</thread>
  <message>Start Test Case : Test Cases/Login by Email</message>
  <nestedLevel>1</nestedLevel>
  <escapedJava>false</escapedJava>
  <property name="name">Test Cases/Login by Email</property>
  <property name="description"></property>
  <property name="iteration"></property>
  <property name="id">Test Cases/Login by Email</property>
  <property name="source">C:\Users\ichsa\Katalon Studio\Labamu\Test Cases\Login by Email.tc</property>
  <property name="tag"></property>
  <property name="isOptional">false</property>
</record>
<record>
  <date>2026-01-02T17:05:06</date>
  <millis>1767348306126</millis>
  <sequence>260</sequence>
  <level>INFO</level>
  <class>com.kms.katalon.core.logging.XmlKeywordLogger</class>
  <method>logMessage</method>
  <thread>1</thread>
  <message>email = prod@gmail</message>
  <nestedLevel>1</nestedLevel>
  <escapedJava>false</escapedJava>
</record>
<record>
  <date>2026-01-02T17:05:06</date>
  <millis>1767348306126</millis>
  <sequence>261</sequence>
  <level>START</level>
  <class>com.kms.katalon.core.logging.XmlKeywordLogger</class>
  <method>startKeyword</method>
  <thread>1</thread>
  <message>Start action : startExistingApplication(&amp;quot;id.co.labamu.app&amp;quot;)</message>
  <nestedLevel>1</nestedLevel>
  <escapedJava>false</escapedJava>
  <property name="startLine">23</property>
  <property name="stepIndex">1</property>
</record>
<record>
  <date>2026-01-02T17:05:15</date>
  <millis>1767348315490</millis>
  <sequence>264</sequence>
  <level>RUN_DATA</level>
  <class>com.kms.katalon.core.logging.XmlKeywordLogger</class>
  <method>logMessage</method>
  <thread>1</thread>
  <message>appiumVersion = 1.22.3</message>
  <nestedLevel>1</nestedLevel>
  <escapedJava>false</escapedJava>
  <property name="appiumVersion">1.22.3</property>
</record>
<record>
  <date>2026-01-02T17:05:15</date>
  <millis>1767348315490</millis>
  <sequence>265</sequence>
  <level>RUN_DATA</level>
  <class>com.kms.katalon.core.logging.XmlKeywordLogger</class>
  <method>logMessage</method>
  <thread>1</thread>
  <message>appiumServerStatus = {&amp;quot;value&amp;quot;:{&amp;quot;build&amp;quot;:{&amp;quot;version&amp;quot;:&amp;quot;1.22.3&amp;quot;}},&amp;quot;sessionId&amp;quot;:null,&amp;quot;status&amp;quot;:0}</message>
  <nestedLevel>1</nestedLevel>
  <escapedJava>false</escapedJava>
  <property name="appiumServerStatus">{&quot;value&quot;:{&quot;build&quot;:{&quot;version&quot;:&quot;1.22.3&quot;}},&quot;sessionId&quot;:null,&quot;status&quot;:0}</property>
</record>
<record>
  <date>2026-01-02T17:05:15</date>
  <millis>1767348315515</millis>
  <sequence>266</sequence>
  <level>RUN_DATA</level>
  <class>com.kms.katalon.core.logging.XmlKeywordLogger</class>
  <method>logMessage</method>
  <thread>1</thread>
  <message>deviceId = RR8R5017EJV</message>
  <nestedLevel>1</nestedLevel>
  <escapedJava>false</escapedJava>
  <property name="deviceId">RR8R5017EJV</property>
</record>
<record>
  <date>2026-01-02T17:05:15</date>
  <millis>1767348315516</millis>
  <sequence>267</sequence>
  <level>RUN_DATA</level>
  <class>com.kms.katalon.core.logging.XmlKeywordLogger</class>
  <method>logMessage</method>
  <thread>1</thread>
  <message>deviceName = samsung SM-A125F (Android 12)</message>
  <nestedLevel>1</nestedLevel>
  <escapedJava>false</escapedJava>
  <property name="deviceName">samsung SM-A125F (Android 12)</property>
</record>
<record>
  <date>2026-01-02T17:05:15</date>
  <millis>1767348315516</millis>
  <sequence>268</sequence>
  <level>RUN_DATA</level>
  <class>com.kms.katalon.core.logging.XmlKeywordLogger</class>
  <method>logMessage</method>
  <thread>1</thread>
  <message>deviceModel = SM-A125F</message>
  <nestedLevel>1</nestedLevel>
  <escapedJava>false</escapedJava>
  <property name="deviceModel">SM-A125F</property>
</record>
<record>
  <date>2026-01-02T17:05:15</date>
  <millis>1767348315516</millis>
  <sequence>269</sequence>
  <level>RUN_DATA</level>
  <class>com.kms.katalon.core.logging.XmlKeywordLogger</class>
  <method>logMessage</method>
  <thread>1</thread>
  <message>deviceManufacturer = samsung</message>
  <nestedLevel>1</nestedLevel>
  <escapedJava>false</escapedJava>
  <property name="deviceManufacturer">samsung</property>
</record>
<record>
  <date>2026-01-02T17:05:15</date>
  <millis>1767348315517</millis>
  <sequence>270</sequence>
  <level>RUN_DATA</level>
  <class>com.kms.katalon.core.logging.XmlKeywordLogger</class>
  <method>logMessage</method>
  <thread>1</thread>
  <message>deviceOS = Android</message>
  <nestedLevel>1</nestedLevel>
  <escapedJava>false</escapedJava>
  <property name="deviceOS">Android</property>
</record>
<record>
  <date>2026-01-02T17:05:15</date>
  <millis>1767348315517</millis>
  <sequence>271</sequence>
  <level>RUN_DATA</level>
  <class>com.kms.katalon.core.logging.XmlKeywordLogger</class>
  <method>logMessage</method>
  <thread>1</thread>
  <message>deviceOSVersion = 12</message>
  <nestedLevel>1</nestedLevel>
  <escapedJava>false</escapedJava>
  <property name="deviceOSVersion">12</property>
</record>
<record>
  <date>2026-01-02T17:05:17</date>
  <millis>1767348317402</millis>
  <sequence>273</sequence>
  <level>PASSED</level>
  <class>com.kms.katalon.core.logging.XmlKeywordLogger</class>
  <method>logMessage</method>
  <thread>1</thread>
  <message>Starting app with application ID: &amp;apos;id.co.labamu.app&amp;apos;</message>
  <nestedLevel>1</nestedLevel>
  <escapedJava>false</escapedJava>
  <property name="testops-method-name">com.kms.katalon.core.mobile.keyword.internal.MobileKeywordMain$runKeyword.call</property>
  <property name="testops-execution-stacktrace">com.kms.katalon.core.logging.KeywordLogger.logPassed(KeywordLogger.java:340)
com.kms.katalon.core.logging.KeywordLogger.logPassed(KeywordLogger.java:334)
com.kms.katalon.core.logging.KeywordLogger$logPassed$1.call(Unknown Source)
com.kms.katalon.core.mobile.keyword.builtin.StartExistingApplicationKeyword$_startApplication_closure1.doCall(StartExistingApplicationKeyword.groovy:51)
com.kms.katalon.core.mobile.keyword.builtin.StartExistingApplicationKeyword$_startApplication_closure1.doCall(StartExistingApplicationKeyword.groovy)
com.kms.katalon.core.mobile.keyword.internal.MobileKeywordMain.runKeyword(MobileKeywordMain.groovy:21)
com.kms.katalon.core.mobile.keyword.internal.MobileKeywordMain$runKeyword.call(Unknown Source)
com.kms.katalon.core.mobile.keyword.builtin.StartExistingApplicationKeyword.startApplication(StartExistingApplicationKeyword.groovy:52)
com.kms.katalon.core.mobile.keyword.builtin.StartExistingApplicationKeyword.execute(StartExistingApplicationKeyword.groovy:37)
com.kms.katalon.core.keyword.internal.KeywordExecutor.executeKeywordForPlatform(KeywordExecutor.groovy:74)
com.kms.katalon.core.mobile.keyword.MobileBuiltInKeywords.startExistingApplication(MobileBuiltInKeywords.groovy:92)
com.kms.katalon.core.mobile.keyword.MobileBuiltInKeywords$startExistingApplication.call(Unknown Source)
Login by Email.run(Login by Email:23)
</property>
</record>
<record>
  <date>2026-01-02T17:05:17</date>
  <millis>1767348317403</millis>
  <sequence>274</sequence>
  <level>END</level>
  <class>com.kms.katalon.core.logging.XmlKeywordLogger</class>
  <method>endKeyword</method>
  <thread>1</thread>
  <message>End action : startExistingApplication(&amp;quot;id.co.labamu.app&amp;quot;)</message>
  <nestedLevel>1</nestedLevel>
  <escapedJava>false</escapedJava>
</record>
<record>
  <date>2026-01-02T17:05:17</date>
  <millis>1767348317403</millis>
  <sequence>275</sequence>
  <level>START</level>
  <class>com.kms.katalon.core.logging.XmlKeywordLogger</class>
  <method>startKeyword</method>
  <thread>1</thread>
  <message>Start action : widget = findTestObject(&amp;quot;Object Repository/btn-Widget-While&amp;quot;)</message>
  <nestedLevel>1</nestedLevel>
  <escapedJava>false</escapedJava>
  <property name="startLine">24</property>
  <property name="stepIndex">2</property>
</record>
<record>
  <date>2026-01-02T17:05:17</date>
  <millis>1767348317445</millis>
  <sequence>277</sequence>
  <level>END</level>
  <class>com.kms.katalon.core.logging.XmlKeywordLogger</class>
  <method>endKeyword</method>
  <thread>1</thread>
  <message>End action : widget = findTestObject(&amp;quot;Object Repository/btn-Widget-While&amp;quot;)</message>
  <nestedLevel>1</nestedLevel>
  <escapedJava>false</escapedJava>
</record>
<record>
  <date>2026-01-02T17:05:17</date>
  <millis>1767348317445</millis>
  <sequence>278</sequence>
  <level>START</level>
  <class>com.kms.katalon.core.logging.XmlKeywordLogger</class>
  <method>startKeyword</method>
  <thread>1</thread>
  <message>Start action : if (waitForElementPresent(widget, 5))</message>
  <nestedLevel>1</nestedLevel>
  <escapedJava>false</escapedJava>
  <property name="startLine">25</property>
  <property name="stepIndex">3</property>
</record>
<record>
  <date>2026-01-02T17:05:22</date>
  <millis>1767348322611</millis>
  <sequence>281</sequence>
  <level>WARNING</level>
  <class>com.kms.katalon.core.logging.XmlKeywordLogger</class>
  <method>logMessage</method>
  <thread>1</thread>
  <message>Object Object Repository/btn-Widget-While not found</message>
  <nestedLevel>1</nestedLevel>
  <escapedJava>false</escapedJava>
</record>
<record>
  <date>2026-01-02T17:05:22</date>
  <millis>1767348322612</millis>
  <sequence>282</sequence>
  <level>END</level>
  <class>com.kms.katalon.core.logging.XmlKeywordLogger</class>
  <method>endKeyword</method>
  <thread>1</thread>
  <message>End action : if (waitForElementPresent(widget, 5))</message>
  <nestedLevel>1</nestedLevel>
  <escapedJava>false</escapedJava>
</record>
<record>
  <date>2026-01-02T17:05:22</date>
  <millis>1767348322612</millis>
  <sequence>283</sequence>
  <level>START</level>
  <class>com.kms.katalon.core.logging.XmlKeywordLogger</class>
  <method>startKeyword</method>
  <thread>1</thread>
  <message>Start action : else</message>
  <nestedLevel>1</nestedLevel>
  <escapedJava>false</escapedJava>
  <property name="startLine">28</property>
  <property name="stepIndex">4</property>
</record>
<record>
  <date>2026-01-02T17:05:22</date>
  <millis>1767348322612</millis>
  <sequence>284</sequence>
  <level>START</level>
  <class>com.kms.katalon.core.logging.XmlKeywordLogger</class>
  <method>startKeyword</method>
  <thread>1</thread>
  <message>Start action : println(&amp;quot;Widget tidak muncul, lanjut step berikutnya&amp;quot;)</message>
  <nestedLevel>2</nestedLevel>
  <escapedJava>false</escapedJava>
  <property name="startLine">29</property>
  <property name="stepIndex">1</property>
</record>
<record>
  <date>2026-01-02T17:05:22</date>
  <millis>1767348322612</millis>
  <sequence>285</sequence>
  <level>END</level>
  <class>com.kms.katalon.core.logging.XmlKeywordLogger</class>
  <method>endKeyword</method>
  <thread>1</thread>
  <message>End action : println(&amp;quot;Widget tidak muncul, lanjut step berikutnya&amp;quot;)</message>
  <nestedLevel>2</nestedLevel>
  <escapedJava>false</escapedJava>
</record>
<record>
  <date>2026-01-02T17:05:22</date>
  <millis>1767348322612</millis>
  <sequence>286</sequence>
  <level>END</level>
  <class>com.kms.katalon.core.logging.XmlKeywordLogger</class>
  <method>endKeyword</method>
  <thread>1</thread>
  <message>End action : else</message>
  <nestedLevel>1</nestedLevel>
  <escapedJava>false</escapedJava>
</record>
<record>
  <date>2026-01-02T17:05:22</date>
  <millis>1767348322612</millis>
  <sequence>287</sequence>
  <level>START</level>
  <class>com.kms.katalon.core.logging.XmlKeywordLogger</class>
  <method>startKeyword</method>
  <thread>1</thread>
  <message>Start action : btnEmailOption = findTestObject(&amp;quot;Object Repository/btn-text-Email-Option&amp;quot;)</message>
  <nestedLevel>1</nestedLevel>
  <escapedJava>false</escapedJava>
  <property name="startLine">31</property>
  <property name="stepIndex">5</property>
</record>
<record>
  <date>2026-01-02T17:05:22</date>
  <millis>1767348322648</millis>
  <sequence>289</sequence>
  <level>END</level>
  <class>com.kms.katalon.core.logging.XmlKeywordLogger</class>
  <method>endKeyword</method>
  <thread>1</thread>
  <message>End action : btnEmailOption = findTestObject(&amp;quot;Object Repository/btn-text-Email-Option&amp;quot;)</message>
  <nestedLevel>1</nestedLevel>
  <escapedJava>false</escapedJava>
</record>
<record>
  <date>2026-01-02T17:05:22</date>
  <millis>1767348322648</millis>
  <sequence>290</sequence>
  <level>START</level>
  <class>com.kms.katalon.core.logging.XmlKeywordLogger</class>
  <method>startKeyword</method>
  <thread>1</thread>
  <message>Start action : inputEmail = findTestObject(&amp;quot;Object Repository/edt-Input-Email&amp;quot;)</message>
  <nestedLevel>1</nestedLevel>
  <escapedJava>false</escapedJava>
  <property name="startLine">32</property>
  <property name="stepIndex">6</property>
</record>
<record>
  <date>2026-01-02T17:05:22</date>
  <millis>1767348322689</millis>
  <sequence>292</sequence>
  <level>END</level>
  <class>com.kms.katalon.core.logging.XmlKeywordLogger</class>
  <method>endKeyword</method>
  <thread>1</thread>
  <message>End action : inputEmail = findTestObject(&amp;quot;Object Repository/edt-Input-Email&amp;quot;)</message>
  <nestedLevel>1</nestedLevel>
  <escapedJava>false</escapedJava>
</record>
<record>
  <date>2026-01-02T17:05:22</date>
  <millis>1767348322689</millis>
  <sequence>293</sequence>
  <level>START</level>
  <class>com.kms.katalon.core.logging.XmlKeywordLogger</class>
  <method>startKeyword</method>
  <thread>1</thread>
  <message>Start action : chkAgreement = findTestObject(&amp;quot;Object Repository/btn-CheckBox&amp;quot;)</message>
  <nestedLevel>1</nestedLevel>
  <escapedJava>false</escapedJava>
  <property name="startLine">33</property>
  <property name="stepIndex">7</property>
</record>
<record>
  <date>2026-01-02T17:05:22</date>
  <millis>1767348322725</millis>
  <sequence>295</sequence>
  <level>END</level>
  <class>com.kms.katalon.core.logging.XmlKeywordLogger</class>
  <method>endKeyword</method>
  <thread>1</thread>
  <message>End action : chkAgreement = findTestObject(&amp;quot;Object Repository/btn-CheckBox&amp;quot;)</message>
  <nestedLevel>1</nestedLevel>
  <escapedJava>false</escapedJava>
</record>
<record>
  <date>2026-01-02T17:05:22</date>
  <millis>1767348322725</millis>
  <sequence>296</sequence>
  <level>START</level>
  <class>com.kms.katalon.core.logging.XmlKeywordLogger</class>
  <method>startKeyword</method>
  <thread>1</thread>
  <message>Start action : btnMasuk = findTestObject(&amp;quot;Object Repository/btn-Masuk&amp;quot;)</message>
  <nestedLevel>1</nestedLevel>
  <escapedJava>false</escapedJava>
  <property name="startLine">34</property>
  <property name="stepIndex">8</property>
</record>
<record>
  <date>2026-01-02T17:05:22</date>
  <millis>1767348322762</millis>
  <sequence>298</sequence>
  <level>END</level>
  <class>com.kms.katalon.core.logging.XmlKeywordLogger</class>
  <method>endKeyword</method>
  <thread>1</thread>
  <message>End action : btnMasuk = findTestObject(&amp;quot;Object Repository/btn-Masuk&amp;quot;)</message>
  <nestedLevel>1</nestedLevel>
  <escapedJava>false</escapedJava>
</record>
<record>
  <date>2026-01-02T17:05:22</date>
  <millis>1767348322762</millis>
  <sequence>299</sequence>
  <level>START</level>
  <class>com.kms.katalon.core.logging.XmlKeywordLogger</class>
  <method>startKeyword</method>
  <thread>1</thread>
  <message>Start action : waitForElementPresent(btnEmailOption, 10)</message>
  <nestedLevel>1</nestedLevel>
  <escapedJava>false</escapedJava>
  <property name="startLine">35</property>
  <property name="stepIndex">9</property>
</record>
<record>
  <date>2026-01-02T17:05:23</date>
  <millis>1767348323007</millis>
  <sequence>302</sequence>
  <level>PASSED</level>
  <class>com.kms.katalon.core.logging.XmlKeywordLogger</class>
  <method>logMessage</method>
  <thread>1</thread>
  <message>Element &amp;apos;Object Repository/btn-text-Email-Option&amp;apos; is present</message>
  <nestedLevel>1</nestedLevel>
  <escapedJava>false</escapedJava>
  <property name="testops-method-name">com.kms.katalon.core.mobile.keyword.builtin.WaitForElementPresentKeyword.waitForElementPresent</property>
  <property name="testops-execution-stacktrace"></property>
</record>
<record>
  <date>2026-01-02T17:05:23</date>
  <millis>1767348323007</millis>
  <sequence>303</sequence>
  <level>END</level>
  <class>com.kms.katalon.core.logging.XmlKeywordLogger</class>
  <method>endKeyword</method>
  <thread>1</thread>
  <message>End action : waitForElementPresent(btnEmailOption, 10)</message>
  <nestedLevel>1</nestedLevel>
  <escapedJava>false</escapedJava>
</record>
<record>
  <date>2026-01-02T17:05:23</date>
  <millis>1767348323007</millis>
  <sequence>304</sequence>
  <level>START</level>
  <class>com.kms.katalon.core.logging.XmlKeywordLogger</class>
  <method>startKeyword</method>
  <thread>1</thread>
  <message>Start action : tap(btnEmailOption, 10)</message>
  <nestedLevel>1</nestedLevel>
  <escapedJava>false</escapedJava>
  <property name="startLine">36</property>
  <property name="stepIndex">10</property>
</record>
<record>
  <date>2026-01-02T17:05:23</date>
  <millis>1767348323364</millis>
  <sequence>307</sequence>
  <level>PASSED</level>
  <class>com.kms.katalon.core.logging.XmlKeywordLogger</class>
  <method>logMessage</method>
  <thread>1</thread>
  <message>Tapped on element &amp;apos;Object Repository/btn-text-Email-Option&amp;apos;</message>
  <nestedLevel>1</nestedLevel>
  <escapedJava>false</escapedJava>
  <property name="testops-method-name">com.kms.katalon.core.mobile.keyword.builtin.TapKeyword.tap</property>
  <property name="testops-execution-stacktrace"></property>
</record>
<record>
  <date>2026-01-02T17:05:23</date>
  <millis>1767348323365</millis>
  <sequence>308</sequence>
  <level>END</level>
  <class>com.kms.katalon.core.logging.XmlKeywordLogger</class>
  <method>endKeyword</method>
  <thread>1</thread>
  <message>End action : tap(btnEmailOption, 10)</message>
  <nestedLevel>1</nestedLevel>
  <escapedJava>false</escapedJava>
</record>
<record>
  <date>2026-01-02T17:05:23</date>
  <millis>1767348323365</millis>
  <sequence>309</sequence>
  <level>START</level>
  <class>com.kms.katalon.core.logging.XmlKeywordLogger</class>
  <method>startKeyword</method>
  <thread>1</thread>
  <message>Start action : waitForElementPresent(inputEmail, 10)</message>
  <nestedLevel>1</nestedLevel>
  <escapedJava>false</escapedJava>
  <property name="startLine">37</property>
  <property name="stepIndex">11</property>
</record>
<record>
  <date>2026-01-02T17:05:24</date>
  <millis>1767348324087</millis>
  <sequence>312</sequence>
  <level>PASSED</level>
  <class>com.kms.katalon.core.logging.XmlKeywordLogger</class>
  <method>logMessage</method>
  <thread>1</thread>
  <message>Element &amp;apos;Object Repository/edt-Input-Email&amp;apos; is present</message>
  <nestedLevel>1</nestedLevel>
  <escapedJava>false</escapedJava>
  <property name="testops-method-name">com.kms.katalon.core.mobile.keyword.builtin.WaitForElementPresentKeyword.waitForElementPresent</property>
  <property name="testops-execution-stacktrace"></property>
</record>
<record>
  <date>2026-01-02T17:05:24</date>
  <millis>1767348324087</millis>
  <sequence>313</sequence>
  <level>END</level>
  <class>com.kms.katalon.core.logging.XmlKeywordLogger</class>
  <method>endKeyword</method>
  <thread>1</thread>
  <message>End action : waitForElementPresent(inputEmail, 10)</message>
  <nestedLevel>1</nestedLevel>
  <escapedJava>false</escapedJava>
</record>
<record>
  <date>2026-01-02T17:05:24</date>
  <millis>1767348324088</millis>
  <sequence>314</sequence>
  <level>START</level>
  <class>com.kms.katalon.core.logging.XmlKeywordLogger</class>
  <method>startKeyword</method>
  <thread>1</thread>
  <message>Start action : tap(inputEmail, 10)</message>
  <nestedLevel>1</nestedLevel>
  <escapedJava>false</escapedJava>
  <property name="startLine">38</property>
  <property name="stepIndex">12</property>
</record>
<record>
  <date>2026-01-02T17:05:24</date>
  <millis>1767348324425</millis>
  <sequence>317</sequence>
  <level>PASSED</level>
  <class>com.kms.katalon.core.logging.XmlKeywordLogger</class>
  <method>logMessage</method>
  <thread>1</thread>
  <message>Tapped on element &amp;apos;Object Repository/edt-Input-Email&amp;apos;</message>
  <nestedLevel>1</nestedLevel>
  <escapedJava>false</escapedJava>
  <property name="testops-method-name">com.kms.katalon.core.mobile.keyword.builtin.TapKeyword.tap</property>
  <property name="testops-execution-stacktrace"></property>
</record>
<record>
  <date>2026-01-02T17:05:24</date>
  <millis>1767348324425</millis>
  <sequence>318</sequence>
  <level>END</level>
  <class>com.kms.katalon.core.logging.XmlKeywordLogger</class>
  <method>endKeyword</method>
  <thread>1</thread>
  <message>End action : tap(inputEmail, 10)</message>
  <nestedLevel>1</nestedLevel>
  <escapedJava>false</escapedJava>
</record>
<record>
  <date>2026-01-02T17:05:24</date>
  <millis>1767348324425</millis>
  <sequence>319</sequence>
  <level>START</level>
  <class>com.kms.katalon.core.logging.XmlKeywordLogger</class>
  <method>startKeyword</method>
  <thread>1</thread>
  <message>Start action : setText(inputEmail, email, 10)</message>
  <nestedLevel>1</nestedLevel>
  <escapedJava>false</escapedJava>
  <property name="startLine">39</property>
  <property name="stepIndex">13</property>
</record>
<record>
  <date>2026-01-02T17:05:26</date>
  <millis>1767348326886</millis>
  <sequence>322</sequence>
  <level>PASSED</level>
  <class>com.kms.katalon.core.logging.XmlKeywordLogger</class>
  <method>logMessage</method>
  <thread>1</thread>
  <message>Text &amp;apos;prod@gmail&amp;apos; has been set to element &amp;apos;Object Repository/edt-Input-Email&amp;apos;</message>
  <nestedLevel>1</nestedLevel>
  <escapedJava>false</escapedJava>
  <property name="testops-method-name">com.kms.katalon.core.mobile.keyword.builtin.SetTextKeyword.setText</property>
  <property name="testops-execution-stacktrace"></property>
</record>
<record>
  <date>2026-01-02T17:05:26</date>
  <millis>1767348326887</millis>
  <sequence>323</sequence>
  <level>END</level>
  <class>com.kms.katalon.core.logging.XmlKeywordLogger</class>
  <method>endKeyword</method>
  <thread>1</thread>
  <message>End action : setText(inputEmail, email, 10)</message>
  <nestedLevel>1</nestedLevel>
  <escapedJava>false</escapedJava>
</record>
<record>
  <date>2026-01-02T17:05:26</date>
  <millis>1767348326887</millis>
  <sequence>324</sequence>
  <level>START</level>
  <class>com.kms.katalon.core.logging.XmlKeywordLogger</class>
  <method>startKeyword</method>
  <thread>1</thread>
  <message>Start action : tap(chkAgreement, 10)</message>
  <nestedLevel>1</nestedLevel>
  <escapedJava>false</escapedJava>
  <property name="startLine">40</property>
  <property name="stepIndex">14</property>
</record>
<record>
  <date>2026-01-02T17:05:27</date>
  <millis>1767348327691</millis>
  <sequence>327</sequence>
  <level>PASSED</level>
  <class>com.kms.katalon.core.logging.XmlKeywordLogger</class>
  <method>logMessage</method>
  <thread>1</thread>
  <message>Tapped on element &amp;apos;Object Repository/btn-CheckBox&amp;apos;</message>
  <nestedLevel>1</nestedLevel>
  <escapedJava>false</escapedJava>
  <property name="testops-method-name">com.kms.katalon.core.mobile.keyword.builtin.TapKeyword.tap</property>
  <property name="testops-execution-stacktrace"></property>
</record>
<record>
  <date>2026-01-02T17:05:27</date>
  <millis>1767348327691</millis>
  <sequence>328</sequence>
  <level>END</level>
  <class>com.kms.katalon.core.logging.XmlKeywordLogger</class>
  <method>endKeyword</method>
  <thread>1</thread>
  <message>End action : tap(chkAgreement, 10)</message>
  <nestedLevel>1</nestedLevel>
  <escapedJava>false</escapedJava>
</record>
<record>
  <date>2026-01-02T17:05:27</date>
  <millis>1767348327691</millis>
  <sequence>329</sequence>
  <level>START</level>
  <class>com.kms.katalon.core.logging.XmlKeywordLogger</class>
  <method>startKeyword</method>
  <thread>1</thread>
  <message>Start action : waitForElementAttributeValue(btnMasuk, &amp;quot;enabled&amp;quot;, &amp;quot;true&amp;quot;, 10)</message>
  <nestedLevel>1</nestedLevel>
  <escapedJava>false</escapedJava>
  <property name="startLine">41</property>
  <property name="stepIndex">15</property>
</record>
<record>
  <date>2026-01-02T17:05:28</date>
  <millis>1767348328492</millis>
  <sequence>333</sequence>
  <level>PASSED</level>
  <class>com.kms.katalon.core.logging.XmlKeywordLogger</class>
  <method>logMessage</method>
  <thread>1</thread>
  <message>Object &amp;apos;Object Repository/btn-Masuk&amp;apos; has attribute &amp;apos;enabled&amp;apos; with value &amp;apos;true&amp;apos;</message>
  <nestedLevel>1</nestedLevel>
  <escapedJava>false</escapedJava>
  <property name="testops-method-name">com.kms.katalon.core.mobile.keyword.builtin.WaitForElementAttributeValueKeyword.waitForElementAttributeValue</property>
  <property name="testops-execution-stacktrace"></property>
</record>
<record>
  <date>2026-01-02T17:05:28</date>
  <millis>1767348328492</millis>
  <sequence>334</sequence>
  <level>END</level>
  <class>com.kms.katalon.core.logging.XmlKeywordLogger</class>
  <method>endKeyword</method>
  <thread>1</thread>
  <message>End action : waitForElementAttributeValue(btnMasuk, &amp;quot;enabled&amp;quot;, &amp;quot;true&amp;quot;, 10)</message>
  <nestedLevel>1</nestedLevel>
  <escapedJava>false</escapedJava>
</record>
<record>
  <date>2026-01-02T17:05:28</date>
  <millis>1767348328492</millis>
  <sequence>335</sequence>
  <level>START</level>
  <class>com.kms.katalon.core.logging.XmlKeywordLogger</class>
  <method>startKeyword</method>
  <thread>1</thread>
  <message>Start action : verifyElementAttributeValue(btnMasuk, &amp;quot;enabled&amp;quot;, &amp;quot;true&amp;quot;, 10)</message>
  <nestedLevel>1</nestedLevel>
  <escapedJava>false</escapedJava>
  <property name="startLine">47</property>
  <property name="stepIndex">16</property>
</record>
<record>
  <date>2026-01-02T17:05:28</date>
  <millis>1767348328664</millis>
  <sequence>339</sequence>
  <level>PASSED</level>
  <class>com.kms.katalon.core.logging.XmlKeywordLogger</class>
  <method>logMessage</method>
  <thread>1</thread>
  <message>Object &amp;apos;Object Repository/btn-Masuk&amp;apos; has attribute &amp;apos;enabled&amp;apos; with value &amp;apos;true&amp;apos;</message>
  <nestedLevel>1</nestedLevel>
  <escapedJava>false</escapedJava>
  <property name="testops-is-assertion">true</property>
  <property name="testops-method-name">com.kms.katalon.core.mobile.keyword.builtin.VerifyElementAttributeValueKeyword.verifyElementAttributeValue</property>
  <property name="testops-execution-stacktrace"></property>
</record>
<record>
  <date>2026-01-02T17:05:28</date>
  <millis>1767348328664</millis>
  <sequence>340</sequence>
  <level>END</level>
  <class>com.kms.katalon.core.logging.XmlKeywordLogger</class>
  <method>endKeyword</method>
  <thread>1</thread>
  <message>End action : verifyElementAttributeValue(btnMasuk, &amp;quot;enabled&amp;quot;, &amp;quot;true&amp;quot;, 10)</message>
  <nestedLevel>1</nestedLevel>
  <escapedJava>false</escapedJava>
</record>
<record>
  <date>2026-01-02T17:05:28</date>
  <millis>1767348328664</millis>
  <sequence>341</sequence>
  <level>START</level>
  <class>com.kms.katalon.core.logging.XmlKeywordLogger</class>
  <method>startKeyword</method>
  <thread>1</thread>
  <message>Start action : tap(btnMasuk, 10)</message>
  <nestedLevel>1</nestedLevel>
  <escapedJava>false</escapedJava>
  <property name="startLine">53</property>
  <property name="stepIndex">17</property>
</record>
<record>
  <date>2026-01-02T17:05:28</date>
  <millis>1767348328893</millis>
  <sequence>344</sequence>
  <level>PASSED</level>
  <class>com.kms.katalon.core.logging.XmlKeywordLogger</class>
  <method>logMessage</method>
  <thread>1</thread>
  <message>Tapped on element &amp;apos;Object Repository/btn-Masuk&amp;apos;</message>
  <nestedLevel>1</nestedLevel>
  <escapedJava>false</escapedJava>
  <property name="testops-method-name">com.kms.katalon.core.mobile.keyword.builtin.TapKeyword.tap</property>
  <property name="testops-execution-stacktrace"></property>
</record>
<record>
  <date>2026-01-02T17:05:28</date>
  <millis>1767348328894</millis>
  <sequence>345</sequence>
  <level>END</level>
  <class>com.kms.katalon.core.logging.XmlKeywordLogger</class>
  <method>endKeyword</method>
  <thread>1</thread>
  <message>End action : tap(btnMasuk, 10)</message>
  <nestedLevel>1</nestedLevel>
  <escapedJava>false</escapedJava>
</record>
<record>
  <date>2026-01-02T17:05:28</date>
  <millis>1767348328894</millis>
  <sequence>346</sequence>
  <level>START</level>
  <class>com.kms.katalon.core.logging.XmlKeywordLogger</class>
  <method>startKeyword</method>
  <thread>1</thread>
  <message>Start action : closeApplication()</message>
  <nestedLevel>1</nestedLevel>
  <escapedJava>false</escapedJava>
  <property name="startLine">54</property>
  <property name="stepIndex">18</property>
</record>
<record>
  <date>2026-01-02T17:05:29</date>
  <millis>1767348329290</millis>
  <sequence>347</sequence>
  <level>PASSED</level>
  <class>com.kms.katalon.core.logging.XmlKeywordLogger</class>
  <method>logMessage</method>
  <thread>1</thread>
  <message>Close app successfully</message>
  <nestedLevel>1</nestedLevel>
  <escapedJava>false</escapedJava>
  <property name="testops-method-name">com.kms.katalon.core.mobile.keyword.builtin.CloseApplicationKeyword.closeApplication</property>
  <property name="testops-execution-stacktrace"></property>
</record>
<record>
  <date>2026-01-02T17:05:29</date>
  <millis>1767348329290</millis>
  <sequence>348</sequence>
  <level>END</level>
  <class>com.kms.katalon.core.logging.XmlKeywordLogger</class>
  <method>endKeyword</method>
  <thread>1</thread>
  <message>End action : closeApplication()</message>
  <nestedLevel>1</nestedLevel>
  <escapedJava>false</escapedJava>
</record>
<record>
  <date>2026-01-02T17:05:29</date>
  <millis>1767348329290</millis>
  <sequence>349</sequence>
  <level>PASSED</level>
  <class>com.kms.katalon.core.logging.XmlKeywordLogger</class>
  <method>logMessage</method>
  <thread>1</thread>
  <message>Test Cases/Login by Email</message>
  <nestedLevel>1</nestedLevel>
  <escapedJava>false</escapedJava>
</record>
<record>
  <date>2026-01-02T17:05:29</date>
  <millis>1767348329292</millis>
  <sequence>350</sequence>
  <level>END</level>
  <class>com.kms.katalon.core.logging.XmlKeywordLogger</class>
  <method>endTest</method>
  <thread>1</thread>
  <message>End Test Case : Test Cases/Login by Email</message>
  <nestedLevel>0</nestedLevel>
  <escapedJava>false</escapedJava>
  <property name="executionBindingVariables">[
  {
    &quot;displayReportName&quot;: &quot;email&quot;,
    &quot;value&quot;: &quot;prod@gmail&quot;,
    &quot;name&quot;: &quot;email&quot;,
    &quot;masked&quot;: false
  }
]</property>
  <property name="applitools">false</property>
  <property name="keywordsUsage">{
  &quot;web_ui&quot;: false,
  &quot;web_service&quot;: false,
  &quot;cucumber&quot;: false,
  &quot;builtin&quot;: false,
  &quot;mobile&quot;: true,
  &quot;windows&quot;: false,
  &quot;testng&quot;: false
}</property>
</record>
<record>
  <date>2026-01-02T17:05:29</date>
  <millis>1767348329292</millis>
  <sequence>351</sequence>
  <level>START</level>
  <class>com.kms.katalon.core.logging.XmlKeywordLogger</class>
  <method>startKeyword</method>
  <thread>1</thread>
  <message>Start listener action : exportKatalonReports</message>
  <nestedLevel>0</nestedLevel>
  <escapedJava>false</escapedJava>
</record>
<record>
  <date>2026-01-02T17:05:29</date>
  <millis>1767348329515</millis>
  <sequence>827</sequence>
  <level>INFO</level>
  <class>com.kms.katalon.core.logging.XmlKeywordLogger</class>
  <method>logMessage</method>
  <thread>1</thread>
  <message>Start generating HTML report folder at: C:\Users\ichsa\Katalon Studio\Labamu\Reports\20260102_170332\Login\20260102_170332...</message>
  <nestedLevel>0</nestedLevel>
  <escapedJava>false</escapedJava>
</record>
<record>
  <date>2026-01-02T17:05:29</date>
  <millis>1767348329567</millis>
  <sequence>828</sequence>
  <level>INFO</level>
  <class>com.kms.katalon.core.logging.XmlKeywordLogger</class>
  <method>logMessage</method>
  <thread>1</thread>
  <message>HTML report generated</message>
  <nestedLevel>0</nestedLevel>
  <escapedJava>false</escapedJava>
</record>
<record>
  <date>2026-01-02T17:05:29</date>
  <millis>1767348329568</millis>
  <sequence>829</sequence>
  <level>INFO</level>
  <class>com.kms.katalon.core.logging.XmlKeywordLogger</class>
  <method>logMessage</method>
  <thread>1</thread>
  <message>Start generating CSV report folder at: C:\Users\ichsa\Katalon Studio\Labamu\Reports\20260102_170332\Login\20260102_170332...</message>
  <nestedLevel>0</nestedLevel>
  <escapedJava>false</escapedJava>
</record>
<record>
  <date>2026-01-02T17:05:29</date>
  <millis>1767348329590</millis>
  <sequence>830</sequence>
  <level>INFO</level>
  <class>com.kms.katalon.core.logging.XmlKeywordLogger</class>
  <method>logMessage</method>
  <thread>1</thread>
  <message>CSV report generated</message>
  <nestedLevel>0</nestedLevel>
  <escapedJava>false</escapedJava>
</record>
<record>
  <date>2026-01-02T17:05:30</date>
  <millis>1767348330120</millis>
  <sequence>832</sequence>
  <level>END</level>
  <class>com.kms.katalon.core.logging.XmlKeywordLogger</class>
  <method>endKeyword</method>
  <thread>1</thread>
  <message>End listener action : exportKatalonReports</message>
  <nestedLevel>0</nestedLevel>
  <escapedJava>false</escapedJava>
</record>
<record>
  <date>2026-01-02T17:05:30</date>
  <millis>1767348330129</millis>
  <sequence>833</sequence>
  <level>END</level>
  <class>com.kms.katalon.core.logging.XmlKeywordLogger</class>
  <method>endSuite</method>
  <thread>1</thread>
  <message>End Test Suite : Test Suites/Login</message>
  <nestedLevel>0</nestedLevel>
  <escapedJava>false</escapedJava>
</record>
</log><?xml version="1.0" encoding="UTF-8" standalone="no"?>
<!DOCTYPE log SYSTEM "logger.dtd">
<log>
<record>
  <date>2026-01-02T17:06:09</date>
  <millis>1767348369727</millis>
  <sequence>2663</sequence>
  <level>INFO</level>
  <class>com.kms.katalon.core.logging.XmlKeywordLogger</class>
  <method>logMessage</method>
  <thread>1</thread>
  <message>Finding test data with id &amp;apos;Data Files/wa&amp;apos;</message>
  <nestedLevel>0</nestedLevel>
  <escapedJava>false</escapedJava>
</record>
<record>
  <date>2026-01-02T17:06:09</date>
  <millis>1767348369727</millis>
  <sequence>2664</sequence>
  <level>INFO</level>
  <class>com.kms.katalon.core.logging.XmlKeywordLogger</class>
  <method>logMessage</method>
  <thread>1</thread>
  <message>Test data is internal data, reading internal data</message>
  <nestedLevel>0</nestedLevel>
  <escapedJava>false</escapedJava>
</record>
<record>
  <date>2026-01-02T17:06:13</date>
  <millis>1767348373590</millis>
  <sequence>2665</sequence>
  <level>INFO</level>
  <class>com.kms.katalon.core.logging.XmlKeywordLogger</class>
  <method>logMessage</method>
  <thread>3103</thread>
  <message>Finding test data with id &amp;apos;Data Files/email&amp;apos;</message>
  <nestedLevel>0</nestedLevel>
  <escapedJava>false</escapedJava>
</record>
<record>
  <date>2026-01-02T17:06:13</date>
  <millis>1767348373621</millis>
  <sequence>2666</sequence>
  <level>INFO</level>
  <class>com.kms.katalon.core.logging.XmlKeywordLogger</class>
  <method>logMessage</method>
  <thread>3103</thread>
  <message>Test data is internal data, reading internal data</message>
  <nestedLevel>0</nestedLevel>
  <escapedJava>false</escapedJava>
</record>
<record>
  <date>2026-01-02T17:06:13</date>
  <millis>1767348373640</millis>
  <sequence>2667</sequence>
  <level>INFO</level>
  <class>com.kms.katalon.core.logging.XmlKeywordLogger</class>
  <method>logMessage</method>
  <thread>3103</thread>
  <message>Finding test data with id &amp;apos;Data Files/wa&amp;apos;</message>
  <nestedLevel>0</nestedLevel>
  <escapedJava>false</escapedJava>
</record>
<record>
  <date>2026-01-02T17:06:13</date>
  <millis>1767348373640</millis>
  <sequence>2668</sequence>
  <level>INFO</level>
  <class>com.kms.katalon.core.logging.XmlKeywordLogger</class>
  <method>logMessage</method>
  <thread>3103</thread>
  <message>Test data is internal data, reading internal data</message>
  <nestedLevel>0</nestedLevel>
  <escapedJava>false</escapedJava>
</record>
<record>
  <date>2026-01-02T17:10:23</date>
  <millis>1767348623339</millis>
  <sequence>4653</sequence>
  <level>INFO</level>
  <class>com.kms.katalon.core.logging.XmlKeywordLogger</class>
  <method>logMessage</method>
  <thread>3103</thread>
  <message>Finding test data with id &amp;apos;Data Files/email&amp;apos;</message>
  <nestedLevel>0</nestedLevel>
  <escapedJava>false</escapedJava>
</record>
<record>
  <date>2026-01-02T17:10:23</date>
  <millis>1767348623340</millis>
  <sequence>4654</sequence>
  <level>INFO</level>
  <class>com.kms.katalon.core.logging.XmlKeywordLogger</class>
  <method>logMessage</method>
  <thread>3103</thread>
  <message>Test data is internal data, reading internal data</message>
  <nestedLevel>0</nestedLevel>
  <escapedJava>false</escapedJava>
</record>
<record>
  <date>2026-01-02T17:10:23</date>
  <millis>1767348623340</millis>
  <sequence>4655</sequence>
  <level>INFO</level>
  <class>com.kms.katalon.core.logging.XmlKeywordLogger</class>
  <method>logMessage</method>
  <thread>3103</thread>
  <message>Finding test data with id &amp;apos;Data Files/wa&amp;apos;</message>
  <nestedLevel>0</nestedLevel>
  <escapedJava>false</escapedJava>
</record>
<record>
  <date>2026-01-02T17:10:23</date>
  <millis>1767348623340</millis>
  <sequence>4656</sequence>
  <level>INFO</level>
  <class>com.kms.katalon.core.logging.XmlKeywordLogger</class>
  <method>logMessage</method>
  <thread>3103</thread>
  <message>Test data is internal data, reading internal data</message>
  <nestedLevel>0</nestedLevel>
  <escapedJava>false</escapedJava>
</record>
