<?xml version="1.0" encoding="UTF-8" standalone="no"?>
<!DOCTYPE log SYSTEM "logger.dtd">
<log>
<record>
  <date>2026-01-02T17:06:17</date>
  <millis>1767348377271</millis>
  <sequence>0</sequence>
  <level>START</level>
  <class>com.kms.katalon.core.logging.XmlKeywordLogger</class>
  <method>startSuite</method>
  <thread>1</thread>
  <message>Start Test Suite : Test Suites/Login</message>
  <nestedLevel>0</nestedLevel>
  <escapedJava>false</escapedJava>
  <property name="rerunTestFailImmediately">false</property>
  <property name="retryCount">0</property>
  <property name="name">Login</property>
  <property name="description"></property>
  <property name="id">Test Suites/Login</property>
</record>
<record>
  <date>2026-01-02T17:06:17</date>
  <millis>1767348377285</millis>
  <sequence>1</sequence>
  <level>RUN_DATA</level>
  <class>com.kms.katalon.core.logging.XmlKeywordLogger</class>
  <method>logMessage</method>
  <thread>1</thread>
  <message>hostName = ichsa - MSI</message>
  <nestedLevel>0</nestedLevel>
  <escapedJava>false</escapedJava>
  <property name="hostName">ichsa - MSI</property>
</record>
<record>
  <date>2026-01-02T17:06:17</date>
  <millis>1767348377285</millis>
  <sequence>2</sequence>
  <level>RUN_DATA</level>
  <class>com.kms.katalon.core.logging.XmlKeywordLogger</class>
  <method>logMessage</method>
  <thread>1</thread>
  <message>os = Windows 11 64bit</message>
  <nestedLevel>0</nestedLevel>
  <escapedJava>false</escapedJava>
  <property name="os">Windows 11 64bit</property>
</record>
<record>
  <date>2026-01-02T17:06:17</date>
  <millis>1767348377285</millis>
  <sequence>3</sequence>
  <level>RUN_DATA</level>
  <class>com.kms.katalon.core.logging.XmlKeywordLogger</class>
  <method>logMessage</method>
  <thread>1</thread>
  <message>hostAddress = 192.168.1.6</message>
  <nestedLevel>0</nestedLevel>
  <escapedJava>false</escapedJava>
  <property name="hostAddress">192.168.1.6</property>
</record>
<record>
  <date>2026-01-02T17:06:17</date>
  <millis>1767348377286</millis>
  <sequence>4</sequence>
  <level>RUN_DATA</level>
  <class>com.kms.katalon.core.logging.XmlKeywordLogger</class>
  <method>logMessage</method>
  <thread>1</thread>
  <message>katalonVersion = 8.6.9.208</message>
  <nestedLevel>0</nestedLevel>
  <escapedJava>false</escapedJava>
  <property name="katalonVersion">8.6.9.208</property>
</record>
<record>
  <date>2026-01-02T17:06:17</date>
  <millis>1767348377590</millis>
  <sequence>5</sequence>
  <level>START</level>
  <class>com.kms.katalon.core.logging.XmlKeywordLogger</class>
  <method>startTest</method>
  <thread>1</thread>
  <message>Start Test Case : Test Cases/Login by Email</message>
  <nestedLevel>1</nestedLevel>
  <escapedJava>false</escapedJava>
  <property name="name">Test Cases/Login by Email</property>
  <property name="description"></property>
  <property name="iteration"></property>
  <property name="id">Test Cases/Login by Email</property>
  <property name="source">C:\Users\ichsa\Katalon Studio\Labamu\Test Cases\Login by Email.tc</property>
  <property name="tag"></property>
  <property name="isOptional">false</property>
</record>
<record>
  <date>2026-01-02T17:06:17</date>
  <millis>1767348377605</millis>
  <sequence>7</sequence>
  <level>INFO</level>
  <class>com.kms.katalon.core.logging.XmlKeywordLogger</class>
  <method>logMessage</method>
  <thread>1</thread>
  <message>email = tester@gmail.com</message>
  <nestedLevel>1</nestedLevel>
  <escapedJava>false</escapedJava>
</record>
<record>
  <date>2026-01-02T17:06:17</date>
  <millis>1767348377912</millis>
  <sequence>8</sequence>
  <level>START</level>
  <class>com.kms.katalon.core.logging.XmlKeywordLogger</class>
  <method>startKeyword</method>
  <thread>1</thread>
  <message>Start action : startExistingApplication(&amp;quot;id.co.labamu.app&amp;quot;)</message>
  <nestedLevel>1</nestedLevel>
  <escapedJava>false</escapedJava>
  <property name="startLine">23</property>
  <property name="stepIndex">1</property>
</record>
<record>
  <date>2026-01-02T17:06:18</date>
  <millis>1767348378288</millis>
  <sequence>10</sequence>
  <level>INFO</level>
  <class>com.kms.katalon.core.logging.XmlKeywordLogger</class>
  <method>logMessage</method>
  <thread>1</thread>
  <message>Detected NodeJS location: &amp;quot;C:\Program Files\nodejs\node.exe&amp;quot;</message>
  <nestedLevel>1</nestedLevel>
  <escapedJava>false</escapedJava>
</record>
<record>
  <date>2026-01-02T17:06:23</date>
  <millis>1767348383723</millis>
  <sequence>11</sequence>
  <level>INFO</level>
  <class>com.kms.katalon.core.logging.XmlKeywordLogger</class>
  <method>logMessage</method>
  <thread>1</thread>
  <message>Appium server started on port 50,730</message>
  <nestedLevel>1</nestedLevel>
  <escapedJava>false</escapedJava>
</record>
<record>
  <date>2026-01-02T17:06:34</date>
  <millis>1767348394503</millis>
  <sequence>13</sequence>
  <level>RUN_DATA</level>
  <class>com.kms.katalon.core.logging.XmlKeywordLogger</class>
  <method>logMessage</method>
  <thread>1</thread>
  <message>appiumVersion = 1.22.3</message>
  <nestedLevel>1</nestedLevel>
  <escapedJava>false</escapedJava>
  <property name="appiumVersion">1.22.3</property>
</record>
<record>
  <date>2026-01-02T17:06:34</date>
  <millis>1767348394503</millis>
  <sequence>14</sequence>
  <level>RUN_DATA</level>
  <class>com.kms.katalon.core.logging.XmlKeywordLogger</class>
  <method>logMessage</method>
  <thread>1</thread>
  <message>appiumServerStatus = {&amp;quot;value&amp;quot;:{&amp;quot;build&amp;quot;:{&amp;quot;version&amp;quot;:&amp;quot;1.22.3&amp;quot;}},&amp;quot;sessionId&amp;quot;:null,&amp;quot;status&amp;quot;:0}</message>
  <nestedLevel>1</nestedLevel>
  <escapedJava>false</escapedJava>
  <property name="appiumServerStatus">{&quot;value&quot;:{&quot;build&quot;:{&quot;version&quot;:&quot;1.22.3&quot;}},&quot;sessionId&quot;:null,&quot;status&quot;:0}</property>
</record>
<record>
  <date>2026-01-02T17:06:34</date>
  <millis>1767348394516</millis>
  <sequence>15</sequence>
  <level>RUN_DATA</level>
  <class>com.kms.katalon.core.logging.XmlKeywordLogger</class>
  <method>logMessage</method>
  <thread>1</thread>
  <message>deviceId = RR8R5017EJV</message>
  <nestedLevel>1</nestedLevel>
  <escapedJava>false</escapedJava>
  <property name="deviceId">RR8R5017EJV</property>
</record>
<record>
  <date>2026-01-02T17:06:34</date>
  <millis>1767348394516</millis>
  <sequence>16</sequence>
  <level>RUN_DATA</level>
  <class>com.kms.katalon.core.logging.XmlKeywordLogger</class>
  <method>logMessage</method>
  <thread>1</thread>
  <message>deviceName = samsung SM-A125F (Android 12)</message>
  <nestedLevel>1</nestedLevel>
  <escapedJava>false</escapedJava>
  <property name="deviceName">samsung SM-A125F (Android 12)</property>
</record>
<record>
  <date>2026-01-02T17:06:34</date>
  <millis>1767348394516</millis>
  <sequence>17</sequence>
  <level>RUN_DATA</level>
  <class>com.kms.katalon.core.logging.XmlKeywordLogger</class>
  <method>logMessage</method>
  <thread>1</thread>
  <message>deviceModel = SM-A125F</message>
  <nestedLevel>1</nestedLevel>
  <escapedJava>false</escapedJava>
  <property name="deviceModel">SM-A125F</property>
</record>
<record>
  <date>2026-01-02T17:06:34</date>
  <millis>1767348394516</millis>
  <sequence>18</sequence>
  <level>RUN_DATA</level>
  <class>com.kms.katalon.core.logging.XmlKeywordLogger</class>
  <method>logMessage</method>
  <thread>1</thread>
  <message>deviceManufacturer = samsung</message>
  <nestedLevel>1</nestedLevel>
  <escapedJava>false</escapedJava>
  <property name="deviceManufacturer">samsung</property>
</record>
<record>
  <date>2026-01-02T17:06:34</date>
  <millis>1767348394516</millis>
  <sequence>19</sequence>
  <level>RUN_DATA</level>
  <class>com.kms.katalon.core.logging.XmlKeywordLogger</class>
  <method>logMessage</method>
  <thread>1</thread>
  <message>deviceOS = Android</message>
  <nestedLevel>1</nestedLevel>
  <escapedJava>false</escapedJava>
  <property name="deviceOS">Android</property>
</record>
<record>
  <date>2026-01-02T17:06:34</date>
  <millis>1767348394517</millis>
  <sequence>20</sequence>
  <level>RUN_DATA</level>
  <class>com.kms.katalon.core.logging.XmlKeywordLogger</class>
  <method>logMessage</method>
  <thread>1</thread>
  <message>deviceOSVersion = 12</message>
  <nestedLevel>1</nestedLevel>
  <escapedJava>false</escapedJava>
  <property name="deviceOSVersion">12</property>
</record>
<record>
  <date>2026-01-02T17:06:36</date>
  <millis>1767348396521</millis>
  <sequence>22</sequence>
  <level>PASSED</level>
  <class>com.kms.katalon.core.logging.XmlKeywordLogger</class>
  <method>logMessage</method>
  <thread>1</thread>
  <message>Starting app with application ID: &amp;apos;id.co.labamu.app&amp;apos;</message>
  <nestedLevel>1</nestedLevel>
  <escapedJava>false</escapedJava>
  <property name="testops-method-name">com.kms.katalon.core.mobile.keyword.internal.MobileKeywordMain$runKeyword.call</property>
  <property name="testops-execution-stacktrace">com.kms.katalon.core.logging.KeywordLogger.logPassed(KeywordLogger.java:340)
com.kms.katalon.core.logging.KeywordLogger.logPassed(KeywordLogger.java:334)
com.kms.katalon.core.logging.KeywordLogger$logPassed$1.call(Unknown Source)
com.kms.katalon.core.mobile.keyword.builtin.StartExistingApplicationKeyword$_startApplication_closure1.doCall(StartExistingApplicationKeyword.groovy:51)
com.kms.katalon.core.mobile.keyword.builtin.StartExistingApplicationKeyword$_startApplication_closure1.doCall(StartExistingApplicationKeyword.groovy)
com.kms.katalon.core.mobile.keyword.internal.MobileKeywordMain.runKeyword(MobileKeywordMain.groovy:21)
com.kms.katalon.core.mobile.keyword.internal.MobileKeywordMain$runKeyword.call(Unknown Source)
com.kms.katalon.core.mobile.keyword.builtin.StartExistingApplicationKeyword.startApplication(StartExistingApplicationKeyword.groovy:52)
com.kms.katalon.core.mobile.keyword.builtin.StartExistingApplicationKeyword.execute(StartExistingApplicationKeyword.groovy:37)
com.kms.katalon.core.keyword.internal.KeywordExecutor.executeKeywordForPlatform(KeywordExecutor.groovy:74)
com.kms.katalon.core.mobile.keyword.MobileBuiltInKeywords.startExistingApplication(MobileBuiltInKeywords.groovy:92)
com.kms.katalon.core.mobile.keyword.MobileBuiltInKeywords$startExistingApplication.call(Unknown Source)
Login by Email.run(Login by Email:23)
</property>
</record>
<record>
  <date>2026-01-02T17:06:36</date>
  <millis>1767348396522</millis>
  <sequence>23</sequence>
  <level>END</level>
  <class>com.kms.katalon.core.logging.XmlKeywordLogger</class>
  <method>endKeyword</method>
  <thread>1</thread>
  <message>End action : startExistingApplication(&amp;quot;id.co.labamu.app&amp;quot;)</message>
  <nestedLevel>1</nestedLevel>
  <escapedJava>false</escapedJava>
</record>
<record>
  <date>2026-01-02T17:06:36</date>
  <millis>1767348396522</millis>
  <sequence>24</sequence>
  <level>START</level>
  <class>com.kms.katalon.core.logging.XmlKeywordLogger</class>
  <method>startKeyword</method>
  <thread>1</thread>
  <message>Start action : widget = findTestObject(&amp;quot;Object Repository/btn-Widget-While&amp;quot;)</message>
  <nestedLevel>1</nestedLevel>
  <escapedJava>false</escapedJava>
  <property name="startLine">24</property>
  <property name="stepIndex">2</property>
</record>
<record>
  <date>2026-01-02T17:06:36</date>
  <millis>1767348396577</millis>
  <sequence>26</sequence>
  <level>END</level>
  <class>com.kms.katalon.core.logging.XmlKeywordLogger</class>
  <method>endKeyword</method>
  <thread>1</thread>
  <message>End action : widget = findTestObject(&amp;quot;Object Repository/btn-Widget-While&amp;quot;)</message>
  <nestedLevel>1</nestedLevel>
  <escapedJava>false</escapedJava>
</record>
<record>
  <date>2026-01-02T17:06:36</date>
  <millis>1767348396577</millis>
  <sequence>27</sequence>
  <level>START</level>
  <class>com.kms.katalon.core.logging.XmlKeywordLogger</class>
  <method>startKeyword</method>
  <thread>1</thread>
  <message>Start action : if (waitForElementPresent(widget, 5))</message>
  <nestedLevel>1</nestedLevel>
  <escapedJava>false</escapedJava>
  <property name="startLine">25</property>
  <property name="stepIndex">3</property>
</record>
<record>
  <date>2026-01-02T17:06:41</date>
  <millis>1767348401763</millis>
  <sequence>30</sequence>
  <level>WARNING</level>
  <class>com.kms.katalon.core.logging.XmlKeywordLogger</class>
  <method>logMessage</method>
  <thread>1</thread>
  <message>Object Object Repository/btn-Widget-While not found</message>
  <nestedLevel>1</nestedLevel>
  <escapedJava>false</escapedJava>
</record>
<record>
  <date>2026-01-02T17:06:41</date>
  <millis>1767348401763</millis>
  <sequence>31</sequence>
  <level>END</level>
  <class>com.kms.katalon.core.logging.XmlKeywordLogger</class>
  <method>endKeyword</method>
  <thread>1</thread>
  <message>End action : if (waitForElementPresent(widget, 5))</message>
  <nestedLevel>1</nestedLevel>
  <escapedJava>false</escapedJava>
</record>
<record>
  <date>2026-01-02T17:06:41</date>
  <millis>1767348401763</millis>
  <sequence>32</sequence>
  <level>START</level>
  <class>com.kms.katalon.core.logging.XmlKeywordLogger</class>
  <method>startKeyword</method>
  <thread>1</thread>
  <message>Start action : else</message>
  <nestedLevel>1</nestedLevel>
  <escapedJava>false</escapedJava>
  <property name="startLine">28</property>
  <property name="stepIndex">4</property>
</record>
<record>
  <date>2026-01-02T17:06:41</date>
  <millis>1767348401764</millis>
  <sequence>33</sequence>
  <level>START</level>
  <class>com.kms.katalon.core.logging.XmlKeywordLogger</class>
  <method>startKeyword</method>
  <thread>1</thread>
  <message>Start action : println(&amp;quot;Widget tidak muncul, lanjut step berikutnya&amp;quot;)</message>
  <nestedLevel>2</nestedLevel>
  <escapedJava>false</escapedJava>
  <property name="startLine">29</property>
  <property name="stepIndex">1</property>
</record>
<record>
  <date>2026-01-02T17:06:41</date>
  <millis>1767348401766</millis>
  <sequence>34</sequence>
  <level>END</level>
  <class>com.kms.katalon.core.logging.XmlKeywordLogger</class>
  <method>endKeyword</method>
  <thread>1</thread>
  <message>End action : println(&amp;quot;Widget tidak muncul, lanjut step berikutnya&amp;quot;)</message>
  <nestedLevel>2</nestedLevel>
  <escapedJava>false</escapedJava>
</record>
<record>
  <date>2026-01-02T17:06:41</date>
  <millis>1767348401766</millis>
  <sequence>35</sequence>
  <level>END</level>
  <class>com.kms.katalon.core.logging.XmlKeywordLogger</class>
  <method>endKeyword</method>
  <thread>1</thread>
  <message>End action : else</message>
  <nestedLevel>1</nestedLevel>
  <escapedJava>false</escapedJava>
</record>
<record>
  <date>2026-01-02T17:06:41</date>
  <millis>1767348401766</millis>
  <sequence>36</sequence>
  <level>START</level>
  <class>com.kms.katalon.core.logging.XmlKeywordLogger</class>
  <method>startKeyword</method>
  <thread>1</thread>
  <message>Start action : btnEmailOption = findTestObject(&amp;quot;Object Repository/btn-text-Email-Option&amp;quot;)</message>
  <nestedLevel>1</nestedLevel>
  <escapedJava>false</escapedJava>
  <property name="startLine">31</property>
  <property name="stepIndex">5</property>
</record>
<record>
  <date>2026-01-02T17:06:41</date>
  <millis>1767348401808</millis>
  <sequence>38</sequence>
  <level>END</level>
  <class>com.kms.katalon.core.logging.XmlKeywordLogger</class>
  <method>endKeyword</method>
  <thread>1</thread>
  <message>End action : btnEmailOption = findTestObject(&amp;quot;Object Repository/btn-text-Email-Option&amp;quot;)</message>
  <nestedLevel>1</nestedLevel>
  <escapedJava>false</escapedJava>
</record>
<record>
  <date>2026-01-02T17:06:41</date>
  <millis>1767348401810</millis>
  <sequence>39</sequence>
  <level>START</level>
  <class>com.kms.katalon.core.logging.XmlKeywordLogger</class>
  <method>startKeyword</method>
  <thread>1</thread>
  <message>Start action : inputEmail = findTestObject(&amp;quot;Object Repository/edt-Input-Email&amp;quot;)</message>
  <nestedLevel>1</nestedLevel>
  <escapedJava>false</escapedJava>
  <property name="startLine">32</property>
  <property name="stepIndex">6</property>
</record>
<record>
  <date>2026-01-02T17:06:41</date>
  <millis>1767348401853</millis>
  <sequence>41</sequence>
  <level>END</level>
  <class>com.kms.katalon.core.logging.XmlKeywordLogger</class>
  <method>endKeyword</method>
  <thread>1</thread>
  <message>End action : inputEmail = findTestObject(&amp;quot;Object Repository/edt-Input-Email&amp;quot;)</message>
  <nestedLevel>1</nestedLevel>
  <escapedJava>false</escapedJava>
</record>
<record>
  <date>2026-01-02T17:06:41</date>
  <millis>1767348401854</millis>
  <sequence>42</sequence>
  <level>START</level>
  <class>com.kms.katalon.core.logging.XmlKeywordLogger</class>
  <method>startKeyword</method>
  <thread>1</thread>
  <message>Start action : chkAgreement = findTestObject(&amp;quot;Object Repository/btn-CheckBox&amp;quot;)</message>
  <nestedLevel>1</nestedLevel>
  <escapedJava>false</escapedJava>
  <property name="startLine">33</property>
  <property name="stepIndex">7</property>
</record>
<record>
  <date>2026-01-02T17:06:41</date>
  <millis>1767348401894</millis>
  <sequence>44</sequence>
  <level>END</level>
  <class>com.kms.katalon.core.logging.XmlKeywordLogger</class>
  <method>endKeyword</method>
  <thread>1</thread>
  <message>End action : chkAgreement = findTestObject(&amp;quot;Object Repository/btn-CheckBox&amp;quot;)</message>
  <nestedLevel>1</nestedLevel>
  <escapedJava>false</escapedJava>
</record>
<record>
  <date>2026-01-02T17:06:41</date>
  <millis>1767348401894</millis>
  <sequence>45</sequence>
  <level>START</level>
  <class>com.kms.katalon.core.logging.XmlKeywordLogger</class>
  <method>startKeyword</method>
  <thread>1</thread>
  <message>Start action : btnMasuk = findTestObject(&amp;quot;Object Repository/btn-Masuk&amp;quot;)</message>
  <nestedLevel>1</nestedLevel>
  <escapedJava>false</escapedJava>
  <property name="startLine">34</property>
  <property name="stepIndex">8</property>
</record>
<record>
  <date>2026-01-02T17:06:41</date>
  <millis>1767348401935</millis>
  <sequence>47</sequence>
  <level>END</level>
  <class>com.kms.katalon.core.logging.XmlKeywordLogger</class>
  <method>endKeyword</method>
  <thread>1</thread>
  <message>End action : btnMasuk = findTestObject(&amp;quot;Object Repository/btn-Masuk&amp;quot;)</message>
  <nestedLevel>1</nestedLevel>
  <escapedJava>false</escapedJava>
</record>
<record>
  <date>2026-01-02T17:06:41</date>
  <millis>1767348401935</millis>
  <sequence>48</sequence>
  <level>START</level>
  <class>com.kms.katalon.core.logging.XmlKeywordLogger</class>
  <method>startKeyword</method>
  <thread>1</thread>
  <message>Start action : waitForElementPresent(btnEmailOption, 10)</message>
  <nestedLevel>1</nestedLevel>
  <escapedJava>false</escapedJava>
  <property name="startLine">35</property>
  <property name="stepIndex">9</property>
</record>
<record>
  <date>2026-01-02T17:06:42</date>
  <millis>1767348402249</millis>
  <sequence>51</sequence>
  <level>PASSED</level>
  <class>com.kms.katalon.core.logging.XmlKeywordLogger</class>
  <method>logMessage</method>
  <thread>1</thread>
  <message>Element &amp;apos;Object Repository/btn-text-Email-Option&amp;apos; is present</message>
  <nestedLevel>1</nestedLevel>
  <escapedJava>false</escapedJava>
  <property name="testops-method-name">com.kms.katalon.core.mobile.keyword.builtin.WaitForElementPresentKeyword.waitForElementPresent</property>
  <property name="testops-execution-stacktrace"></property>
</record>
<record>
  <date>2026-01-02T17:06:42</date>
  <millis>1767348402249</millis>
  <sequence>52</sequence>
  <level>END</level>
  <class>com.kms.katalon.core.logging.XmlKeywordLogger</class>
  <method>endKeyword</method>
  <thread>1</thread>
  <message>End action : waitForElementPresent(btnEmailOption, 10)</message>
  <nestedLevel>1</nestedLevel>
  <escapedJava>false</escapedJava>
</record>
<record>
  <date>2026-01-02T17:06:42</date>
  <millis>1767348402249</millis>
  <sequence>53</sequence>
  <level>START</level>
  <class>com.kms.katalon.core.logging.XmlKeywordLogger</class>
  <method>startKeyword</method>
  <thread>1</thread>
  <message>Start action : tap(btnEmailOption, 10)</message>
  <nestedLevel>1</nestedLevel>
  <escapedJava>false</escapedJava>
  <property name="startLine">36</property>
  <property name="stepIndex">10</property>
</record>
<record>
  <date>2026-01-02T17:06:42</date>
  <millis>1767348402581</millis>
  <sequence>56</sequence>
  <level>PASSED</level>
  <class>com.kms.katalon.core.logging.XmlKeywordLogger</class>
  <method>logMessage</method>
  <thread>1</thread>
  <message>Tapped on element &amp;apos;Object Repository/btn-text-Email-Option&amp;apos;</message>
  <nestedLevel>1</nestedLevel>
  <escapedJava>false</escapedJava>
  <property name="testops-method-name">com.kms.katalon.core.mobile.keyword.builtin.TapKeyword.tap</property>
  <property name="testops-execution-stacktrace"></property>
</record>
<record>
  <date>2026-01-02T17:06:42</date>
  <millis>1767348402581</millis>
  <sequence>57</sequence>
  <level>END</level>
  <class>com.kms.katalon.core.logging.XmlKeywordLogger</class>
  <method>endKeyword</method>
  <thread>1</thread>
  <message>End action : tap(btnEmailOption, 10)</message>
  <nestedLevel>1</nestedLevel>
  <escapedJava>false</escapedJava>
</record>
<record>
  <date>2026-01-02T17:06:42</date>
  <millis>1767348402581</millis>
  <sequence>58</sequence>
  <level>START</level>
  <class>com.kms.katalon.core.logging.XmlKeywordLogger</class>
  <method>startKeyword</method>
  <thread>1</thread>
  <message>Start action : waitForElementPresent(inputEmail, 10)</message>
  <nestedLevel>1</nestedLevel>
  <escapedJava>false</escapedJava>
  <property name="startLine">37</property>
  <property name="stepIndex">11</property>
</record>
<record>
  <date>2026-01-02T17:06:43</date>
  <millis>1767348403322</millis>
  <sequence>61</sequence>
  <level>PASSED</level>
  <class>com.kms.katalon.core.logging.XmlKeywordLogger</class>
  <method>logMessage</method>
  <thread>1</thread>
  <message>Element &amp;apos;Object Repository/edt-Input-Email&amp;apos; is present</message>
  <nestedLevel>1</nestedLevel>
  <escapedJava>false</escapedJava>
  <property name="testops-method-name">com.kms.katalon.core.mobile.keyword.builtin.WaitForElementPresentKeyword.waitForElementPresent</property>
  <property name="testops-execution-stacktrace"></property>
</record>
<record>
  <date>2026-01-02T17:06:43</date>
  <millis>1767348403322</millis>
  <sequence>62</sequence>
  <level>END</level>
  <class>com.kms.katalon.core.logging.XmlKeywordLogger</class>
  <method>endKeyword</method>
  <thread>1</thread>
  <message>End action : waitForElementPresent(inputEmail, 10)</message>
  <nestedLevel>1</nestedLevel>
  <escapedJava>false</escapedJava>
</record>
<record>
  <date>2026-01-02T17:06:43</date>
  <millis>1767348403322</millis>
  <sequence>63</sequence>
  <level>START</level>
  <class>com.kms.katalon.core.logging.XmlKeywordLogger</class>
  <method>startKeyword</method>
  <thread>1</thread>
  <message>Start action : tap(inputEmail, 10)</message>
  <nestedLevel>1</nestedLevel>
  <escapedJava>false</escapedJava>
  <property name="startLine">38</property>
  <property name="stepIndex">12</property>
</record>
<record>
  <date>2026-01-02T17:06:43</date>
  <millis>1767348403663</millis>
  <sequence>66</sequence>
  <level>PASSED</level>
  <class>com.kms.katalon.core.logging.XmlKeywordLogger</class>
  <method>logMessage</method>
  <thread>1</thread>
  <message>Tapped on element &amp;apos;Object Repository/edt-Input-Email&amp;apos;</message>
  <nestedLevel>1</nestedLevel>
  <escapedJava>false</escapedJava>
  <property name="testops-method-name">com.kms.katalon.core.mobile.keyword.builtin.TapKeyword.tap</property>
  <property name="testops-execution-stacktrace"></property>
</record>
<record>
  <date>2026-01-02T17:06:43</date>
  <millis>1767348403663</millis>
  <sequence>67</sequence>
  <level>END</level>
  <class>com.kms.katalon.core.logging.XmlKeywordLogger</class>
  <method>endKeyword</method>
  <thread>1</thread>
  <message>End action : tap(inputEmail, 10)</message>
  <nestedLevel>1</nestedLevel>
  <escapedJava>false</escapedJava>
</record>
<record>
  <date>2026-01-02T17:06:43</date>
  <millis>1767348403663</millis>
  <sequence>68</sequence>
  <level>START</level>
  <class>com.kms.katalon.core.logging.XmlKeywordLogger</class>
  <method>startKeyword</method>
  <thread>1</thread>
  <message>Start action : setText(inputEmail, email, 10)</message>
  <nestedLevel>1</nestedLevel>
  <escapedJava>false</escapedJava>
  <property name="startLine">39</property>
  <property name="stepIndex">13</property>
</record>
<record>
  <date>2026-01-02T17:06:45</date>
  <millis>1767348405645</millis>
  <sequence>71</sequence>
  <level>PASSED</level>
  <class>com.kms.katalon.core.logging.XmlKeywordLogger</class>
  <method>logMessage</method>
  <thread>1</thread>
  <message>Text &amp;apos;tester@gmail.com&amp;apos; has been set to element &amp;apos;Object Repository/edt-Input-Email&amp;apos;</message>
  <nestedLevel>1</nestedLevel>
  <escapedJava>false</escapedJava>
  <property name="testops-method-name">com.kms.katalon.core.mobile.keyword.builtin.SetTextKeyword.setText</property>
  <property name="testops-execution-stacktrace"></property>
</record>
<record>
  <date>2026-01-02T17:06:45</date>
  <millis>1767348405645</millis>
  <sequence>72</sequence>
  <level>END</level>
  <class>com.kms.katalon.core.logging.XmlKeywordLogger</class>
  <method>endKeyword</method>
  <thread>1</thread>
  <message>End action : setText(inputEmail, email, 10)</message>
  <nestedLevel>1</nestedLevel>
  <escapedJava>false</escapedJava>
</record>
<record>
  <date>2026-01-02T17:06:45</date>
  <millis>1767348405645</millis>
  <sequence>73</sequence>
  <level>START</level>
  <class>com.kms.katalon.core.logging.XmlKeywordLogger</class>
  <method>startKeyword</method>
  <thread>1</thread>
  <message>Start action : tap(chkAgreement, 10)</message>
  <nestedLevel>1</nestedLevel>
  <escapedJava>false</escapedJava>
  <property name="startLine">40</property>
  <property name="stepIndex">14</property>
</record>
<record>
  <date>2026-01-02T17:06:46</date>
  <millis>1767348406458</millis>
  <sequence>76</sequence>
  <level>PASSED</level>
  <class>com.kms.katalon.core.logging.XmlKeywordLogger</class>
  <method>logMessage</method>
  <thread>1</thread>
  <message>Tapped on element &amp;apos;Object Repository/btn-CheckBox&amp;apos;</message>
  <nestedLevel>1</nestedLevel>
  <escapedJava>false</escapedJava>
  <property name="testops-method-name">com.kms.katalon.core.mobile.keyword.builtin.TapKeyword.tap</property>
  <property name="testops-execution-stacktrace"></property>
</record>
<record>
  <date>2026-01-02T17:06:46</date>
  <millis>1767348406459</millis>
  <sequence>77</sequence>
  <level>END</level>
  <class>com.kms.katalon.core.logging.XmlKeywordLogger</class>
  <method>endKeyword</method>
  <thread>1</thread>
  <message>End action : tap(chkAgreement, 10)</message>
  <nestedLevel>1</nestedLevel>
  <escapedJava>false</escapedJava>
</record>
<record>
  <date>2026-01-02T17:06:46</date>
  <millis>1767348406459</millis>
  <sequence>78</sequence>
  <level>START</level>
  <class>com.kms.katalon.core.logging.XmlKeywordLogger</class>
  <method>startKeyword</method>
  <thread>1</thread>
  <message>Start action : waitForElementAttributeValue(btnMasuk, &amp;quot;enabled&amp;quot;, &amp;quot;true&amp;quot;, 10)</message>
  <nestedLevel>1</nestedLevel>
  <escapedJava>false</escapedJava>
  <property name="startLine">41</property>
  <property name="stepIndex">15</property>
</record>
<record>
  <date>2026-01-02T17:06:47</date>
  <millis>1767348407285</millis>
  <sequence>82</sequence>
  <level>PASSED</level>
  <class>com.kms.katalon.core.logging.XmlKeywordLogger</class>
  <method>logMessage</method>
  <thread>1</thread>
  <message>Object &amp;apos;Object Repository/btn-Masuk&amp;apos; has attribute &amp;apos;enabled&amp;apos; with value &amp;apos;true&amp;apos;</message>
  <nestedLevel>1</nestedLevel>
  <escapedJava>false</escapedJava>
  <property name="testops-method-name">com.kms.katalon.core.mobile.keyword.builtin.WaitForElementAttributeValueKeyword.waitForElementAttributeValue</property>
  <property name="testops-execution-stacktrace"></property>
</record>
<record>
  <date>2026-01-02T17:06:47</date>
  <millis>1767348407286</millis>
  <sequence>83</sequence>
  <level>END</level>
  <class>com.kms.katalon.core.logging.XmlKeywordLogger</class>
  <method>endKeyword</method>
  <thread>1</thread>
  <message>End action : waitForElementAttributeValue(btnMasuk, &amp;quot;enabled&amp;quot;, &amp;quot;true&amp;quot;, 10)</message>
  <nestedLevel>1</nestedLevel>
  <escapedJava>false</escapedJava>
</record>
<record>
  <date>2026-01-02T17:06:47</date>
  <millis>1767348407286</millis>
  <sequence>84</sequence>
  <level>START</level>
  <class>com.kms.katalon.core.logging.XmlKeywordLogger</class>
  <method>startKeyword</method>
  <thread>1</thread>
  <message>Start action : verifyElementAttributeValue(btnMasuk, &amp;quot;enabled&amp;quot;, &amp;quot;true&amp;quot;, 10)</message>
  <nestedLevel>1</nestedLevel>
  <escapedJava>false</escapedJava>
  <property name="startLine">47</property>
  <property name="stepIndex">16</property>
</record>
<record>
  <date>2026-01-02T17:06:47</date>
  <millis>1767348407507</millis>
  <sequence>88</sequence>
  <level>PASSED</level>
  <class>com.kms.katalon.core.logging.XmlKeywordLogger</class>
  <method>logMessage</method>
  <thread>1</thread>
  <message>Object &amp;apos;Object Repository/btn-Masuk&amp;apos; has attribute &amp;apos;enabled&amp;apos; with value &amp;apos;true&amp;apos;</message>
  <nestedLevel>1</nestedLevel>
  <escapedJava>false</escapedJava>
  <property name="testops-is-assertion">true</property>
  <property name="testops-method-name">com.kms.katalon.core.mobile.keyword.builtin.VerifyElementAttributeValueKeyword.verifyElementAttributeValue</property>
  <property name="testops-execution-stacktrace"></property>
</record>
<record>
  <date>2026-01-02T17:06:47</date>
  <millis>1767348407508</millis>
  <sequence>89</sequence>
  <level>END</level>
  <class>com.kms.katalon.core.logging.XmlKeywordLogger</class>
  <method>endKeyword</method>
  <thread>1</thread>
  <message>End action : verifyElementAttributeValue(btnMasuk, &amp;quot;enabled&amp;quot;, &amp;quot;true&amp;quot;, 10)</message>
  <nestedLevel>1</nestedLevel>
  <escapedJava>false</escapedJava>
</record>
<record>
  <date>2026-01-02T17:06:47</date>
  <millis>1767348407508</millis>
  <sequence>90</sequence>
  <level>START</level>
  <class>com.kms.katalon.core.logging.XmlKeywordLogger</class>
  <method>startKeyword</method>
  <thread>1</thread>
  <message>Start action : tap(btnMasuk, 10)</message>
  <nestedLevel>1</nestedLevel>
  <escapedJava>false</escapedJava>
  <property name="startLine">53</property>
  <property name="stepIndex">17</property>
</record>
<record>
  <date>2026-01-02T17:06:47</date>
  <millis>1767348407726</millis>
  <sequence>93</sequence>
  <level>PASSED</level>
  <class>com.kms.katalon.core.logging.XmlKeywordLogger</class>
  <method>logMessage</method>
  <thread>1</thread>
  <message>Tapped on element &amp;apos;Object Repository/btn-Masuk&amp;apos;</message>
  <nestedLevel>1</nestedLevel>
  <escapedJava>false</escapedJava>
  <property name="testops-method-name">com.kms.katalon.core.mobile.keyword.builtin.TapKeyword.tap</property>
  <property name="testops-execution-stacktrace"></property>
</record>
<record>
  <date>2026-01-02T17:06:47</date>
  <millis>1767348407727</millis>
  <sequence>94</sequence>
  <level>END</level>
  <class>com.kms.katalon.core.logging.XmlKeywordLogger</class>
  <method>endKeyword</method>
  <thread>1</thread>
  <message>End action : tap(btnMasuk, 10)</message>
  <nestedLevel>1</nestedLevel>
  <escapedJava>false</escapedJava>
</record>
<record>
  <date>2026-01-02T17:06:47</date>
  <millis>1767348407727</millis>
  <sequence>95</sequence>
  <level>START</level>
  <class>com.kms.katalon.core.logging.XmlKeywordLogger</class>
  <method>startKeyword</method>
  <thread>1</thread>
  <message>Start action : closeApplication()</message>
  <nestedLevel>1</nestedLevel>
  <escapedJava>false</escapedJava>
  <property name="startLine">54</property>
  <property name="stepIndex">18</property>
</record>
<record>
  <date>2026-01-02T17:06:48</date>
  <millis>1767348408270</millis>
  <sequence>96</sequence>
  <level>PASSED</level>
  <class>com.kms.katalon.core.logging.XmlKeywordLogger</class>
  <method>logMessage</method>
  <thread>1</thread>
  <message>Close app successfully</message>
  <nestedLevel>1</nestedLevel>
  <escapedJava>false</escapedJava>
  <property name="testops-method-name">com.kms.katalon.core.mobile.keyword.builtin.CloseApplicationKeyword.closeApplication</property>
  <property name="testops-execution-stacktrace"></property>
</record>
<record>
  <date>2026-01-02T17:06:48</date>
  <millis>1767348408270</millis>
  <sequence>97</sequence>
  <level>END</level>
  <class>com.kms.katalon.core.logging.XmlKeywordLogger</class>
  <method>endKeyword</method>
  <thread>1</thread>
  <message>End action : closeApplication()</message>
  <nestedLevel>1</nestedLevel>
  <escapedJava>false</escapedJava>
</record>
<record>
  <date>2026-01-02T17:06:48</date>
  <millis>1767348408270</millis>
  <sequence>98</sequence>
  <level>PASSED</level>
  <class>com.kms.katalon.core.logging.XmlKeywordLogger</class>
  <method>logMessage</method>
  <thread>1</thread>
  <message>Test Cases/Login by Email</message>
  <nestedLevel>1</nestedLevel>
  <escapedJava>false</escapedJava>
</record>
<record>
  <date>2026-01-02T17:06:48</date>
  <millis>1767348408272</millis>
  <sequence>99</sequence>
  <level>END</level>
  <class>com.kms.katalon.core.logging.XmlKeywordLogger</class>
  <method>endTest</method>
  <thread>1</thread>
  <message>End Test Case : Test Cases/Login by Email</message>
  <nestedLevel>0</nestedLevel>
  <escapedJava>false</escapedJava>
  <property name="executionBindingVariables">[
  {
    &quot;displayReportName&quot;: &quot;email&quot;,
    &quot;value&quot;: &quot;tester@gmail.com&quot;,
    &quot;name&quot;: &quot;email&quot;,
    &quot;masked&quot;: false
  }
]</property>
  <property name="applitools">false</property>
  <property name="keywordsUsage">{
  &quot;web_ui&quot;: false,
  &quot;web_service&quot;: false,
  &quot;cucumber&quot;: false,
  &quot;builtin&quot;: false,
  &quot;mobile&quot;: true,
  &quot;windows&quot;: false,
  &quot;testng&quot;: false
}</property>
</record>
<record>
  <date>2026-01-02T17:06:48</date>
  <millis>1767348408290</millis>
  <sequence>100</sequence>
  <level>START</level>
  <class>com.kms.katalon.core.logging.XmlKeywordLogger</class>
  <method>startTest</method>
  <thread>1</thread>
  <message>Start Test Case : Test Cases/Login by Email</message>
  <nestedLevel>1</nestedLevel>
  <escapedJava>false</escapedJava>
  <property name="name">Test Cases/Login by Email</property>
  <property name="description"></property>
  <property name="iteration"></property>
  <property name="id">Test Cases/Login by Email</property>
  <property name="source">C:\Users\ichsa\Katalon Studio\Labamu\Test Cases\Login by Email.tc</property>
  <property name="tag"></property>
  <property name="isOptional">false</property>
</record>
<record>
  <date>2026-01-02T17:06:48</date>
  <millis>1767348408296</millis>
  <sequence>102</sequence>
  <level>INFO</level>
  <class>com.kms.katalon.core.logging.XmlKeywordLogger</class>
  <method>logMessage</method>
  <thread>1</thread>
  <message>email = test@gmail.com</message>
  <nestedLevel>1</nestedLevel>
  <escapedJava>false</escapedJava>
</record>
<record>
  <date>2026-01-02T17:06:48</date>
  <millis>1767348408296</millis>
  <sequence>103</sequence>
  <level>START</level>
  <class>com.kms.katalon.core.logging.XmlKeywordLogger</class>
  <method>startKeyword</method>
  <thread>1</thread>
  <message>Start action : startExistingApplication(&amp;quot;id.co.labamu.app&amp;quot;)</message>
  <nestedLevel>1</nestedLevel>
  <escapedJava>false</escapedJava>
  <property name="startLine">23</property>
  <property name="stepIndex">1</property>
</record>
<record>
  <date>2026-01-02T17:06:48</date>
  <millis>1767348408393</millis>
  <sequence>105</sequence>
  <level>INFO</level>
  <class>com.kms.katalon.core.logging.XmlKeywordLogger</class>
  <method>logMessage</method>
  <thread>1</thread>
  <message>Detected NodeJS location: &amp;quot;C:\Program Files\nodejs\node.exe&amp;quot;</message>
  <nestedLevel>1</nestedLevel>
  <escapedJava>false</escapedJava>
</record>
<record>
  <date>2026-01-02T17:06:49</date>
  <millis>1767348409474</millis>
  <sequence>106</sequence>
  <level>INFO</level>
  <class>com.kms.katalon.core.logging.XmlKeywordLogger</class>
  <method>logMessage</method>
  <thread>1</thread>
  <message>Appium server started on port 54,891</message>
  <nestedLevel>1</nestedLevel>
  <escapedJava>false</escapedJava>
</record>
<record>
  <date>2026-01-02T17:06:59</date>
  <millis>1767348419103</millis>
  <sequence>108</sequence>
  <level>RUN_DATA</level>
  <class>com.kms.katalon.core.logging.XmlKeywordLogger</class>
  <method>logMessage</method>
  <thread>1</thread>
  <message>appiumVersion = 1.22.3</message>
  <nestedLevel>1</nestedLevel>
  <escapedJava>false</escapedJava>
  <property name="appiumVersion">1.22.3</property>
</record>
<record>
  <date>2026-01-02T17:06:59</date>
  <millis>1767348419103</millis>
  <sequence>109</sequence>
  <level>RUN_DATA</level>
  <class>com.kms.katalon.core.logging.XmlKeywordLogger</class>
  <method>logMessage</method>
  <thread>1</thread>
  <message>appiumServerStatus = {&amp;quot;value&amp;quot;:{&amp;quot;build&amp;quot;:{&amp;quot;version&amp;quot;:&amp;quot;1.22.3&amp;quot;}},&amp;quot;sessionId&amp;quot;:null,&amp;quot;status&amp;quot;:0}</message>
  <nestedLevel>1</nestedLevel>
  <escapedJava>false</escapedJava>
  <property name="appiumServerStatus">{&quot;value&quot;:{&quot;build&quot;:{&quot;version&quot;:&quot;1.22.3&quot;}},&quot;sessionId&quot;:null,&quot;status&quot;:0}</property>
</record>
<record>
  <date>2026-01-02T17:06:59</date>
  <millis>1767348419111</millis>
  <sequence>110</sequence>
  <level>RUN_DATA</level>
  <class>com.kms.katalon.core.logging.XmlKeywordLogger</class>
  <method>logMessage</method>
  <thread>1</thread>
  <message>deviceId = RR8R5017EJV</message>
  <nestedLevel>1</nestedLevel>
  <escapedJava>false</escapedJava>
  <property name="deviceId">RR8R5017EJV</property>
</record>
<record>
  <date>2026-01-02T17:06:59</date>
  <millis>1767348419111</millis>
  <sequence>111</sequence>
  <level>RUN_DATA</level>
  <class>com.kms.katalon.core.logging.XmlKeywordLogger</class>
  <method>logMessage</method>
  <thread>1</thread>
  <message>deviceName = samsung SM-A125F (Android 12)</message>
  <nestedLevel>1</nestedLevel>
  <escapedJava>false</escapedJava>
  <property name="deviceName">samsung SM-A125F (Android 12)</property>
</record>
<record>
  <date>2026-01-02T17:06:59</date>
  <millis>1767348419111</millis>
  <sequence>112</sequence>
  <level>RUN_DATA</level>
  <class>com.kms.katalon.core.logging.XmlKeywordLogger</class>
  <method>logMessage</method>
  <thread>1</thread>
  <message>deviceModel = SM-A125F</message>
  <nestedLevel>1</nestedLevel>
  <escapedJava>false</escapedJava>
  <property name="deviceModel">SM-A125F</property>
</record>
<record>
  <date>2026-01-02T17:06:59</date>
  <millis>1767348419111</millis>
  <sequence>113</sequence>
  <level>RUN_DATA</level>
  <class>com.kms.katalon.core.logging.XmlKeywordLogger</class>
  <method>logMessage</method>
  <thread>1</thread>
  <message>deviceManufacturer = samsung</message>
  <nestedLevel>1</nestedLevel>
  <escapedJava>false</escapedJava>
  <property name="deviceManufacturer">samsung</property>
</record>
<record>
  <date>2026-01-02T17:06:59</date>
  <millis>1767348419111</millis>
  <sequence>114</sequence>
  <level>RUN_DATA</level>
  <class>com.kms.katalon.core.logging.XmlKeywordLogger</class>
  <method>logMessage</method>
  <thread>1</thread>
  <message>deviceOS = Android</message>
  <nestedLevel>1</nestedLevel>
  <escapedJava>false</escapedJava>
  <property name="deviceOS">Android</property>
</record>
<record>
  <date>2026-01-02T17:06:59</date>
  <millis>1767348419111</millis>
  <sequence>115</sequence>
  <level>RUN_DATA</level>
  <class>com.kms.katalon.core.logging.XmlKeywordLogger</class>
  <method>logMessage</method>
  <thread>1</thread>
  <message>deviceOSVersion = 12</message>
  <nestedLevel>1</nestedLevel>
  <escapedJava>false</escapedJava>
  <property name="deviceOSVersion">12</property>
</record>
<record>
  <date>2026-01-02T17:07:00</date>
  <millis>1767348420881</millis>
  <sequence>117</sequence>
  <level>PASSED</level>
  <class>com.kms.katalon.core.logging.XmlKeywordLogger</class>
  <method>logMessage</method>
  <thread>1</thread>
  <message>Starting app with application ID: &amp;apos;id.co.labamu.app&amp;apos;</message>
  <nestedLevel>1</nestedLevel>
  <escapedJava>false</escapedJava>
  <property name="testops-method-name">com.kms.katalon.core.mobile.keyword.internal.MobileKeywordMain$runKeyword.call</property>
  <property name="testops-execution-stacktrace">com.kms.katalon.core.logging.KeywordLogger.logPassed(KeywordLogger.java:340)
com.kms.katalon.core.logging.KeywordLogger.logPassed(KeywordLogger.java:334)
com.kms.katalon.core.logging.KeywordLogger$logPassed$1.call(Unknown Source)
com.kms.katalon.core.mobile.keyword.builtin.StartExistingApplicationKeyword$_startApplication_closure1.doCall(StartExistingApplicationKeyword.groovy:51)
com.kms.katalon.core.mobile.keyword.builtin.StartExistingApplicationKeyword$_startApplication_closure1.doCall(StartExistingApplicationKeyword.groovy)
com.kms.katalon.core.mobile.keyword.internal.MobileKeywordMain.runKeyword(MobileKeywordMain.groovy:21)
com.kms.katalon.core.mobile.keyword.internal.MobileKeywordMain$runKeyword.call(Unknown Source)
com.kms.katalon.core.mobile.keyword.builtin.StartExistingApplicationKeyword.startApplication(StartExistingApplicationKeyword.groovy:52)
com.kms.katalon.core.mobile.keyword.builtin.StartExistingApplicationKeyword.execute(StartExistingApplicationKeyword.groovy:37)
com.kms.katalon.core.keyword.internal.KeywordExecutor.executeKeywordForPlatform(KeywordExecutor.groovy:74)
com.kms.katalon.core.mobile.keyword.MobileBuiltInKeywords.startExistingApplication(MobileBuiltInKeywords.groovy:92)
com.kms.katalon.core.mobile.keyword.MobileBuiltInKeywords$startExistingApplication.call(Unknown Source)
Login by Email.run(Login by Email:23)
</property>
</record>
<record>
  <date>2026-01-02T17:07:00</date>
  <millis>1767348420881</millis>
  <sequence>118</sequence>
  <level>END</level>
  <class>com.kms.katalon.core.logging.XmlKeywordLogger</class>
  <method>endKeyword</method>
  <thread>1</thread>
  <message>End action : startExistingApplication(&amp;quot;id.co.labamu.app&amp;quot;)</message>
  <nestedLevel>1</nestedLevel>
  <escapedJava>false</escapedJava>
</record>
<record>
  <date>2026-01-02T17:07:00</date>
  <millis>1767348420881</millis>
  <sequence>119</sequence>
  <level>START</level>
  <class>com.kms.katalon.core.logging.XmlKeywordLogger</class>
  <method>startKeyword</method>
  <thread>1</thread>
  <message>Start action : widget = findTestObject(&amp;quot;Object Repository/btn-Widget-While&amp;quot;)</message>
  <nestedLevel>1</nestedLevel>
  <escapedJava>false</escapedJava>
  <property name="startLine">24</property>
  <property name="stepIndex">2</property>
</record>
<record>
  <date>2026-01-02T17:07:00</date>
  <millis>1767348420935</millis>
  <sequence>121</sequence>
  <level>END</level>
  <class>com.kms.katalon.core.logging.XmlKeywordLogger</class>
  <method>endKeyword</method>
  <thread>1</thread>
  <message>End action : widget = findTestObject(&amp;quot;Object Repository/btn-Widget-While&amp;quot;)</message>
  <nestedLevel>1</nestedLevel>
  <escapedJava>false</escapedJava>
</record>
<record>
  <date>2026-01-02T17:07:00</date>
  <millis>1767348420936</millis>
  <sequence>122</sequence>
  <level>START</level>
  <class>com.kms.katalon.core.logging.XmlKeywordLogger</class>
  <method>startKeyword</method>
  <thread>1</thread>
  <message>Start action : if (waitForElementPresent(widget, 5))</message>
  <nestedLevel>1</nestedLevel>
  <escapedJava>false</escapedJava>
  <property name="startLine">25</property>
  <property name="stepIndex">3</property>
</record>
<record>
  <date>2026-01-02T17:07:06</date>
  <millis>1767348426089</millis>
  <sequence>125</sequence>
  <level>WARNING</level>
  <class>com.kms.katalon.core.logging.XmlKeywordLogger</class>
  <method>logMessage</method>
  <thread>1</thread>
  <message>Object Object Repository/btn-Widget-While not found</message>
  <nestedLevel>1</nestedLevel>
  <escapedJava>false</escapedJava>
</record>
<record>
  <date>2026-01-02T17:07:06</date>
  <millis>1767348426089</millis>
  <sequence>126</sequence>
  <level>END</level>
  <class>com.kms.katalon.core.logging.XmlKeywordLogger</class>
  <method>endKeyword</method>
  <thread>1</thread>
  <message>End action : if (waitForElementPresent(widget, 5))</message>
  <nestedLevel>1</nestedLevel>
  <escapedJava>false</escapedJava>
</record>
<record>
  <date>2026-01-02T17:07:06</date>
  <millis>1767348426089</millis>
  <sequence>127</sequence>
  <level>START</level>
  <class>com.kms.katalon.core.logging.XmlKeywordLogger</class>
  <method>startKeyword</method>
  <thread>1</thread>
  <message>Start action : else</message>
  <nestedLevel>1</nestedLevel>
  <escapedJava>false</escapedJava>
  <property name="startLine">28</property>
  <property name="stepIndex">4</property>
</record>
<record>
  <date>2026-01-02T17:07:06</date>
  <millis>1767348426089</millis>
  <sequence>128</sequence>
  <level>START</level>
  <class>com.kms.katalon.core.logging.XmlKeywordLogger</class>
  <method>startKeyword</method>
  <thread>1</thread>
  <message>Start action : println(&amp;quot;Widget tidak muncul, lanjut step berikutnya&amp;quot;)</message>
  <nestedLevel>2</nestedLevel>
  <escapedJava>false</escapedJava>
  <property name="startLine">29</property>
  <property name="stepIndex">1</property>
</record>
<record>
  <date>2026-01-02T17:07:06</date>
  <millis>1767348426089</millis>
  <sequence>129</sequence>
  <level>END</level>
  <class>com.kms.katalon.core.logging.XmlKeywordLogger</class>
  <method>endKeyword</method>
  <thread>1</thread>
  <message>End action : println(&amp;quot;Widget tidak muncul, lanjut step berikutnya&amp;quot;)</message>
  <nestedLevel>2</nestedLevel>
  <escapedJava>false</escapedJava>
</record>
<record>
  <date>2026-01-02T17:07:06</date>
  <millis>1767348426089</millis>
  <sequence>130</sequence>
  <level>END</level>
  <class>com.kms.katalon.core.logging.XmlKeywordLogger</class>
  <method>endKeyword</method>
  <thread>1</thread>
  <message>End action : else</message>
  <nestedLevel>1</nestedLevel>
  <escapedJava>false</escapedJava>
</record>
<record>
  <date>2026-01-02T17:07:06</date>
  <millis>1767348426089</millis>
  <sequence>131</sequence>
  <level>START</level>
  <class>com.kms.katalon.core.logging.XmlKeywordLogger</class>
  <method>startKeyword</method>
  <thread>1</thread>
  <message>Start action : btnEmailOption = findTestObject(&amp;quot;Object Repository/btn-text-Email-Option&amp;quot;)</message>
  <nestedLevel>1</nestedLevel>
  <escapedJava>false</escapedJava>
  <property name="startLine">31</property>
  <property name="stepIndex">5</property>
</record>
<record>
  <date>2026-01-02T17:07:06</date>
  <millis>1767348426130</millis>
  <sequence>133</sequence>
  <level>END</level>
  <class>com.kms.katalon.core.logging.XmlKeywordLogger</class>
  <method>endKeyword</method>
  <thread>1</thread>
  <message>End action : btnEmailOption = findTestObject(&amp;quot;Object Repository/btn-text-Email-Option&amp;quot;)</message>
  <nestedLevel>1</nestedLevel>
  <escapedJava>false</escapedJava>
</record>
<record>
  <date>2026-01-02T17:07:06</date>
  <millis>1767348426130</millis>
  <sequence>134</sequence>
  <level>START</level>
  <class>com.kms.katalon.core.logging.XmlKeywordLogger</class>
  <method>startKeyword</method>
  <thread>1</thread>
  <message>Start action : inputEmail = findTestObject(&amp;quot;Object Repository/edt-Input-Email&amp;quot;)</message>
  <nestedLevel>1</nestedLevel>
  <escapedJava>false</escapedJava>
  <property name="startLine">32</property>
  <property name="stepIndex">6</property>
</record>
<record>
  <date>2026-01-02T17:07:06</date>
  <millis>1767348426167</millis>
  <sequence>136</sequence>
  <level>END</level>
  <class>com.kms.katalon.core.logging.XmlKeywordLogger</class>
  <method>endKeyword</method>
  <thread>1</thread>
  <message>End action : inputEmail = findTestObject(&amp;quot;Object Repository/edt-Input-Email&amp;quot;)</message>
  <nestedLevel>1</nestedLevel>
  <escapedJava>false</escapedJava>
</record>
<record>
  <date>2026-01-02T17:07:06</date>
  <millis>1767348426167</millis>
  <sequence>137</sequence>
  <level>START</level>
  <class>com.kms.katalon.core.logging.XmlKeywordLogger</class>
  <method>startKeyword</method>
  <thread>1</thread>
  <message>Start action : chkAgreement = findTestObject(&amp;quot;Object Repository/btn-CheckBox&amp;quot;)</message>
  <nestedLevel>1</nestedLevel>
  <escapedJava>false</escapedJava>
  <property name="startLine">33</property>
  <property name="stepIndex">7</property>
</record>
<record>
  <date>2026-01-02T17:07:06</date>
  <millis>1767348426207</millis>
  <sequence>139</sequence>
  <level>END</level>
  <class>com.kms.katalon.core.logging.XmlKeywordLogger</class>
  <method>endKeyword</method>
  <thread>1</thread>
  <message>End action : chkAgreement = findTestObject(&amp;quot;Object Repository/btn-CheckBox&amp;quot;)</message>
  <nestedLevel>1</nestedLevel>
  <escapedJava>false</escapedJava>
</record>
<record>
  <date>2026-01-02T17:07:06</date>
  <millis>1767348426207</millis>
  <sequence>140</sequence>
  <level>START</level>
  <class>com.kms.katalon.core.logging.XmlKeywordLogger</class>
  <method>startKeyword</method>
  <thread>1</thread>
  <message>Start action : btnMasuk = findTestObject(&amp;quot;Object Repository/btn-Masuk&amp;quot;)</message>
  <nestedLevel>1</nestedLevel>
  <escapedJava>false</escapedJava>
  <property name="startLine">34</property>
  <property name="stepIndex">8</property>
</record>
<record>
  <date>2026-01-02T17:07:06</date>
  <millis>1767348426246</millis>
  <sequence>142</sequence>
  <level>END</level>
  <class>com.kms.katalon.core.logging.XmlKeywordLogger</class>
  <method>endKeyword</method>
  <thread>1</thread>
  <message>End action : btnMasuk = findTestObject(&amp;quot;Object Repository/btn-Masuk&amp;quot;)</message>
  <nestedLevel>1</nestedLevel>
  <escapedJava>false</escapedJava>
</record>
<record>
  <date>2026-01-02T17:07:06</date>
  <millis>1767348426246</millis>
  <sequence>143</sequence>
  <level>START</level>
  <class>com.kms.katalon.core.logging.XmlKeywordLogger</class>
  <method>startKeyword</method>
  <thread>1</thread>
  <message>Start action : waitForElementPresent(btnEmailOption, 10)</message>
  <nestedLevel>1</nestedLevel>
  <escapedJava>false</escapedJava>
  <property name="startLine">35</property>
  <property name="stepIndex">9</property>
</record>
<record>
  <date>2026-01-02T17:07:06</date>
  <millis>1767348426528</millis>
  <sequence>146</sequence>
  <level>PASSED</level>
  <class>com.kms.katalon.core.logging.XmlKeywordLogger</class>
  <method>logMessage</method>
  <thread>1</thread>
  <message>Element &amp;apos;Object Repository/btn-text-Email-Option&amp;apos; is present</message>
  <nestedLevel>1</nestedLevel>
  <escapedJava>false</escapedJava>
  <property name="testops-method-name">com.kms.katalon.core.mobile.keyword.builtin.WaitForElementPresentKeyword.waitForElementPresent</property>
  <property name="testops-execution-stacktrace"></property>
</record>
<record>
  <date>2026-01-02T17:07:06</date>
  <millis>1767348426529</millis>
  <sequence>147</sequence>
  <level>END</level>
  <class>com.kms.katalon.core.logging.XmlKeywordLogger</class>
  <method>endKeyword</method>
  <thread>1</thread>
  <message>End action : waitForElementPresent(btnEmailOption, 10)</message>
  <nestedLevel>1</nestedLevel>
  <escapedJava>false</escapedJava>
</record>
<record>
  <date>2026-01-02T17:07:06</date>
  <millis>1767348426531</millis>
  <sequence>148</sequence>
  <level>START</level>
  <class>com.kms.katalon.core.logging.XmlKeywordLogger</class>
  <method>startKeyword</method>
  <thread>1</thread>
  <message>Start action : tap(btnEmailOption, 10)</message>
  <nestedLevel>1</nestedLevel>
  <escapedJava>false</escapedJava>
  <property name="startLine">36</property>
  <property name="stepIndex">10</property>
</record>
<record>
  <date>2026-01-02T17:07:06</date>
  <millis>1767348426877</millis>
  <sequence>151</sequence>
  <level>PASSED</level>
  <class>com.kms.katalon.core.logging.XmlKeywordLogger</class>
  <method>logMessage</method>
  <thread>1</thread>
  <message>Tapped on element &amp;apos;Object Repository/btn-text-Email-Option&amp;apos;</message>
  <nestedLevel>1</nestedLevel>
  <escapedJava>false</escapedJava>
  <property name="testops-method-name">com.kms.katalon.core.mobile.keyword.builtin.TapKeyword.tap</property>
  <property name="testops-execution-stacktrace"></property>
</record>
<record>
  <date>2026-01-02T17:07:06</date>
  <millis>1767348426878</millis>
  <sequence>152</sequence>
  <level>END</level>
  <class>com.kms.katalon.core.logging.XmlKeywordLogger</class>
  <method>endKeyword</method>
  <thread>1</thread>
  <message>End action : tap(btnEmailOption, 10)</message>
  <nestedLevel>1</nestedLevel>
  <escapedJava>false</escapedJava>
</record>
<record>
  <date>2026-01-02T17:07:06</date>
  <millis>1767348426878</millis>
  <sequence>153</sequence>
  <level>START</level>
  <class>com.kms.katalon.core.logging.XmlKeywordLogger</class>
  <method>startKeyword</method>
  <thread>1</thread>
  <message>Start action : waitForElementPresent(inputEmail, 10)</message>
  <nestedLevel>1</nestedLevel>
  <escapedJava>false</escapedJava>
  <property name="startLine">37</property>
  <property name="stepIndex">11</property>
</record>
<record>
  <date>2026-01-02T17:07:07</date>
  <millis>1767348427646</millis>
  <sequence>156</sequence>
  <level>PASSED</level>
  <class>com.kms.katalon.core.logging.XmlKeywordLogger</class>
  <method>logMessage</method>
  <thread>1</thread>
  <message>Element &amp;apos;Object Repository/edt-Input-Email&amp;apos; is present</message>
  <nestedLevel>1</nestedLevel>
  <escapedJava>false</escapedJava>
  <property name="testops-method-name">com.kms.katalon.core.mobile.keyword.builtin.WaitForElementPresentKeyword.waitForElementPresent</property>
  <property name="testops-execution-stacktrace"></property>
</record>
<record>
  <date>2026-01-02T17:07:07</date>
  <millis>1767348427646</millis>
  <sequence>157</sequence>
  <level>END</level>
  <class>com.kms.katalon.core.logging.XmlKeywordLogger</class>
  <method>endKeyword</method>
  <thread>1</thread>
  <message>End action : waitForElementPresent(inputEmail, 10)</message>
  <nestedLevel>1</nestedLevel>
  <escapedJava>false</escapedJava>
</record>
<record>
  <date>2026-01-02T17:07:07</date>
  <millis>1767348427647</millis>
  <sequence>158</sequence>
  <level>START</level>
  <class>com.kms.katalon.core.logging.XmlKeywordLogger</class>
  <method>startKeyword</method>
  <thread>1</thread>
  <message>Start action : tap(inputEmail, 10)</message>
  <nestedLevel>1</nestedLevel>
  <escapedJava>false</escapedJava>
  <property name="startLine">38</property>
  <property name="stepIndex">12</property>
</record>
<record>
  <date>2026-01-02T17:07:07</date>
  <millis>1767348427979</millis>
  <sequence>161</sequence>
  <level>PASSED</level>
  <class>com.kms.katalon.core.logging.XmlKeywordLogger</class>
  <method>logMessage</method>
  <thread>1</thread>
  <message>Tapped on element &amp;apos;Object Repository/edt-Input-Email&amp;apos;</message>
  <nestedLevel>1</nestedLevel>
  <escapedJava>false</escapedJava>
  <property name="testops-method-name">com.kms.katalon.core.mobile.keyword.builtin.TapKeyword.tap</property>
  <property name="testops-execution-stacktrace"></property>
</record>
<record>
  <date>2026-01-02T17:07:07</date>
  <millis>1767348427980</millis>
  <sequence>162</sequence>
  <level>END</level>
  <class>com.kms.katalon.core.logging.XmlKeywordLogger</class>
  <method>endKeyword</method>
  <thread>1</thread>
  <message>End action : tap(inputEmail, 10)</message>
  <nestedLevel>1</nestedLevel>
  <escapedJava>false</escapedJava>
</record>
<record>
  <date>2026-01-02T17:07:07</date>
  <millis>1767348427980</millis>
  <sequence>163</sequence>
  <level>START</level>
  <class>com.kms.katalon.core.logging.XmlKeywordLogger</class>
  <method>startKeyword</method>
  <thread>1</thread>
  <message>Start action : setText(inputEmail, email, 10)</message>
  <nestedLevel>1</nestedLevel>
  <escapedJava>false</escapedJava>
  <property name="startLine">39</property>
  <property name="stepIndex">13</property>
</record>
<record>
  <date>2026-01-02T17:07:10</date>
  <millis>1767348430060</millis>
  <sequence>166</sequence>
  <level>PASSED</level>
  <class>com.kms.katalon.core.logging.XmlKeywordLogger</class>
  <method>logMessage</method>
  <thread>1</thread>
  <message>Text &amp;apos;test@gmail.com&amp;apos; has been set to element &amp;apos;Object Repository/edt-Input-Email&amp;apos;</message>
  <nestedLevel>1</nestedLevel>
  <escapedJava>false</escapedJava>
  <property name="testops-method-name">com.kms.katalon.core.mobile.keyword.builtin.SetTextKeyword.setText</property>
  <property name="testops-execution-stacktrace"></property>
</record>
<record>
  <date>2026-01-02T17:07:10</date>
  <millis>1767348430061</millis>
  <sequence>167</sequence>
  <level>END</level>
  <class>com.kms.katalon.core.logging.XmlKeywordLogger</class>
  <method>endKeyword</method>
  <thread>1</thread>
  <message>End action : setText(inputEmail, email, 10)</message>
  <nestedLevel>1</nestedLevel>
  <escapedJava>false</escapedJava>
</record>
<record>
  <date>2026-01-02T17:07:10</date>
  <millis>1767348430061</millis>
  <sequence>168</sequence>
  <level>START</level>
  <class>com.kms.katalon.core.logging.XmlKeywordLogger</class>
  <method>startKeyword</method>
  <thread>1</thread>
  <message>Start action : tap(chkAgreement, 10)</message>
  <nestedLevel>1</nestedLevel>
  <escapedJava>false</escapedJava>
  <property name="startLine">40</property>
  <property name="stepIndex">14</property>
</record>
<record>
  <date>2026-01-02T17:07:10</date>
  <millis>1767348430873</millis>
  <sequence>171</sequence>
  <level>PASSED</level>
  <class>com.kms.katalon.core.logging.XmlKeywordLogger</class>
  <method>logMessage</method>
  <thread>1</thread>
  <message>Tapped on element &amp;apos;Object Repository/btn-CheckBox&amp;apos;</message>
  <nestedLevel>1</nestedLevel>
  <escapedJava>false</escapedJava>
  <property name="testops-method-name">com.kms.katalon.core.mobile.keyword.builtin.TapKeyword.tap</property>
  <property name="testops-execution-stacktrace"></property>
</record>
<record>
  <date>2026-01-02T17:07:10</date>
  <millis>1767348430873</millis>
  <sequence>172</sequence>
  <level>END</level>
  <class>com.kms.katalon.core.logging.XmlKeywordLogger</class>
  <method>endKeyword</method>
  <thread>1</thread>
  <message>End action : tap(chkAgreement, 10)</message>
  <nestedLevel>1</nestedLevel>
  <escapedJava>false</escapedJava>
</record>
<record>
  <date>2026-01-02T17:07:10</date>
  <millis>1767348430873</millis>
  <sequence>173</sequence>
  <level>START</level>
  <class>com.kms.katalon.core.logging.XmlKeywordLogger</class>
  <method>startKeyword</method>
  <thread>1</thread>
  <message>Start action : waitForElementAttributeValue(btnMasuk, &amp;quot;enabled&amp;quot;, &amp;quot;true&amp;quot;, 10)</message>
  <nestedLevel>1</nestedLevel>
  <escapedJava>false</escapedJava>
  <property name="startLine">41</property>
  <property name="stepIndex">15</property>
</record>
<record>
  <date>2026-01-02T17:07:11</date>
  <millis>1767348431702</millis>
  <sequence>177</sequence>
  <level>PASSED</level>
  <class>com.kms.katalon.core.logging.XmlKeywordLogger</class>
  <method>logMessage</method>
  <thread>1</thread>
  <message>Object &amp;apos;Object Repository/btn-Masuk&amp;apos; has attribute &amp;apos;enabled&amp;apos; with value &amp;apos;true&amp;apos;</message>
  <nestedLevel>1</nestedLevel>
  <escapedJava>false</escapedJava>
  <property name="testops-method-name">com.kms.katalon.core.mobile.keyword.builtin.WaitForElementAttributeValueKeyword.waitForElementAttributeValue</property>
  <property name="testops-execution-stacktrace"></property>
</record>
<record>
  <date>2026-01-02T17:07:11</date>
  <millis>1767348431702</millis>
  <sequence>178</sequence>
  <level>END</level>
  <class>com.kms.katalon.core.logging.XmlKeywordLogger</class>
  <method>endKeyword</method>
  <thread>1</thread>
  <message>End action : waitForElementAttributeValue(btnMasuk, &amp;quot;enabled&amp;quot;, &amp;quot;true&amp;quot;, 10)</message>
  <nestedLevel>1</nestedLevel>
  <escapedJava>false</escapedJava>
</record>
<record>
  <date>2026-01-02T17:07:11</date>
  <millis>1767348431703</millis>
  <sequence>179</sequence>
  <level>START</level>
  <class>com.kms.katalon.core.logging.XmlKeywordLogger</class>
  <method>startKeyword</method>
  <thread>1</thread>
  <message>Start action : verifyElementAttributeValue(btnMasuk, &amp;quot;enabled&amp;quot;, &amp;quot;true&amp;quot;, 10)</message>
  <nestedLevel>1</nestedLevel>
  <escapedJava>false</escapedJava>
  <property name="startLine">47</property>
  <property name="stepIndex">16</property>
</record>
<record>
  <date>2026-01-02T17:07:11</date>
  <millis>1767348431866</millis>
  <sequence>183</sequence>
  <level>PASSED</level>
  <class>com.kms.katalon.core.logging.XmlKeywordLogger</class>
  <method>logMessage</method>
  <thread>1</thread>
  <message>Object &amp;apos;Object Repository/btn-Masuk&amp;apos; has attribute &amp;apos;enabled&amp;apos; with value &amp;apos;true&amp;apos;</message>
  <nestedLevel>1</nestedLevel>
  <escapedJava>false</escapedJava>
  <property name="testops-is-assertion">true</property>
  <property name="testops-method-name">com.kms.katalon.core.mobile.keyword.builtin.VerifyElementAttributeValueKeyword.verifyElementAttributeValue</property>
  <property name="testops-execution-stacktrace"></property>
</record>
<record>
  <date>2026-01-02T17:07:11</date>
  <millis>1767348431866</millis>
  <sequence>184</sequence>
  <level>END</level>
  <class>com.kms.katalon.core.logging.XmlKeywordLogger</class>
  <method>endKeyword</method>
  <thread>1</thread>
  <message>End action : verifyElementAttributeValue(btnMasuk, &amp;quot;enabled&amp;quot;, &amp;quot;true&amp;quot;, 10)</message>
  <nestedLevel>1</nestedLevel>
  <escapedJava>false</escapedJava>
</record>
<record>
  <date>2026-01-02T17:07:11</date>
  <millis>1767348431866</millis>
  <sequence>185</sequence>
  <level>START</level>
  <class>com.kms.katalon.core.logging.XmlKeywordLogger</class>
  <method>startKeyword</method>
  <thread>1</thread>
  <message>Start action : tap(btnMasuk, 10)</message>
  <nestedLevel>1</nestedLevel>
  <escapedJava>false</escapedJava>
  <property name="startLine">53</property>
  <property name="stepIndex">17</property>
</record>
<record>
  <date>2026-01-02T17:07:12</date>
  <millis>1767348432108</millis>
  <sequence>188</sequence>
  <level>PASSED</level>
  <class>com.kms.katalon.core.logging.XmlKeywordLogger</class>
  <method>logMessage</method>
  <thread>1</thread>
  <message>Tapped on element &amp;apos;Object Repository/btn-Masuk&amp;apos;</message>
  <nestedLevel>1</nestedLevel>
  <escapedJava>false</escapedJava>
  <property name="testops-method-name">com.kms.katalon.core.mobile.keyword.builtin.TapKeyword.tap</property>
  <property name="testops-execution-stacktrace"></property>
</record>
<record>
  <date>2026-01-02T17:07:12</date>
  <millis>1767348432108</millis>
  <sequence>189</sequence>
  <level>END</level>
  <class>com.kms.katalon.core.logging.XmlKeywordLogger</class>
  <method>endKeyword</method>
  <thread>1</thread>
  <message>End action : tap(btnMasuk, 10)</message>
  <nestedLevel>1</nestedLevel>
  <escapedJava>false</escapedJava>
</record>
<record>
  <date>2026-01-02T17:07:12</date>
  <millis>1767348432108</millis>
  <sequence>190</sequence>
  <level>START</level>
  <class>com.kms.katalon.core.logging.XmlKeywordLogger</class>
  <method>startKeyword</method>
  <thread>1</thread>
  <message>Start action : closeApplication()</message>
  <nestedLevel>1</nestedLevel>
  <escapedJava>false</escapedJava>
  <property name="startLine">54</property>
  <property name="stepIndex">18</property>
</record>
<record>
  <date>2026-01-02T17:07:12</date>
  <millis>1767348432508</millis>
  <sequence>191</sequence>
  <level>PASSED</level>
  <class>com.kms.katalon.core.logging.XmlKeywordLogger</class>
  <method>logMessage</method>
  <thread>1</thread>
  <message>Close app successfully</message>
  <nestedLevel>1</nestedLevel>
  <escapedJava>false</escapedJava>
  <property name="testops-method-name">com.kms.katalon.core.mobile.keyword.builtin.CloseApplicationKeyword.closeApplication</property>
  <property name="testops-execution-stacktrace"></property>
</record>
<record>
  <date>2026-01-02T17:07:12</date>
  <millis>1767348432508</millis>
  <sequence>192</sequence>
  <level>END</level>
  <class>com.kms.katalon.core.logging.XmlKeywordLogger</class>
  <method>endKeyword</method>
  <thread>1</thread>
  <message>End action : closeApplication()</message>
  <nestedLevel>1</nestedLevel>
  <escapedJava>false</escapedJava>
</record>
<record>
  <date>2026-01-02T17:07:12</date>
  <millis>1767348432508</millis>
  <sequence>193</sequence>
  <level>PASSED</level>
  <class>com.kms.katalon.core.logging.XmlKeywordLogger</class>
  <method>logMessage</method>
  <thread>1</thread>
  <message>Test Cases/Login by Email</message>
  <nestedLevel>1</nestedLevel>
  <escapedJava>false</escapedJava>
</record>
<record>
  <date>2026-01-02T17:07:12</date>
  <millis>1767348432509</millis>
  <sequence>194</sequence>
  <level>END</level>
  <class>com.kms.katalon.core.logging.XmlKeywordLogger</class>
  <method>endTest</method>
  <thread>1</thread>
  <message>End Test Case : Test Cases/Login by Email</message>
  <nestedLevel>0</nestedLevel>
  <escapedJava>false</escapedJava>
  <property name="executionBindingVariables">[
  {
    &quot;displayReportName&quot;: &quot;email&quot;,
    &quot;value&quot;: &quot;test@gmail.com&quot;,
    &quot;name&quot;: &quot;email&quot;,
    &quot;masked&quot;: false
  }
]</property>
  <property name="applitools">false</property>
  <property name="keywordsUsage">{
  &quot;web_ui&quot;: false,
  &quot;web_service&quot;: false,
  &quot;cucumber&quot;: false,
  &quot;builtin&quot;: false,
  &quot;mobile&quot;: true,
  &quot;windows&quot;: false,
  &quot;testng&quot;: false
}</property>
</record>
<record>
  <date>2026-01-02T17:07:12</date>
  <millis>1767348432518</millis>
  <sequence>195</sequence>
  <level>START</level>
  <class>com.kms.katalon.core.logging.XmlKeywordLogger</class>
  <method>startTest</method>
  <thread>1</thread>
  <message>Start Test Case : Test Cases/Login by Email</message>
  <nestedLevel>1</nestedLevel>
  <escapedJava>false</escapedJava>
  <property name="name">Test Cases/Login by Email</property>
  <property name="description"></property>
  <property name="iteration"></property>
  <property name="id">Test Cases/Login by Email</property>
  <property name="source">C:\Users\ichsa\Katalon Studio\Labamu\Test Cases\Login by Email.tc</property>
  <property name="tag"></property>
  <property name="isOptional">false</property>
</record>
<record>
  <date>2026-01-02T17:07:12</date>
  <millis>1767348432523</millis>
  <sequence>197</sequence>
  <level>INFO</level>
  <class>com.kms.katalon.core.logging.XmlKeywordLogger</class>
  <method>logMessage</method>
  <thread>1</thread>
  <message>email = abc@com</message>
  <nestedLevel>1</nestedLevel>
  <escapedJava>false</escapedJava>
</record>
<record>
  <date>2026-01-02T17:07:12</date>
  <millis>1767348432527</millis>
  <sequence>198</sequence>
  <level>START</level>
  <class>com.kms.katalon.core.logging.XmlKeywordLogger</class>
  <method>startKeyword</method>
  <thread>1</thread>
  <message>Start action : startExistingApplication(&amp;quot;id.co.labamu.app&amp;quot;)</message>
  <nestedLevel>1</nestedLevel>
  <escapedJava>false</escapedJava>
  <property name="startLine">23</property>
  <property name="stepIndex">1</property>
</record>
<record>
  <date>2026-01-02T17:07:12</date>
  <millis>1767348432610</millis>
  <sequence>200</sequence>
  <level>INFO</level>
  <class>com.kms.katalon.core.logging.XmlKeywordLogger</class>
  <method>logMessage</method>
  <thread>1</thread>
  <message>Detected NodeJS location: &amp;quot;C:\Program Files\nodejs\node.exe&amp;quot;</message>
  <nestedLevel>1</nestedLevel>
  <escapedJava>false</escapedJava>
</record>
<record>
  <date>2026-01-02T17:07:13</date>
  <millis>1767348433696</millis>
  <sequence>201</sequence>
  <level>INFO</level>
  <class>com.kms.katalon.core.logging.XmlKeywordLogger</class>
  <method>logMessage</method>
  <thread>1</thread>
  <message>Appium server started on port 59,325</message>
  <nestedLevel>1</nestedLevel>
  <escapedJava>false</escapedJava>
</record>
<record>
  <date>2026-01-02T17:07:23</date>
  <millis>1767348443360</millis>
  <sequence>203</sequence>
  <level>RUN_DATA</level>
  <class>com.kms.katalon.core.logging.XmlKeywordLogger</class>
  <method>logMessage</method>
  <thread>1</thread>
  <message>appiumVersion = 1.22.3</message>
  <nestedLevel>1</nestedLevel>
  <escapedJava>false</escapedJava>
  <property name="appiumVersion">1.22.3</property>
</record>
<record>
  <date>2026-01-02T17:07:23</date>
  <millis>1767348443362</millis>
  <sequence>204</sequence>
  <level>RUN_DATA</level>
  <class>com.kms.katalon.core.logging.XmlKeywordLogger</class>
  <method>logMessage</method>
  <thread>1</thread>
  <message>appiumServerStatus = {&amp;quot;value&amp;quot;:{&amp;quot;build&amp;quot;:{&amp;quot;version&amp;quot;:&amp;quot;1.22.3&amp;quot;}},&amp;quot;sessionId&amp;quot;:null,&amp;quot;status&amp;quot;:0}</message>
  <nestedLevel>1</nestedLevel>
  <escapedJava>false</escapedJava>
  <property name="appiumServerStatus">{&quot;value&quot;:{&quot;build&quot;:{&quot;version&quot;:&quot;1.22.3&quot;}},&quot;sessionId&quot;:null,&quot;status&quot;:0}</property>
</record>
<record>
  <date>2026-01-02T17:07:23</date>
  <millis>1767348443380</millis>
  <sequence>205</sequence>
  <level>RUN_DATA</level>
  <class>com.kms.katalon.core.logging.XmlKeywordLogger</class>
  <method>logMessage</method>
  <thread>1</thread>
  <message>deviceId = RR8R5017EJV</message>
  <nestedLevel>1</nestedLevel>
  <escapedJava>false</escapedJava>
  <property name="deviceId">RR8R5017EJV</property>
</record>
<record>
  <date>2026-01-02T17:07:23</date>
  <millis>1767348443380</millis>
  <sequence>206</sequence>
  <level>RUN_DATA</level>
  <class>com.kms.katalon.core.logging.XmlKeywordLogger</class>
  <method>logMessage</method>
  <thread>1</thread>
  <message>deviceName = samsung SM-A125F (Android 12)</message>
  <nestedLevel>1</nestedLevel>
  <escapedJava>false</escapedJava>
  <property name="deviceName">samsung SM-A125F (Android 12)</property>
</record>
<record>
  <date>2026-01-02T17:07:23</date>
  <millis>1767348443382</millis>
  <sequence>207</sequence>
  <level>RUN_DATA</level>
  <class>com.kms.katalon.core.logging.XmlKeywordLogger</class>
  <method>logMessage</method>
  <thread>1</thread>
  <message>deviceModel = SM-A125F</message>
  <nestedLevel>1</nestedLevel>
  <escapedJava>false</escapedJava>
  <property name="deviceModel">SM-A125F</property>
</record>
<record>
  <date>2026-01-02T17:07:23</date>
  <millis>1767348443382</millis>
  <sequence>208</sequence>
  <level>RUN_DATA</level>
  <class>com.kms.katalon.core.logging.XmlKeywordLogger</class>
  <method>logMessage</method>
  <thread>1</thread>
  <message>deviceManufacturer = samsung</message>
  <nestedLevel>1</nestedLevel>
  <escapedJava>false</escapedJava>
  <property name="deviceManufacturer">samsung</property>
</record>
<record>
  <date>2026-01-02T17:07:23</date>
  <millis>1767348443382</millis>
  <sequence>209</sequence>
  <level>RUN_DATA</level>
  <class>com.kms.katalon.core.logging.XmlKeywordLogger</class>
  <method>logMessage</method>
  <thread>1</thread>
  <message>deviceOS = Android</message>
  <nestedLevel>1</nestedLevel>
  <escapedJava>false</escapedJava>
  <property name="deviceOS">Android</property>
</record>
<record>
  <date>2026-01-02T17:07:23</date>
  <millis>1767348443382</millis>
  <sequence>210</sequence>
  <level>RUN_DATA</level>
  <class>com.kms.katalon.core.logging.XmlKeywordLogger</class>
  <method>logMessage</method>
  <thread>1</thread>
  <message>deviceOSVersion = 12</message>
  <nestedLevel>1</nestedLevel>
  <escapedJava>false</escapedJava>
  <property name="deviceOSVersion">12</property>
</record>
<record>
  <date>2026-01-02T17:07:25</date>
  <millis>1767348445171</millis>
  <sequence>212</sequence>
  <level>PASSED</level>
  <class>com.kms.katalon.core.logging.XmlKeywordLogger</class>
  <method>logMessage</method>
  <thread>1</thread>
  <message>Starting app with application ID: &amp;apos;id.co.labamu.app&amp;apos;</message>
  <nestedLevel>1</nestedLevel>
  <escapedJava>false</escapedJava>
  <property name="testops-method-name">com.kms.katalon.core.mobile.keyword.internal.MobileKeywordMain$runKeyword.call</property>
  <property name="testops-execution-stacktrace">com.kms.katalon.core.logging.KeywordLogger.logPassed(KeywordLogger.java:340)
com.kms.katalon.core.logging.KeywordLogger.logPassed(KeywordLogger.java:334)
com.kms.katalon.core.logging.KeywordLogger$logPassed$1.call(Unknown Source)
com.kms.katalon.core.mobile.keyword.builtin.StartExistingApplicationKeyword$_startApplication_closure1.doCall(StartExistingApplicationKeyword.groovy:51)
com.kms.katalon.core.mobile.keyword.builtin.StartExistingApplicationKeyword$_startApplication_closure1.doCall(StartExistingApplicationKeyword.groovy)
com.kms.katalon.core.mobile.keyword.internal.MobileKeywordMain.runKeyword(MobileKeywordMain.groovy:21)
com.kms.katalon.core.mobile.keyword.internal.MobileKeywordMain$runKeyword.call(Unknown Source)
com.kms.katalon.core.mobile.keyword.builtin.StartExistingApplicationKeyword.startApplication(StartExistingApplicationKeyword.groovy:52)
com.kms.katalon.core.mobile.keyword.builtin.StartExistingApplicationKeyword.execute(StartExistingApplicationKeyword.groovy:37)
com.kms.katalon.core.keyword.internal.KeywordExecutor.executeKeywordForPlatform(KeywordExecutor.groovy:74)
com.kms.katalon.core.mobile.keyword.MobileBuiltInKeywords.startExistingApplication(MobileBuiltInKeywords.groovy:92)
com.kms.katalon.core.mobile.keyword.MobileBuiltInKeywords$startExistingApplication.call(Unknown Source)
Login by Email.run(Login by Email:23)
</property>
</record>
<record>
  <date>2026-01-02T17:07:25</date>
  <millis>1767348445171</millis>
  <sequence>213</sequence>
  <level>END</level>
  <class>com.kms.katalon.core.logging.XmlKeywordLogger</class>
  <method>endKeyword</method>
  <thread>1</thread>
  <message>End action : startExistingApplication(&amp;quot;id.co.labamu.app&amp;quot;)</message>
  <nestedLevel>1</nestedLevel>
  <escapedJava>false</escapedJava>
</record>
<record>
  <date>2026-01-02T17:07:25</date>
  <millis>1767348445171</millis>
  <sequence>214</sequence>
  <level>START</level>
  <class>com.kms.katalon.core.logging.XmlKeywordLogger</class>
  <method>startKeyword</method>
  <thread>1</thread>
  <message>Start action : widget = findTestObject(&amp;quot;Object Repository/btn-Widget-While&amp;quot;)</message>
  <nestedLevel>1</nestedLevel>
  <escapedJava>false</escapedJava>
  <property name="startLine">24</property>
  <property name="stepIndex">2</property>
</record>
<record>
  <date>2026-01-02T17:07:25</date>
  <millis>1767348445210</millis>
  <sequence>216</sequence>
  <level>END</level>
  <class>com.kms.katalon.core.logging.XmlKeywordLogger</class>
  <method>endKeyword</method>
  <thread>1</thread>
  <message>End action : widget = findTestObject(&amp;quot;Object Repository/btn-Widget-While&amp;quot;)</message>
  <nestedLevel>1</nestedLevel>
  <escapedJava>false</escapedJava>
</record>
<record>
  <date>2026-01-02T17:07:25</date>
  <millis>1767348445210</millis>
  <sequence>217</sequence>
  <level>START</level>
  <class>com.kms.katalon.core.logging.XmlKeywordLogger</class>
  <method>startKeyword</method>
  <thread>1</thread>
  <message>Start action : if (waitForElementPresent(widget, 5))</message>
  <nestedLevel>1</nestedLevel>
  <escapedJava>false</escapedJava>
  <property name="startLine">25</property>
  <property name="stepIndex">3</property>
</record>
<record>
  <date>2026-01-02T17:07:30</date>
  <millis>1767348450370</millis>
  <sequence>220</sequence>
  <level>WARNING</level>
  <class>com.kms.katalon.core.logging.XmlKeywordLogger</class>
  <method>logMessage</method>
  <thread>1</thread>
  <message>Object Object Repository/btn-Widget-While not found</message>
  <nestedLevel>1</nestedLevel>
  <escapedJava>false</escapedJava>
</record>
<record>
  <date>2026-01-02T17:07:30</date>
  <millis>1767348450370</millis>
  <sequence>221</sequence>
  <level>END</level>
  <class>com.kms.katalon.core.logging.XmlKeywordLogger</class>
  <method>endKeyword</method>
  <thread>1</thread>
  <message>End action : if (waitForElementPresent(widget, 5))</message>
  <nestedLevel>1</nestedLevel>
  <escapedJava>false</escapedJava>
</record>
<record>
  <date>2026-01-02T17:07:30</date>
  <millis>1767348450370</millis>
  <sequence>222</sequence>
  <level>START</level>
  <class>com.kms.katalon.core.logging.XmlKeywordLogger</class>
  <method>startKeyword</method>
  <thread>1</thread>
  <message>Start action : else</message>
  <nestedLevel>1</nestedLevel>
  <escapedJava>false</escapedJava>
  <property name="startLine">28</property>
  <property name="stepIndex">4</property>
</record>
<record>
  <date>2026-01-02T17:07:30</date>
  <millis>1767348450370</millis>
  <sequence>223</sequence>
  <level>START</level>
  <class>com.kms.katalon.core.logging.XmlKeywordLogger</class>
  <method>startKeyword</method>
  <thread>1</thread>
  <message>Start action : println(&amp;quot;Widget tidak muncul, lanjut step berikutnya&amp;quot;)</message>
  <nestedLevel>2</nestedLevel>
  <escapedJava>false</escapedJava>
  <property name="startLine">29</property>
  <property name="stepIndex">1</property>
</record>
<record>
  <date>2026-01-02T17:07:30</date>
  <millis>1767348450371</millis>
  <sequence>224</sequence>
  <level>END</level>
  <class>com.kms.katalon.core.logging.XmlKeywordLogger</class>
  <method>endKeyword</method>
  <thread>1</thread>
  <message>End action : println(&amp;quot;Widget tidak muncul, lanjut step berikutnya&amp;quot;)</message>
  <nestedLevel>2</nestedLevel>
  <escapedJava>false</escapedJava>
</record>
<record>
  <date>2026-01-02T17:07:30</date>
  <millis>1767348450371</millis>
  <sequence>225</sequence>
  <level>END</level>
  <class>com.kms.katalon.core.logging.XmlKeywordLogger</class>
  <method>endKeyword</method>
  <thread>1</thread>
  <message>End action : else</message>
  <nestedLevel>1</nestedLevel>
  <escapedJava>false</escapedJava>
</record>
<record>
  <date>2026-01-02T17:07:30</date>
  <millis>1767348450371</millis>
  <sequence>226</sequence>
  <level>START</level>
  <class>com.kms.katalon.core.logging.XmlKeywordLogger</class>
  <method>startKeyword</method>
  <thread>1</thread>
  <message>Start action : btnEmailOption = findTestObject(&amp;quot;Object Repository/btn-text-Email-Option&amp;quot;)</message>
  <nestedLevel>1</nestedLevel>
  <escapedJava>false</escapedJava>
  <property name="startLine">31</property>
  <property name="stepIndex">5</property>
</record>
<record>
  <date>2026-01-02T17:07:30</date>
  <millis>1767348450416</millis>
  <sequence>228</sequence>
  <level>END</level>
  <class>com.kms.katalon.core.logging.XmlKeywordLogger</class>
  <method>endKeyword</method>
  <thread>1</thread>
  <message>End action : btnEmailOption = findTestObject(&amp;quot;Object Repository/btn-text-Email-Option&amp;quot;)</message>
  <nestedLevel>1</nestedLevel>
  <escapedJava>false</escapedJava>
</record>
<record>
  <date>2026-01-02T17:07:30</date>
  <millis>1767348450417</millis>
  <sequence>229</sequence>
  <level>START</level>
  <class>com.kms.katalon.core.logging.XmlKeywordLogger</class>
  <method>startKeyword</method>
  <thread>1</thread>
  <message>Start action : inputEmail = findTestObject(&amp;quot;Object Repository/edt-Input-Email&amp;quot;)</message>
  <nestedLevel>1</nestedLevel>
  <escapedJava>false</escapedJava>
  <property name="startLine">32</property>
  <property name="stepIndex">6</property>
</record>
<record>
  <date>2026-01-02T17:07:30</date>
  <millis>1767348450468</millis>
  <sequence>231</sequence>
  <level>END</level>
  <class>com.kms.katalon.core.logging.XmlKeywordLogger</class>
  <method>endKeyword</method>
  <thread>1</thread>
  <message>End action : inputEmail = findTestObject(&amp;quot;Object Repository/edt-Input-Email&amp;quot;)</message>
  <nestedLevel>1</nestedLevel>
  <escapedJava>false</escapedJava>
</record>
<record>
  <date>2026-01-02T17:07:30</date>
  <millis>1767348450469</millis>
  <sequence>232</sequence>
  <level>START</level>
  <class>com.kms.katalon.core.logging.XmlKeywordLogger</class>
  <method>startKeyword</method>
  <thread>1</thread>
  <message>Start action : chkAgreement = findTestObject(&amp;quot;Object Repository/btn-CheckBox&amp;quot;)</message>
  <nestedLevel>1</nestedLevel>
  <escapedJava>false</escapedJava>
  <property name="startLine">33</property>
  <property name="stepIndex">7</property>
</record>
<record>
  <date>2026-01-02T17:07:30</date>
  <millis>1767348450508</millis>
  <sequence>234</sequence>
  <level>END</level>
  <class>com.kms.katalon.core.logging.XmlKeywordLogger</class>
  <method>endKeyword</method>
  <thread>1</thread>
  <message>End action : chkAgreement = findTestObject(&amp;quot;Object Repository/btn-CheckBox&amp;quot;)</message>
  <nestedLevel>1</nestedLevel>
  <escapedJava>false</escapedJava>
</record>
<record>
  <date>2026-01-02T17:07:30</date>
  <millis>1767348450508</millis>
  <sequence>235</sequence>
  <level>START</level>
  <class>com.kms.katalon.core.logging.XmlKeywordLogger</class>
  <method>startKeyword</method>
  <thread>1</thread>
  <message>Start action : btnMasuk = findTestObject(&amp;quot;Object Repository/btn-Masuk&amp;quot;)</message>
  <nestedLevel>1</nestedLevel>
  <escapedJava>false</escapedJava>
  <property name="startLine">34</property>
  <property name="stepIndex">8</property>
</record>
<record>
  <date>2026-01-02T17:07:30</date>
  <millis>1767348450546</millis>
  <sequence>237</sequence>
  <level>END</level>
  <class>com.kms.katalon.core.logging.XmlKeywordLogger</class>
  <method>endKeyword</method>
  <thread>1</thread>
  <message>End action : btnMasuk = findTestObject(&amp;quot;Object Repository/btn-Masuk&amp;quot;)</message>
  <nestedLevel>1</nestedLevel>
  <escapedJava>false</escapedJava>
</record>
<record>
  <date>2026-01-02T17:07:30</date>
  <millis>1767348450546</millis>
  <sequence>238</sequence>
  <level>START</level>
  <class>com.kms.katalon.core.logging.XmlKeywordLogger</class>
  <method>startKeyword</method>
  <thread>1</thread>
  <message>Start action : waitForElementPresent(btnEmailOption, 10)</message>
  <nestedLevel>1</nestedLevel>
  <escapedJava>false</escapedJava>
  <property name="startLine">35</property>
  <property name="stepIndex">9</property>
</record>
<record>
  <date>2026-01-02T17:07:30</date>
  <millis>1767348450862</millis>
  <sequence>241</sequence>
  <level>PASSED</level>
  <class>com.kms.katalon.core.logging.XmlKeywordLogger</class>
  <method>logMessage</method>
  <thread>1</thread>
  <message>Element &amp;apos;Object Repository/btn-text-Email-Option&amp;apos; is present</message>
  <nestedLevel>1</nestedLevel>
  <escapedJava>false</escapedJava>
  <property name="testops-method-name">com.kms.katalon.core.mobile.keyword.builtin.WaitForElementPresentKeyword.waitForElementPresent</property>
  <property name="testops-execution-stacktrace"></property>
</record>
<record>
  <date>2026-01-02T17:07:30</date>
  <millis>1767348450862</millis>
  <sequence>242</sequence>
  <level>END</level>
  <class>com.kms.katalon.core.logging.XmlKeywordLogger</class>
  <method>endKeyword</method>
  <thread>1</thread>
  <message>End action : waitForElementPresent(btnEmailOption, 10)</message>
  <nestedLevel>1</nestedLevel>
  <escapedJava>false</escapedJava>
</record>
<record>
  <date>2026-01-02T17:07:30</date>
  <millis>1767348450862</millis>
  <sequence>243</sequence>
  <level>START</level>
  <class>com.kms.katalon.core.logging.XmlKeywordLogger</class>
  <method>startKeyword</method>
  <thread>1</thread>
  <message>Start action : tap(btnEmailOption, 10)</message>
  <nestedLevel>1</nestedLevel>
  <escapedJava>false</escapedJava>
  <property name="startLine">36</property>
  <property name="stepIndex">10</property>
</record>
<record>
  <date>2026-01-02T17:07:31</date>
  <millis>1767348451215</millis>
  <sequence>246</sequence>
  <level>PASSED</level>
  <class>com.kms.katalon.core.logging.XmlKeywordLogger</class>
  <method>logMessage</method>
  <thread>1</thread>
  <message>Tapped on element &amp;apos;Object Repository/btn-text-Email-Option&amp;apos;</message>
  <nestedLevel>1</nestedLevel>
  <escapedJava>false</escapedJava>
  <property name="testops-method-name">com.kms.katalon.core.mobile.keyword.builtin.TapKeyword.tap</property>
  <property name="testops-execution-stacktrace"></property>
</record>
<record>
  <date>2026-01-02T17:07:31</date>
  <millis>1767348451216</millis>
  <sequence>247</sequence>
  <level>END</level>
  <class>com.kms.katalon.core.logging.XmlKeywordLogger</class>
  <method>endKeyword</method>
  <thread>1</thread>
  <message>End action : tap(btnEmailOption, 10)</message>
  <nestedLevel>1</nestedLevel>
  <escapedJava>false</escapedJava>
</record>
<record>
  <date>2026-01-02T17:07:31</date>
  <millis>1767348451216</millis>
  <sequence>248</sequence>
  <level>START</level>
  <class>com.kms.katalon.core.logging.XmlKeywordLogger</class>
  <method>startKeyword</method>
  <thread>1</thread>
  <message>Start action : waitForElementPresent(inputEmail, 10)</message>
  <nestedLevel>1</nestedLevel>
  <escapedJava>false</escapedJava>
  <property name="startLine">37</property>
  <property name="stepIndex">11</property>
</record>
<record>
  <date>2026-01-02T17:07:31</date>
  <millis>1767348451969</millis>
  <sequence>251</sequence>
  <level>PASSED</level>
  <class>com.kms.katalon.core.logging.XmlKeywordLogger</class>
  <method>logMessage</method>
  <thread>1</thread>
  <message>Element &amp;apos;Object Repository/edt-Input-Email&amp;apos; is present</message>
  <nestedLevel>1</nestedLevel>
  <escapedJava>false</escapedJava>
  <property name="testops-method-name">com.kms.katalon.core.mobile.keyword.builtin.WaitForElementPresentKeyword.waitForElementPresent</property>
  <property name="testops-execution-stacktrace"></property>
</record>
<record>
  <date>2026-01-02T17:07:31</date>
  <millis>1767348451971</millis>
  <sequence>252</sequence>
  <level>END</level>
  <class>com.kms.katalon.core.logging.XmlKeywordLogger</class>
  <method>endKeyword</method>
  <thread>1</thread>
  <message>End action : waitForElementPresent(inputEmail, 10)</message>
  <nestedLevel>1</nestedLevel>
  <escapedJava>false</escapedJava>
</record>
<record>
  <date>2026-01-02T17:07:31</date>
  <millis>1767348451971</millis>
  <sequence>253</sequence>
  <level>START</level>
  <class>com.kms.katalon.core.logging.XmlKeywordLogger</class>
  <method>startKeyword</method>
  <thread>1</thread>
  <message>Start action : tap(inputEmail, 10)</message>
  <nestedLevel>1</nestedLevel>
  <escapedJava>false</escapedJava>
  <property name="startLine">38</property>
  <property name="stepIndex">12</property>
</record>
<record>
  <date>2026-01-02T17:07:32</date>
  <millis>1767348452289</millis>
  <sequence>256</sequence>
  <level>PASSED</level>
  <class>com.kms.katalon.core.logging.XmlKeywordLogger</class>
  <method>logMessage</method>
  <thread>1</thread>
  <message>Tapped on element &amp;apos;Object Repository/edt-Input-Email&amp;apos;</message>
  <nestedLevel>1</nestedLevel>
  <escapedJava>false</escapedJava>
  <property name="testops-method-name">com.kms.katalon.core.mobile.keyword.builtin.TapKeyword.tap</property>
  <property name="testops-execution-stacktrace"></property>
</record>
<record>
  <date>2026-01-02T17:07:32</date>
  <millis>1767348452289</millis>
  <sequence>257</sequence>
  <level>END</level>
  <class>com.kms.katalon.core.logging.XmlKeywordLogger</class>
  <method>endKeyword</method>
  <thread>1</thread>
  <message>End action : tap(inputEmail, 10)</message>
  <nestedLevel>1</nestedLevel>
  <escapedJava>false</escapedJava>
</record>
<record>
  <date>2026-01-02T17:07:32</date>
  <millis>1767348452289</millis>
  <sequence>258</sequence>
  <level>START</level>
  <class>com.kms.katalon.core.logging.XmlKeywordLogger</class>
  <method>startKeyword</method>
  <thread>1</thread>
  <message>Start action : setText(inputEmail, email, 10)</message>
  <nestedLevel>1</nestedLevel>
  <escapedJava>false</escapedJava>
  <property name="startLine">39</property>
  <property name="stepIndex">13</property>
</record>
<record>
  <date>2026-01-02T17:07:34</date>
  <millis>1767348454369</millis>
  <sequence>261</sequence>
  <level>PASSED</level>
  <class>com.kms.katalon.core.logging.XmlKeywordLogger</class>
  <method>logMessage</method>
  <thread>1</thread>
  <message>Text &amp;apos;abc@com&amp;apos; has been set to element &amp;apos;Object Repository/edt-Input-Email&amp;apos;</message>
  <nestedLevel>1</nestedLevel>
  <escapedJava>false</escapedJava>
  <property name="testops-method-name">com.kms.katalon.core.mobile.keyword.builtin.SetTextKeyword.setText</property>
  <property name="testops-execution-stacktrace"></property>
</record>
<record>
  <date>2026-01-02T17:07:34</date>
  <millis>1767348454369</millis>
  <sequence>262</sequence>
  <level>END</level>
  <class>com.kms.katalon.core.logging.XmlKeywordLogger</class>
  <method>endKeyword</method>
  <thread>1</thread>
  <message>End action : setText(inputEmail, email, 10)</message>
  <nestedLevel>1</nestedLevel>
  <escapedJava>false</escapedJava>
</record>
<record>
  <date>2026-01-02T17:07:34</date>
  <millis>1767348454369</millis>
  <sequence>263</sequence>
  <level>START</level>
  <class>com.kms.katalon.core.logging.XmlKeywordLogger</class>
  <method>startKeyword</method>
  <thread>1</thread>
  <message>Start action : tap(chkAgreement, 10)</message>
  <nestedLevel>1</nestedLevel>
  <escapedJava>false</escapedJava>
  <property name="startLine">40</property>
  <property name="stepIndex">14</property>
</record>
<record>
  <date>2026-01-02T17:07:35</date>
  <millis>1767348455191</millis>
  <sequence>266</sequence>
  <level>PASSED</level>
  <class>com.kms.katalon.core.logging.XmlKeywordLogger</class>
  <method>logMessage</method>
  <thread>1</thread>
  <message>Tapped on element &amp;apos;Object Repository/btn-CheckBox&amp;apos;</message>
  <nestedLevel>1</nestedLevel>
  <escapedJava>false</escapedJava>
  <property name="testops-method-name">com.kms.katalon.core.mobile.keyword.builtin.TapKeyword.tap</property>
  <property name="testops-execution-stacktrace"></property>
</record>
<record>
  <date>2026-01-02T17:07:35</date>
  <millis>1767348455192</millis>
  <sequence>267</sequence>
  <level>END</level>
  <class>com.kms.katalon.core.logging.XmlKeywordLogger</class>
  <method>endKeyword</method>
  <thread>1</thread>
  <message>End action : tap(chkAgreement, 10)</message>
  <nestedLevel>1</nestedLevel>
  <escapedJava>false</escapedJava>
</record>
<record>
  <date>2026-01-02T17:07:35</date>
  <millis>1767348455193</millis>
  <sequence>268</sequence>
  <level>START</level>
  <class>com.kms.katalon.core.logging.XmlKeywordLogger</class>
  <method>startKeyword</method>
  <thread>1</thread>
  <message>Start action : waitForElementAttributeValue(btnMasuk, &amp;quot;enabled&amp;quot;, &amp;quot;true&amp;quot;, 10)</message>
  <nestedLevel>1</nestedLevel>
  <escapedJava>false</escapedJava>
  <property name="startLine">41</property>
  <property name="stepIndex">15</property>
</record>
<record>
  <date>2026-01-02T17:07:36</date>
  <millis>1767348456009</millis>
  <sequence>272</sequence>
  <level>PASSED</level>
  <class>com.kms.katalon.core.logging.XmlKeywordLogger</class>
  <method>logMessage</method>
  <thread>1</thread>
  <message>Object &amp;apos;Object Repository/btn-Masuk&amp;apos; has attribute &amp;apos;enabled&amp;apos; with value &amp;apos;true&amp;apos;</message>
  <nestedLevel>1</nestedLevel>
  <escapedJava>false</escapedJava>
  <property name="testops-method-name">com.kms.katalon.core.mobile.keyword.builtin.WaitForElementAttributeValueKeyword.waitForElementAttributeValue</property>
  <property name="testops-execution-stacktrace"></property>
</record>
<record>
  <date>2026-01-02T17:07:36</date>
  <millis>1767348456010</millis>
  <sequence>273</sequence>
  <level>END</level>
  <class>com.kms.katalon.core.logging.XmlKeywordLogger</class>
  <method>endKeyword</method>
  <thread>1</thread>
  <message>End action : waitForElementAttributeValue(btnMasuk, &amp;quot;enabled&amp;quot;, &amp;quot;true&amp;quot;, 10)</message>
  <nestedLevel>1</nestedLevel>
  <escapedJava>false</escapedJava>
</record>
<record>
  <date>2026-01-02T17:07:36</date>
  <millis>1767348456010</millis>
  <sequence>274</sequence>
  <level>START</level>
  <class>com.kms.katalon.core.logging.XmlKeywordLogger</class>
  <method>startKeyword</method>
  <thread>1</thread>
  <message>Start action : verifyElementAttributeValue(btnMasuk, &amp;quot;enabled&amp;quot;, &amp;quot;true&amp;quot;, 10)</message>
  <nestedLevel>1</nestedLevel>
  <escapedJava>false</escapedJava>
  <property name="startLine">47</property>
  <property name="stepIndex">16</property>
</record>
<record>
  <date>2026-01-02T17:07:36</date>
  <millis>1767348456175</millis>
  <sequence>278</sequence>
  <level>PASSED</level>
  <class>com.kms.katalon.core.logging.XmlKeywordLogger</class>
  <method>logMessage</method>
  <thread>1</thread>
  <message>Object &amp;apos;Object Repository/btn-Masuk&amp;apos; has attribute &amp;apos;enabled&amp;apos; with value &amp;apos;true&amp;apos;</message>
  <nestedLevel>1</nestedLevel>
  <escapedJava>false</escapedJava>
  <property name="testops-is-assertion">true</property>
  <property name="testops-method-name">com.kms.katalon.core.mobile.keyword.builtin.VerifyElementAttributeValueKeyword.verifyElementAttributeValue</property>
  <property name="testops-execution-stacktrace"></property>
</record>
<record>
  <date>2026-01-02T17:07:36</date>
  <millis>1767348456176</millis>
  <sequence>279</sequence>
  <level>END</level>
  <class>com.kms.katalon.core.logging.XmlKeywordLogger</class>
  <method>endKeyword</method>
  <thread>1</thread>
  <message>End action : verifyElementAttributeValue(btnMasuk, &amp;quot;enabled&amp;quot;, &amp;quot;true&amp;quot;, 10)</message>
  <nestedLevel>1</nestedLevel>
  <escapedJava>false</escapedJava>
</record>
<record>
  <date>2026-01-02T17:07:36</date>
  <millis>1767348456176</millis>
  <sequence>280</sequence>
  <level>START</level>
  <class>com.kms.katalon.core.logging.XmlKeywordLogger</class>
  <method>startKeyword</method>
  <thread>1</thread>
  <message>Start action : tap(btnMasuk, 10)</message>
  <nestedLevel>1</nestedLevel>
  <escapedJava>false</escapedJava>
  <property name="startLine">53</property>
  <property name="stepIndex">17</property>
</record>
<record>
  <date>2026-01-02T17:07:36</date>
  <millis>1767348456367</millis>
  <sequence>283</sequence>
  <level>PASSED</level>
  <class>com.kms.katalon.core.logging.XmlKeywordLogger</class>
  <method>logMessage</method>
  <thread>1</thread>
  <message>Tapped on element &amp;apos;Object Repository/btn-Masuk&amp;apos;</message>
  <nestedLevel>1</nestedLevel>
  <escapedJava>false</escapedJava>
  <property name="testops-method-name">com.kms.katalon.core.mobile.keyword.builtin.TapKeyword.tap</property>
  <property name="testops-execution-stacktrace"></property>
</record>
<record>
  <date>2026-01-02T17:07:36</date>
  <millis>1767348456367</millis>
  <sequence>284</sequence>
  <level>END</level>
  <class>com.kms.katalon.core.logging.XmlKeywordLogger</class>
  <method>endKeyword</method>
  <thread>1</thread>
  <message>End action : tap(btnMasuk, 10)</message>
  <nestedLevel>1</nestedLevel>
  <escapedJava>false</escapedJava>
</record>
<record>
  <date>2026-01-02T17:07:36</date>
  <millis>1767348456367</millis>
  <sequence>285</sequence>
  <level>START</level>
  <class>com.kms.katalon.core.logging.XmlKeywordLogger</class>
  <method>startKeyword</method>
  <thread>1</thread>
  <message>Start action : closeApplication()</message>
  <nestedLevel>1</nestedLevel>
  <escapedJava>false</escapedJava>
  <property name="startLine">54</property>
  <property name="stepIndex">18</property>
</record>
<record>
  <date>2026-01-02T17:07:36</date>
  <millis>1767348456830</millis>
  <sequence>286</sequence>
  <level>PASSED</level>
  <class>com.kms.katalon.core.logging.XmlKeywordLogger</class>
  <method>logMessage</method>
  <thread>1</thread>
  <message>Close app successfully</message>
  <nestedLevel>1</nestedLevel>
  <escapedJava>false</escapedJava>
  <property name="testops-method-name">com.kms.katalon.core.mobile.keyword.builtin.CloseApplicationKeyword.closeApplication</property>
  <property name="testops-execution-stacktrace"></property>
</record>
<record>
  <date>2026-01-02T17:07:36</date>
  <millis>1767348456830</millis>
  <sequence>287</sequence>
  <level>END</level>
  <class>com.kms.katalon.core.logging.XmlKeywordLogger</class>
  <method>endKeyword</method>
  <thread>1</thread>
  <message>End action : closeApplication()</message>
  <nestedLevel>1</nestedLevel>
  <escapedJava>false</escapedJava>
</record>
<record>
  <date>2026-01-02T17:07:36</date>
  <millis>1767348456830</millis>
  <sequence>288</sequence>
  <level>PASSED</level>
  <class>com.kms.katalon.core.logging.XmlKeywordLogger</class>
  <method>logMessage</method>
  <thread>1</thread>
  <message>Test Cases/Login by Email</message>
  <nestedLevel>1</nestedLevel>
  <escapedJava>false</escapedJava>
</record>
<record>
  <date>2026-01-02T17:07:36</date>
  <millis>1767348456832</millis>
  <sequence>289</sequence>
  <level>END</level>
  <class>com.kms.katalon.core.logging.XmlKeywordLogger</class>
  <method>endTest</method>
  <thread>1</thread>
  <message>End Test Case : Test Cases/Login by Email</message>
  <nestedLevel>0</nestedLevel>
  <escapedJava>false</escapedJava>
  <property name="executionBindingVariables">[
  {
    &quot;displayReportName&quot;: &quot;email&quot;,
    &quot;value&quot;: &quot;abc@com&quot;,
    &quot;name&quot;: &quot;email&quot;,
    &quot;masked&quot;: false
  }
]</property>
  <property name="applitools">false</property>
  <property name="keywordsUsage">{
  &quot;web_ui&quot;: false,
  &quot;web_service&quot;: false,
  &quot;cucumber&quot;: false,
  &quot;builtin&quot;: false,
  &quot;mobile&quot;: true,
  &quot;windows&quot;: false,
  &quot;testng&quot;: false
}</property>
</record>
<record>
  <date>2026-01-02T17:07:36</date>
  <millis>1767348456850</millis>
  <sequence>290</sequence>
  <level>START</level>
  <class>com.kms.katalon.core.logging.XmlKeywordLogger</class>
  <method>startTest</method>
  <thread>1</thread>
  <message>Start Test Case : Test Cases/Login by Email</message>
  <nestedLevel>1</nestedLevel>
  <escapedJava>false</escapedJava>
  <property name="name">Test Cases/Login by Email</property>
  <property name="description"></property>
  <property name="iteration"></property>
  <property name="id">Test Cases/Login by Email</property>
  <property name="source">C:\Users\ichsa\Katalon Studio\Labamu\Test Cases\Login by Email.tc</property>
  <property name="tag"></property>
  <property name="isOptional">false</property>
</record>
<record>
  <date>2026-01-02T17:07:36</date>
  <millis>1767348456854</millis>
  <sequence>292</sequence>
  <level>INFO</level>
  <class>com.kms.katalon.core.logging.XmlKeywordLogger</class>
  <method>logMessage</method>
  <thread>1</thread>
  <message>email = prod@gmail</message>
  <nestedLevel>1</nestedLevel>
  <escapedJava>false</escapedJava>
</record>
<record>
  <date>2026-01-02T17:07:36</date>
  <millis>1767348456854</millis>
  <sequence>293</sequence>
  <level>START</level>
  <class>com.kms.katalon.core.logging.XmlKeywordLogger</class>
  <method>startKeyword</method>
  <thread>1</thread>
  <message>Start action : startExistingApplication(&amp;quot;id.co.labamu.app&amp;quot;)</message>
  <nestedLevel>1</nestedLevel>
  <escapedJava>false</escapedJava>
  <property name="startLine">23</property>
  <property name="stepIndex">1</property>
</record>
<record>
  <date>2026-01-02T17:07:36</date>
  <millis>1767348456970</millis>
  <sequence>295</sequence>
  <level>INFO</level>
  <class>com.kms.katalon.core.logging.XmlKeywordLogger</class>
  <method>logMessage</method>
  <thread>1</thread>
  <message>Detected NodeJS location: &amp;quot;C:\Program Files\nodejs\node.exe&amp;quot;</message>
  <nestedLevel>1</nestedLevel>
  <escapedJava>false</escapedJava>
</record>
<record>
  <date>2026-01-02T17:07:38</date>
  <millis>1767348458606</millis>
  <sequence>296</sequence>
  <level>INFO</level>
  <class>com.kms.katalon.core.logging.XmlKeywordLogger</class>
  <method>logMessage</method>
  <thread>1</thread>
  <message>Appium server started on port 53,732</message>
  <nestedLevel>1</nestedLevel>
  <escapedJava>false</escapedJava>
</record>
<record>
  <date>2026-01-02T17:07:48</date>
  <millis>1767348468280</millis>
  <sequence>298</sequence>
  <level>RUN_DATA</level>
  <class>com.kms.katalon.core.logging.XmlKeywordLogger</class>
  <method>logMessage</method>
  <thread>1</thread>
  <message>appiumVersion = 1.22.3</message>
  <nestedLevel>1</nestedLevel>
  <escapedJava>false</escapedJava>
  <property name="appiumVersion">1.22.3</property>
</record>
<record>
  <date>2026-01-02T17:07:48</date>
  <millis>1767348468280</millis>
  <sequence>299</sequence>
  <level>RUN_DATA</level>
  <class>com.kms.katalon.core.logging.XmlKeywordLogger</class>
  <method>logMessage</method>
  <thread>1</thread>
  <message>appiumServerStatus = {&amp;quot;value&amp;quot;:{&amp;quot;build&amp;quot;:{&amp;quot;version&amp;quot;:&amp;quot;1.22.3&amp;quot;}},&amp;quot;sessionId&amp;quot;:null,&amp;quot;status&amp;quot;:0}</message>
  <nestedLevel>1</nestedLevel>
  <escapedJava>false</escapedJava>
  <property name="appiumServerStatus">{&quot;value&quot;:{&quot;build&quot;:{&quot;version&quot;:&quot;1.22.3&quot;}},&quot;sessionId&quot;:null,&quot;status&quot;:0}</property>
</record>
<record>
  <date>2026-01-02T17:07:48</date>
  <millis>1767348468294</millis>
  <sequence>300</sequence>
  <level>RUN_DATA</level>
  <class>com.kms.katalon.core.logging.XmlKeywordLogger</class>
  <method>logMessage</method>
  <thread>1</thread>
  <message>deviceId = RR8R5017EJV</message>
  <nestedLevel>1</nestedLevel>
  <escapedJava>false</escapedJava>
  <property name="deviceId">RR8R5017EJV</property>
</record>
<record>
  <date>2026-01-02T17:07:48</date>
  <millis>1767348468294</millis>
  <sequence>301</sequence>
  <level>RUN_DATA</level>
  <class>com.kms.katalon.core.logging.XmlKeywordLogger</class>
  <method>logMessage</method>
  <thread>1</thread>
  <message>deviceName = samsung SM-A125F (Android 12)</message>
  <nestedLevel>1</nestedLevel>
  <escapedJava>false</escapedJava>
  <property name="deviceName">samsung SM-A125F (Android 12)</property>
</record>
<record>
  <date>2026-01-02T17:07:48</date>
  <millis>1767348468294</millis>
  <sequence>302</sequence>
  <level>RUN_DATA</level>
  <class>com.kms.katalon.core.logging.XmlKeywordLogger</class>
  <method>logMessage</method>
  <thread>1</thread>
  <message>deviceModel = SM-A125F</message>
  <nestedLevel>1</nestedLevel>
  <escapedJava>false</escapedJava>
  <property name="deviceModel">SM-A125F</property>
</record>
<record>
  <date>2026-01-02T17:07:48</date>
  <millis>1767348468294</millis>
  <sequence>303</sequence>
  <level>RUN_DATA</level>
  <class>com.kms.katalon.core.logging.XmlKeywordLogger</class>
  <method>logMessage</method>
  <thread>1</thread>
  <message>deviceManufacturer = samsung</message>
  <nestedLevel>1</nestedLevel>
  <escapedJava>false</escapedJava>
  <property name="deviceManufacturer">samsung</property>
</record>
<record>
  <date>2026-01-02T17:07:48</date>
  <millis>1767348468294</millis>
  <sequence>304</sequence>
  <level>RUN_DATA</level>
  <class>com.kms.katalon.core.logging.XmlKeywordLogger</class>
  <method>logMessage</method>
  <thread>1</thread>
  <message>deviceOS = Android</message>
  <nestedLevel>1</nestedLevel>
  <escapedJava>false</escapedJava>
  <property name="deviceOS">Android</property>
</record>
<record>
  <date>2026-01-02T17:07:48</date>
  <millis>1767348468294</millis>
  <sequence>305</sequence>
  <level>RUN_DATA</level>
  <class>com.kms.katalon.core.logging.XmlKeywordLogger</class>
  <method>logMessage</method>
  <thread>1</thread>
  <message>deviceOSVersion = 12</message>
  <nestedLevel>1</nestedLevel>
  <escapedJava>false</escapedJava>
  <property name="deviceOSVersion">12</property>
</record>
<record>
  <date>2026-01-02T17:07:50</date>
  <millis>1767348470137</millis>
  <sequence>307</sequence>
  <level>PASSED</level>
  <class>com.kms.katalon.core.logging.XmlKeywordLogger</class>
  <method>logMessage</method>
  <thread>1</thread>
  <message>Starting app with application ID: &amp;apos;id.co.labamu.app&amp;apos;</message>
  <nestedLevel>1</nestedLevel>
  <escapedJava>false</escapedJava>
  <property name="testops-method-name">com.kms.katalon.core.mobile.keyword.internal.MobileKeywordMain$runKeyword.call</property>
  <property name="testops-execution-stacktrace">com.kms.katalon.core.logging.KeywordLogger.logPassed(KeywordLogger.java:340)
com.kms.katalon.core.logging.KeywordLogger.logPassed(KeywordLogger.java:334)
com.kms.katalon.core.logging.KeywordLogger$logPassed$1.call(Unknown Source)
com.kms.katalon.core.mobile.keyword.builtin.StartExistingApplicationKeyword$_startApplication_closure1.doCall(StartExistingApplicationKeyword.groovy:51)
com.kms.katalon.core.mobile.keyword.builtin.StartExistingApplicationKeyword$_startApplication_closure1.doCall(StartExistingApplicationKeyword.groovy)
com.kms.katalon.core.mobile.keyword.internal.MobileKeywordMain.runKeyword(MobileKeywordMain.groovy:21)
com.kms.katalon.core.mobile.keyword.internal.MobileKeywordMain$runKeyword.call(Unknown Source)
com.kms.katalon.core.mobile.keyword.builtin.StartExistingApplicationKeyword.startApplication(StartExistingApplicationKeyword.groovy:52)
com.kms.katalon.core.mobile.keyword.builtin.StartExistingApplicationKeyword.execute(StartExistingApplicationKeyword.groovy:37)
com.kms.katalon.core.keyword.internal.KeywordExecutor.executeKeywordForPlatform(KeywordExecutor.groovy:74)
com.kms.katalon.core.mobile.keyword.MobileBuiltInKeywords.startExistingApplication(MobileBuiltInKeywords.groovy:92)
com.kms.katalon.core.mobile.keyword.MobileBuiltInKeywords$startExistingApplication.call(Unknown Source)
Login by Email.run(Login by Email:23)
</property>
</record>
<record>
  <date>2026-01-02T17:07:50</date>
  <millis>1767348470138</millis>
  <sequence>308</sequence>
  <level>END</level>
  <class>com.kms.katalon.core.logging.XmlKeywordLogger</class>
  <method>endKeyword</method>
  <thread>1</thread>
  <message>End action : startExistingApplication(&amp;quot;id.co.labamu.app&amp;quot;)</message>
  <nestedLevel>1</nestedLevel>
  <escapedJava>false</escapedJava>
</record>
<record>
  <date>2026-01-02T17:07:50</date>
  <millis>1767348470138</millis>
  <sequence>309</sequence>
  <level>START</level>
  <class>com.kms.katalon.core.logging.XmlKeywordLogger</class>
  <method>startKeyword</method>
  <thread>1</thread>
  <message>Start action : widget = findTestObject(&amp;quot;Object Repository/btn-Widget-While&amp;quot;)</message>
  <nestedLevel>1</nestedLevel>
  <escapedJava>false</escapedJava>
  <property name="startLine">24</property>
  <property name="stepIndex">2</property>
</record>
<record>
  <date>2026-01-02T17:07:50</date>
  <millis>1767348470189</millis>
  <sequence>311</sequence>
  <level>END</level>
  <class>com.kms.katalon.core.logging.XmlKeywordLogger</class>
  <method>endKeyword</method>
  <thread>1</thread>
  <message>End action : widget = findTestObject(&amp;quot;Object Repository/btn-Widget-While&amp;quot;)</message>
  <nestedLevel>1</nestedLevel>
  <escapedJava>false</escapedJava>
</record>
<record>
  <date>2026-01-02T17:07:50</date>
  <millis>1767348470189</millis>
  <sequence>312</sequence>
  <level>START</level>
  <class>com.kms.katalon.core.logging.XmlKeywordLogger</class>
  <method>startKeyword</method>
  <thread>1</thread>
  <message>Start action : if (waitForElementPresent(widget, 5))</message>
  <nestedLevel>1</nestedLevel>
  <escapedJava>false</escapedJava>
  <property name="startLine">25</property>
  <property name="stepIndex">3</property>
</record>
<record>
  <date>2026-01-02T17:07:55</date>
  <millis>1767348475304</millis>
  <sequence>315</sequence>
  <level>WARNING</level>
  <class>com.kms.katalon.core.logging.XmlKeywordLogger</class>
  <method>logMessage</method>
  <thread>1</thread>
  <message>Object Object Repository/btn-Widget-While not found</message>
  <nestedLevel>1</nestedLevel>
  <escapedJava>false</escapedJava>
</record>
<record>
  <date>2026-01-02T17:07:55</date>
  <millis>1767348475305</millis>
  <sequence>316</sequence>
  <level>END</level>
  <class>com.kms.katalon.core.logging.XmlKeywordLogger</class>
  <method>endKeyword</method>
  <thread>1</thread>
  <message>End action : if (waitForElementPresent(widget, 5))</message>
  <nestedLevel>1</nestedLevel>
  <escapedJava>false</escapedJava>
</record>
<record>
  <date>2026-01-02T17:07:55</date>
  <millis>1767348475305</millis>
  <sequence>317</sequence>
  <level>START</level>
  <class>com.kms.katalon.core.logging.XmlKeywordLogger</class>
  <method>startKeyword</method>
  <thread>1</thread>
  <message>Start action : else</message>
  <nestedLevel>1</nestedLevel>
  <escapedJava>false</escapedJava>
  <property name="startLine">28</property>
  <property name="stepIndex">4</property>
</record>
<record>
  <date>2026-01-02T17:07:55</date>
  <millis>1767348475305</millis>
  <sequence>318</sequence>
  <level>START</level>
  <class>com.kms.katalon.core.logging.XmlKeywordLogger</class>
  <method>startKeyword</method>
  <thread>1</thread>
  <message>Start action : println(&amp;quot;Widget tidak muncul, lanjut step berikutnya&amp;quot;)</message>
  <nestedLevel>2</nestedLevel>
  <escapedJava>false</escapedJava>
  <property name="startLine">29</property>
  <property name="stepIndex">1</property>
</record>
<record>
  <date>2026-01-02T17:07:55</date>
  <millis>1767348475305</millis>
  <sequence>319</sequence>
  <level>END</level>
  <class>com.kms.katalon.core.logging.XmlKeywordLogger</class>
  <method>endKeyword</method>
  <thread>1</thread>
  <message>End action : println(&amp;quot;Widget tidak muncul, lanjut step berikutnya&amp;quot;)</message>
  <nestedLevel>2</nestedLevel>
  <escapedJava>false</escapedJava>
</record>
<record>
  <date>2026-01-02T17:07:55</date>
  <millis>1767348475305</millis>
  <sequence>320</sequence>
  <level>END</level>
  <class>com.kms.katalon.core.logging.XmlKeywordLogger</class>
  <method>endKeyword</method>
  <thread>1</thread>
  <message>End action : else</message>
  <nestedLevel>1</nestedLevel>
  <escapedJava>false</escapedJava>
</record>
<record>
  <date>2026-01-02T17:07:55</date>
  <millis>1767348475305</millis>
  <sequence>321</sequence>
  <level>START</level>
  <class>com.kms.katalon.core.logging.XmlKeywordLogger</class>
  <method>startKeyword</method>
  <thread>1</thread>
  <message>Start action : btnEmailOption = findTestObject(&amp;quot;Object Repository/btn-text-Email-Option&amp;quot;)</message>
  <nestedLevel>1</nestedLevel>
  <escapedJava>false</escapedJava>
  <property name="startLine">31</property>
  <property name="stepIndex">5</property>
</record>
<record>
  <date>2026-01-02T17:07:55</date>
  <millis>1767348475361</millis>
  <sequence>323</sequence>
  <level>END</level>
  <class>com.kms.katalon.core.logging.XmlKeywordLogger</class>
  <method>endKeyword</method>
  <thread>1</thread>
  <message>End action : btnEmailOption = findTestObject(&amp;quot;Object Repository/btn-text-Email-Option&amp;quot;)</message>
  <nestedLevel>1</nestedLevel>
  <escapedJava>false</escapedJava>
</record>
<record>
  <date>2026-01-02T17:07:55</date>
  <millis>1767348475361</millis>
  <sequence>324</sequence>
  <level>START</level>
  <class>com.kms.katalon.core.logging.XmlKeywordLogger</class>
  <method>startKeyword</method>
  <thread>1</thread>
  <message>Start action : inputEmail = findTestObject(&amp;quot;Object Repository/edt-Input-Email&amp;quot;)</message>
  <nestedLevel>1</nestedLevel>
  <escapedJava>false</escapedJava>
  <property name="startLine">32</property>
  <property name="stepIndex">6</property>
</record>
<record>
  <date>2026-01-02T17:07:55</date>
  <millis>1767348475399</millis>
  <sequence>326</sequence>
  <level>END</level>
  <class>com.kms.katalon.core.logging.XmlKeywordLogger</class>
  <method>endKeyword</method>
  <thread>1</thread>
  <message>End action : inputEmail = findTestObject(&amp;quot;Object Repository/edt-Input-Email&amp;quot;)</message>
  <nestedLevel>1</nestedLevel>
  <escapedJava>false</escapedJava>
</record>
<record>
  <date>2026-01-02T17:07:55</date>
  <millis>1767348475399</millis>
  <sequence>327</sequence>
  <level>START</level>
  <class>com.kms.katalon.core.logging.XmlKeywordLogger</class>
  <method>startKeyword</method>
  <thread>1</thread>
  <message>Start action : chkAgreement = findTestObject(&amp;quot;Object Repository/btn-CheckBox&amp;quot;)</message>
  <nestedLevel>1</nestedLevel>
  <escapedJava>false</escapedJava>
  <property name="startLine">33</property>
  <property name="stepIndex">7</property>
</record>
<record>
  <date>2026-01-02T17:07:55</date>
  <millis>1767348475445</millis>
  <sequence>329</sequence>
  <level>END</level>
  <class>com.kms.katalon.core.logging.XmlKeywordLogger</class>
  <method>endKeyword</method>
  <thread>1</thread>
  <message>End action : chkAgreement = findTestObject(&amp;quot;Object Repository/btn-CheckBox&amp;quot;)</message>
  <nestedLevel>1</nestedLevel>
  <escapedJava>false</escapedJava>
</record>
<record>
  <date>2026-01-02T17:07:55</date>
  <millis>1767348475445</millis>
  <sequence>330</sequence>
  <level>START</level>
  <class>com.kms.katalon.core.logging.XmlKeywordLogger</class>
  <method>startKeyword</method>
  <thread>1</thread>
  <message>Start action : btnMasuk = findTestObject(&amp;quot;Object Repository/btn-Masuk&amp;quot;)</message>
  <nestedLevel>1</nestedLevel>
  <escapedJava>false</escapedJava>
  <property name="startLine">34</property>
  <property name="stepIndex">8</property>
</record>
<record>
  <date>2026-01-02T17:07:55</date>
  <millis>1767348475484</millis>
  <sequence>332</sequence>
  <level>END</level>
  <class>com.kms.katalon.core.logging.XmlKeywordLogger</class>
  <method>endKeyword</method>
  <thread>1</thread>
  <message>End action : btnMasuk = findTestObject(&amp;quot;Object Repository/btn-Masuk&amp;quot;)</message>
  <nestedLevel>1</nestedLevel>
  <escapedJava>false</escapedJava>
</record>
<record>
  <date>2026-01-02T17:07:55</date>
  <millis>1767348475485</millis>
  <sequence>333</sequence>
  <level>START</level>
  <class>com.kms.katalon.core.logging.XmlKeywordLogger</class>
  <method>startKeyword</method>
  <thread>1</thread>
  <message>Start action : waitForElementPresent(btnEmailOption, 10)</message>
  <nestedLevel>1</nestedLevel>
  <escapedJava>false</escapedJava>
  <property name="startLine">35</property>
  <property name="stepIndex">9</property>
</record>
<record>
  <date>2026-01-02T17:07:55</date>
  <millis>1767348475763</millis>
  <sequence>336</sequence>
  <level>PASSED</level>
  <class>com.kms.katalon.core.logging.XmlKeywordLogger</class>
  <method>logMessage</method>
  <thread>1</thread>
  <message>Element &amp;apos;Object Repository/btn-text-Email-Option&amp;apos; is present</message>
  <nestedLevel>1</nestedLevel>
  <escapedJava>false</escapedJava>
  <property name="testops-method-name">com.kms.katalon.core.mobile.keyword.builtin.WaitForElementPresentKeyword.waitForElementPresent</property>
  <property name="testops-execution-stacktrace"></property>
</record>
<record>
  <date>2026-01-02T17:07:55</date>
  <millis>1767348475764</millis>
  <sequence>337</sequence>
  <level>END</level>
  <class>com.kms.katalon.core.logging.XmlKeywordLogger</class>
  <method>endKeyword</method>
  <thread>1</thread>
  <message>End action : waitForElementPresent(btnEmailOption, 10)</message>
  <nestedLevel>1</nestedLevel>
  <escapedJava>false</escapedJava>
</record>
<record>
  <date>2026-01-02T17:07:55</date>
  <millis>1767348475764</millis>
  <sequence>338</sequence>
  <level>START</level>
  <class>com.kms.katalon.core.logging.XmlKeywordLogger</class>
  <method>startKeyword</method>
  <thread>1</thread>
  <message>Start action : tap(btnEmailOption, 10)</message>
  <nestedLevel>1</nestedLevel>
  <escapedJava>false</escapedJava>
  <property name="startLine">36</property>
  <property name="stepIndex">10</property>
</record>
<record>
  <date>2026-01-02T17:07:56</date>
  <millis>1767348476122</millis>
  <sequence>341</sequence>
  <level>PASSED</level>
  <class>com.kms.katalon.core.logging.XmlKeywordLogger</class>
  <method>logMessage</method>
  <thread>1</thread>
  <message>Tapped on element &amp;apos;Object Repository/btn-text-Email-Option&amp;apos;</message>
  <nestedLevel>1</nestedLevel>
  <escapedJava>false</escapedJava>
  <property name="testops-method-name">com.kms.katalon.core.mobile.keyword.builtin.TapKeyword.tap</property>
  <property name="testops-execution-stacktrace"></property>
</record>
<record>
  <date>2026-01-02T17:07:56</date>
  <millis>1767348476122</millis>
  <sequence>342</sequence>
  <level>END</level>
  <class>com.kms.katalon.core.logging.XmlKeywordLogger</class>
  <method>endKeyword</method>
  <thread>1</thread>
  <message>End action : tap(btnEmailOption, 10)</message>
  <nestedLevel>1</nestedLevel>
  <escapedJava>false</escapedJava>
</record>
<record>
  <date>2026-01-02T17:07:56</date>
  <millis>1767348476122</millis>
  <sequence>343</sequence>
  <level>START</level>
  <class>com.kms.katalon.core.logging.XmlKeywordLogger</class>
  <method>startKeyword</method>
  <thread>1</thread>
  <message>Start action : waitForElementPresent(inputEmail, 10)</message>
  <nestedLevel>1</nestedLevel>
  <escapedJava>false</escapedJava>
  <property name="startLine">37</property>
  <property name="stepIndex">11</property>
</record>
<record>
  <date>2026-01-02T17:07:56</date>
  <millis>1767348476870</millis>
  <sequence>346</sequence>
  <level>PASSED</level>
  <class>com.kms.katalon.core.logging.XmlKeywordLogger</class>
  <method>logMessage</method>
  <thread>1</thread>
  <message>Element &amp;apos;Object Repository/edt-Input-Email&amp;apos; is present</message>
  <nestedLevel>1</nestedLevel>
  <escapedJava>false</escapedJava>
  <property name="testops-method-name">com.kms.katalon.core.mobile.keyword.builtin.WaitForElementPresentKeyword.waitForElementPresent</property>
  <property name="testops-execution-stacktrace"></property>
</record>
<record>
  <date>2026-01-02T17:07:56</date>
  <millis>1767348476873</millis>
  <sequence>347</sequence>
  <level>END</level>
  <class>com.kms.katalon.core.logging.XmlKeywordLogger</class>
  <method>endKeyword</method>
  <thread>1</thread>
  <message>End action : waitForElementPresent(inputEmail, 10)</message>
  <nestedLevel>1</nestedLevel>
  <escapedJava>false</escapedJava>
</record>
<record>
  <date>2026-01-02T17:07:56</date>
  <millis>1767348476873</millis>
  <sequence>348</sequence>
  <level>START</level>
  <class>com.kms.katalon.core.logging.XmlKeywordLogger</class>
  <method>startKeyword</method>
  <thread>1</thread>
  <message>Start action : tap(inputEmail, 10)</message>
  <nestedLevel>1</nestedLevel>
  <escapedJava>false</escapedJava>
  <property name="startLine">38</property>
  <property name="stepIndex">12</property>
</record>
<record>
  <date>2026-01-02T17:07:57</date>
  <millis>1767348477219</millis>
  <sequence>351</sequence>
  <level>PASSED</level>
  <class>com.kms.katalon.core.logging.XmlKeywordLogger</class>
  <method>logMessage</method>
  <thread>1</thread>
  <message>Tapped on element &amp;apos;Object Repository/edt-Input-Email&amp;apos;</message>
  <nestedLevel>1</nestedLevel>
  <escapedJava>false</escapedJava>
  <property name="testops-method-name">com.kms.katalon.core.mobile.keyword.builtin.TapKeyword.tap</property>
  <property name="testops-execution-stacktrace"></property>
</record>
<record>
  <date>2026-01-02T17:07:57</date>
  <millis>1767348477220</millis>
  <sequence>352</sequence>
  <level>END</level>
  <class>com.kms.katalon.core.logging.XmlKeywordLogger</class>
  <method>endKeyword</method>
  <thread>1</thread>
  <message>End action : tap(inputEmail, 10)</message>
  <nestedLevel>1</nestedLevel>
  <escapedJava>false</escapedJava>
</record>
<record>
  <date>2026-01-02T17:07:57</date>
  <millis>1767348477220</millis>
  <sequence>353</sequence>
  <level>START</level>
  <class>com.kms.katalon.core.logging.XmlKeywordLogger</class>
  <method>startKeyword</method>
  <thread>1</thread>
  <message>Start action : setText(inputEmail, email, 10)</message>
  <nestedLevel>1</nestedLevel>
  <escapedJava>false</escapedJava>
  <property name="startLine">39</property>
  <property name="stepIndex">13</property>
</record>
<record>
  <date>2026-01-02T17:07:59</date>
  <millis>1767348479025</millis>
  <sequence>356</sequence>
  <level>PASSED</level>
  <class>com.kms.katalon.core.logging.XmlKeywordLogger</class>
  <method>logMessage</method>
  <thread>1</thread>
  <message>Text &amp;apos;prod@gmail&amp;apos; has been set to element &amp;apos;Object Repository/edt-Input-Email&amp;apos;</message>
  <nestedLevel>1</nestedLevel>
  <escapedJava>false</escapedJava>
  <property name="testops-method-name">com.kms.katalon.core.mobile.keyword.builtin.SetTextKeyword.setText</property>
  <property name="testops-execution-stacktrace"></property>
</record>
<record>
  <date>2026-01-02T17:07:59</date>
  <millis>1767348479025</millis>
  <sequence>357</sequence>
  <level>END</level>
  <class>com.kms.katalon.core.logging.XmlKeywordLogger</class>
  <method>endKeyword</method>
  <thread>1</thread>
  <message>End action : setText(inputEmail, email, 10)</message>
  <nestedLevel>1</nestedLevel>
  <escapedJava>false</escapedJava>
</record>
<record>
  <date>2026-01-02T17:07:59</date>
  <millis>1767348479025</millis>
  <sequence>358</sequence>
  <level>START</level>
  <class>com.kms.katalon.core.logging.XmlKeywordLogger</class>
  <method>startKeyword</method>
  <thread>1</thread>
  <message>Start action : tap(chkAgreement, 10)</message>
  <nestedLevel>1</nestedLevel>
  <escapedJava>false</escapedJava>
  <property name="startLine">40</property>
  <property name="stepIndex">14</property>
</record>
<record>
  <date>2026-01-02T17:07:59</date>
  <millis>1767348479849</millis>
  <sequence>361</sequence>
  <level>PASSED</level>
  <class>com.kms.katalon.core.logging.XmlKeywordLogger</class>
  <method>logMessage</method>
  <thread>1</thread>
  <message>Tapped on element &amp;apos;Object Repository/btn-CheckBox&amp;apos;</message>
  <nestedLevel>1</nestedLevel>
  <escapedJava>false</escapedJava>
  <property name="testops-method-name">com.kms.katalon.core.mobile.keyword.builtin.TapKeyword.tap</property>
  <property name="testops-execution-stacktrace"></property>
</record>
<record>
  <date>2026-01-02T17:07:59</date>
  <millis>1767348479849</millis>
  <sequence>362</sequence>
  <level>END</level>
  <class>com.kms.katalon.core.logging.XmlKeywordLogger</class>
  <method>endKeyword</method>
  <thread>1</thread>
  <message>End action : tap(chkAgreement, 10)</message>
  <nestedLevel>1</nestedLevel>
  <escapedJava>false</escapedJava>
</record>
<record>
  <date>2026-01-02T17:07:59</date>
  <millis>1767348479849</millis>
  <sequence>363</sequence>
  <level>START</level>
  <class>com.kms.katalon.core.logging.XmlKeywordLogger</class>
  <method>startKeyword</method>
  <thread>1</thread>
  <message>Start action : waitForElementAttributeValue(btnMasuk, &amp;quot;enabled&amp;quot;, &amp;quot;true&amp;quot;, 10)</message>
  <nestedLevel>1</nestedLevel>
  <escapedJava>false</escapedJava>
  <property name="startLine">41</property>
  <property name="stepIndex">15</property>
</record>
<record>
  <date>2026-01-02T17:08:01</date>
  <millis>1767348481259</millis>
  <sequence>367</sequence>
  <level>PASSED</level>
  <class>com.kms.katalon.core.logging.XmlKeywordLogger</class>
  <method>logMessage</method>
  <thread>1</thread>
  <message>Object &amp;apos;Object Repository/btn-Masuk&amp;apos; has attribute &amp;apos;enabled&amp;apos; with value &amp;apos;true&amp;apos;</message>
  <nestedLevel>1</nestedLevel>
  <escapedJava>false</escapedJava>
  <property name="testops-method-name">com.kms.katalon.core.mobile.keyword.builtin.WaitForElementAttributeValueKeyword.waitForElementAttributeValue</property>
  <property name="testops-execution-stacktrace"></property>
</record>
<record>
  <date>2026-01-02T17:08:01</date>
  <millis>1767348481259</millis>
  <sequence>368</sequence>
  <level>END</level>
  <class>com.kms.katalon.core.logging.XmlKeywordLogger</class>
  <method>endKeyword</method>
  <thread>1</thread>
  <message>End action : waitForElementAttributeValue(btnMasuk, &amp;quot;enabled&amp;quot;, &amp;quot;true&amp;quot;, 10)</message>
  <nestedLevel>1</nestedLevel>
  <escapedJava>false</escapedJava>
</record>
<record>
  <date>2026-01-02T17:08:01</date>
  <millis>1767348481259</millis>
  <sequence>369</sequence>
  <level>START</level>
  <class>com.kms.katalon.core.logging.XmlKeywordLogger</class>
  <method>startKeyword</method>
  <thread>1</thread>
  <message>Start action : verifyElementAttributeValue(btnMasuk, &amp;quot;enabled&amp;quot;, &amp;quot;true&amp;quot;, 10)</message>
  <nestedLevel>1</nestedLevel>
  <escapedJava>false</escapedJava>
  <property name="startLine">47</property>
  <property name="stepIndex">16</property>
</record>
<record>
  <date>2026-01-02T17:08:01</date>
  <millis>1767348481429</millis>
  <sequence>373</sequence>
  <level>PASSED</level>
  <class>com.kms.katalon.core.logging.XmlKeywordLogger</class>
  <method>logMessage</method>
  <thread>1</thread>
  <message>Object &amp;apos;Object Repository/btn-Masuk&amp;apos; has attribute &amp;apos;enabled&amp;apos; with value &amp;apos;true&amp;apos;</message>
  <nestedLevel>1</nestedLevel>
  <escapedJava>false</escapedJava>
  <property name="testops-is-assertion">true</property>
  <property name="testops-method-name">com.kms.katalon.core.mobile.keyword.builtin.VerifyElementAttributeValueKeyword.verifyElementAttributeValue</property>
  <property name="testops-execution-stacktrace"></property>
</record>
<record>
  <date>2026-01-02T17:08:01</date>
  <millis>1767348481429</millis>
  <sequence>374</sequence>
  <level>END</level>
  <class>com.kms.katalon.core.logging.XmlKeywordLogger</class>
  <method>endKeyword</method>
  <thread>1</thread>
  <message>End action : verifyElementAttributeValue(btnMasuk, &amp;quot;enabled&amp;quot;, &amp;quot;true&amp;quot;, 10)</message>
  <nestedLevel>1</nestedLevel>
  <escapedJava>false</escapedJava>
</record>
<record>
  <date>2026-01-02T17:08:01</date>
  <millis>1767348481429</millis>
  <sequence>375</sequence>
  <level>START</level>
  <class>com.kms.katalon.core.logging.XmlKeywordLogger</class>
  <method>startKeyword</method>
  <thread>1</thread>
  <message>Start action : tap(btnMasuk, 10)</message>
  <nestedLevel>1</nestedLevel>
  <escapedJava>false</escapedJava>
  <property name="startLine">53</property>
  <property name="stepIndex">17</property>
</record>
<record>
  <date>2026-01-02T17:08:01</date>
  <millis>1767348481634</millis>
  <sequence>378</sequence>
  <level>PASSED</level>
  <class>com.kms.katalon.core.logging.XmlKeywordLogger</class>
  <method>logMessage</method>
  <thread>1</thread>
  <message>Tapped on element &amp;apos;Object Repository/btn-Masuk&amp;apos;</message>
  <nestedLevel>1</nestedLevel>
  <escapedJava>false</escapedJava>
  <property name="testops-method-name">com.kms.katalon.core.mobile.keyword.builtin.TapKeyword.tap</property>
  <property name="testops-execution-stacktrace"></property>
</record>
<record>
  <date>2026-01-02T17:08:01</date>
  <millis>1767348481634</millis>
  <sequence>379</sequence>
  <level>END</level>
  <class>com.kms.katalon.core.logging.XmlKeywordLogger</class>
  <method>endKeyword</method>
  <thread>1</thread>
  <message>End action : tap(btnMasuk, 10)</message>
  <nestedLevel>1</nestedLevel>
  <escapedJava>false</escapedJava>
</record>
<record>
  <date>2026-01-02T17:08:01</date>
  <millis>1767348481634</millis>
  <sequence>380</sequence>
  <level>START</level>
  <class>com.kms.katalon.core.logging.XmlKeywordLogger</class>
  <method>startKeyword</method>
  <thread>1</thread>
  <message>Start action : closeApplication()</message>
  <nestedLevel>1</nestedLevel>
  <escapedJava>false</escapedJava>
  <property name="startLine">54</property>
  <property name="stepIndex">18</property>
</record>
<record>
  <date>2026-01-02T17:08:02</date>
  <millis>1767348482047</millis>
  <sequence>381</sequence>
  <level>PASSED</level>
  <class>com.kms.katalon.core.logging.XmlKeywordLogger</class>
  <method>logMessage</method>
  <thread>1</thread>
  <message>Close app successfully</message>
  <nestedLevel>1</nestedLevel>
  <escapedJava>false</escapedJava>
  <property name="testops-method-name">com.kms.katalon.core.mobile.keyword.builtin.CloseApplicationKeyword.closeApplication</property>
  <property name="testops-execution-stacktrace"></property>
</record>
<record>
  <date>2026-01-02T17:08:02</date>
  <millis>1767348482048</millis>
  <sequence>382</sequence>
  <level>END</level>
  <class>com.kms.katalon.core.logging.XmlKeywordLogger</class>
  <method>endKeyword</method>
  <thread>1</thread>
  <message>End action : closeApplication()</message>
  <nestedLevel>1</nestedLevel>
  <escapedJava>false</escapedJava>
</record>
<record>
  <date>2026-01-02T17:08:02</date>
  <millis>1767348482048</millis>
  <sequence>383</sequence>
  <level>PASSED</level>
  <class>com.kms.katalon.core.logging.XmlKeywordLogger</class>
  <method>logMessage</method>
  <thread>1</thread>
  <message>Test Cases/Login by Email</message>
  <nestedLevel>1</nestedLevel>
  <escapedJava>false</escapedJava>
</record>
<record>
  <date>2026-01-02T17:08:02</date>
  <millis>1767348482048</millis>
  <sequence>384</sequence>
  <level>END</level>
  <class>com.kms.katalon.core.logging.XmlKeywordLogger</class>
  <method>endTest</method>
  <thread>1</thread>
  <message>End Test Case : Test Cases/Login by Email</message>
  <nestedLevel>0</nestedLevel>
  <escapedJava>false</escapedJava>
  <property name="executionBindingVariables">[
  {
    &quot;displayReportName&quot;: &quot;email&quot;,
    &quot;value&quot;: &quot;prod@gmail&quot;,
    &quot;name&quot;: &quot;email&quot;,
    &quot;masked&quot;: false
  }
]</property>
  <property name="applitools">false</property>
  <property name="keywordsUsage">{
  &quot;web_ui&quot;: false,
  &quot;web_service&quot;: false,
  &quot;cucumber&quot;: false,
  &quot;builtin&quot;: false,
  &quot;mobile&quot;: true,
  &quot;windows&quot;: false,
  &quot;testng&quot;: false
}</property>
</record>
<record>
  <date>2026-01-02T17:08:02</date>
  <millis>1767348482060</millis>
  <sequence>385</sequence>
  <level>START</level>
  <class>com.kms.katalon.core.logging.XmlKeywordLogger</class>
  <method>startTest</method>
  <thread>1</thread>
  <message>Start Test Case : Test Cases/Login by WA</message>
  <nestedLevel>1</nestedLevel>
  <escapedJava>false</escapedJava>
  <property name="name">Test Cases/Login by WA</property>
  <property name="description"></property>
  <property name="iteration"></property>
  <property name="id">Test Cases/Login by WA</property>
  <property name="source">C:\Users\ichsa\Katalon Studio\Labamu\Test Cases\Login by WA.tc</property>
  <property name="tag"></property>
  <property name="isOptional">false</property>
</record>
<record>
  <date>2026-01-02T17:08:02</date>
  <millis>1767348482062</millis>
  <sequence>387</sequence>
  <level>INFO</level>
  <class>com.kms.katalon.core.logging.XmlKeywordLogger</class>
  <method>logMessage</method>
  <thread>1</thread>
  <message>wa = 8380718912</message>
  <nestedLevel>1</nestedLevel>
  <escapedJava>false</escapedJava>
</record>
<record>
  <date>2026-01-02T17:08:02</date>
  <millis>1767348482307</millis>
  <sequence>388</sequence>
  <level>START</level>
  <class>com.kms.katalon.core.logging.XmlKeywordLogger</class>
  <method>startKeyword</method>
  <thread>1</thread>
  <message>Start action : startExistingApplication(&amp;quot;id.co.labamu.app&amp;quot;)</message>
  <nestedLevel>1</nestedLevel>
  <escapedJava>false</escapedJava>
  <property name="startLine">23</property>
  <property name="stepIndex">1</property>
</record>
<record>
  <date>2026-01-02T17:08:02</date>
  <millis>1767348482383</millis>
  <sequence>390</sequence>
  <level>INFO</level>
  <class>com.kms.katalon.core.logging.XmlKeywordLogger</class>
  <method>logMessage</method>
  <thread>1</thread>
  <message>Detected NodeJS location: &amp;quot;C:\Program Files\nodejs\node.exe&amp;quot;</message>
  <nestedLevel>1</nestedLevel>
  <escapedJava>false</escapedJava>
</record>
<record>
  <date>2026-01-02T17:08:03</date>
  <millis>1767348483484</millis>
  <sequence>391</sequence>
  <level>INFO</level>
  <class>com.kms.katalon.core.logging.XmlKeywordLogger</class>
  <method>logMessage</method>
  <thread>1</thread>
  <message>Appium server started on port 58,710</message>
  <nestedLevel>1</nestedLevel>
  <escapedJava>false</escapedJava>
</record>
<record>
  <date>2026-01-02T17:08:13</date>
  <millis>1767348493065</millis>
  <sequence>393</sequence>
  <level>RUN_DATA</level>
  <class>com.kms.katalon.core.logging.XmlKeywordLogger</class>
  <method>logMessage</method>
  <thread>1</thread>
  <message>appiumVersion = 1.22.3</message>
  <nestedLevel>1</nestedLevel>
  <escapedJava>false</escapedJava>
  <property name="appiumVersion">1.22.3</property>
</record>
<record>
  <date>2026-01-02T17:08:13</date>
  <millis>1767348493067</millis>
  <sequence>394</sequence>
  <level>RUN_DATA</level>
  <class>com.kms.katalon.core.logging.XmlKeywordLogger</class>
  <method>logMessage</method>
  <thread>1</thread>
  <message>appiumServerStatus = {&amp;quot;value&amp;quot;:{&amp;quot;build&amp;quot;:{&amp;quot;version&amp;quot;:&amp;quot;1.22.3&amp;quot;}},&amp;quot;sessionId&amp;quot;:null,&amp;quot;status&amp;quot;:0}</message>
  <nestedLevel>1</nestedLevel>
  <escapedJava>false</escapedJava>
  <property name="appiumServerStatus">{&quot;value&quot;:{&quot;build&quot;:{&quot;version&quot;:&quot;1.22.3&quot;}},&quot;sessionId&quot;:null,&quot;status&quot;:0}</property>
</record>
<record>
  <date>2026-01-02T17:08:13</date>
  <millis>1767348493080</millis>
  <sequence>395</sequence>
  <level>RUN_DATA</level>
  <class>com.kms.katalon.core.logging.XmlKeywordLogger</class>
  <method>logMessage</method>
  <thread>1</thread>
  <message>deviceId = RR8R5017EJV</message>
  <nestedLevel>1</nestedLevel>
  <escapedJava>false</escapedJava>
  <property name="deviceId">RR8R5017EJV</property>
</record>
<record>
  <date>2026-01-02T17:08:13</date>
  <millis>1767348493081</millis>
  <sequence>396</sequence>
  <level>RUN_DATA</level>
  <class>com.kms.katalon.core.logging.XmlKeywordLogger</class>
  <method>logMessage</method>
  <thread>1</thread>
  <message>deviceName = samsung SM-A125F (Android 12)</message>
  <nestedLevel>1</nestedLevel>
  <escapedJava>false</escapedJava>
  <property name="deviceName">samsung SM-A125F (Android 12)</property>
</record>
<record>
  <date>2026-01-02T17:08:13</date>
  <millis>1767348493081</millis>
  <sequence>397</sequence>
  <level>RUN_DATA</level>
  <class>com.kms.katalon.core.logging.XmlKeywordLogger</class>
  <method>logMessage</method>
  <thread>1</thread>
  <message>deviceModel = SM-A125F</message>
  <nestedLevel>1</nestedLevel>
  <escapedJava>false</escapedJava>
  <property name="deviceModel">SM-A125F</property>
</record>
<record>
  <date>2026-01-02T17:08:13</date>
  <millis>1767348493081</millis>
  <sequence>398</sequence>
  <level>RUN_DATA</level>
  <class>com.kms.katalon.core.logging.XmlKeywordLogger</class>
  <method>logMessage</method>
  <thread>1</thread>
  <message>deviceManufacturer = samsung</message>
  <nestedLevel>1</nestedLevel>
  <escapedJava>false</escapedJava>
  <property name="deviceManufacturer">samsung</property>
</record>
<record>
  <date>2026-01-02T17:08:13</date>
  <millis>1767348493081</millis>
  <sequence>399</sequence>
  <level>RUN_DATA</level>
  <class>com.kms.katalon.core.logging.XmlKeywordLogger</class>
  <method>logMessage</method>
  <thread>1</thread>
  <message>deviceOS = Android</message>
  <nestedLevel>1</nestedLevel>
  <escapedJava>false</escapedJava>
  <property name="deviceOS">Android</property>
</record>
<record>
  <date>2026-01-02T17:08:13</date>
  <millis>1767348493081</millis>
  <sequence>400</sequence>
  <level>RUN_DATA</level>
  <class>com.kms.katalon.core.logging.XmlKeywordLogger</class>
  <method>logMessage</method>
  <thread>1</thread>
  <message>deviceOSVersion = 12</message>
  <nestedLevel>1</nestedLevel>
  <escapedJava>false</escapedJava>
  <property name="deviceOSVersion">12</property>
</record>
<record>
  <date>2026-01-02T17:08:14</date>
  <millis>1767348494882</millis>
  <sequence>402</sequence>
  <level>PASSED</level>
  <class>com.kms.katalon.core.logging.XmlKeywordLogger</class>
  <method>logMessage</method>
  <thread>1</thread>
  <message>Starting app with application ID: &amp;apos;id.co.labamu.app&amp;apos;</message>
  <nestedLevel>1</nestedLevel>
  <escapedJava>false</escapedJava>
  <property name="testops-method-name">com.kms.katalon.core.mobile.keyword.internal.MobileKeywordMain$runKeyword.call</property>
  <property name="testops-execution-stacktrace">com.kms.katalon.core.logging.KeywordLogger.logPassed(KeywordLogger.java:340)
com.kms.katalon.core.logging.KeywordLogger.logPassed(KeywordLogger.java:334)
com.kms.katalon.core.logging.KeywordLogger$logPassed$1.call(Unknown Source)
com.kms.katalon.core.mobile.keyword.builtin.StartExistingApplicationKeyword$_startApplication_closure1.doCall(StartExistingApplicationKeyword.groovy:51)
com.kms.katalon.core.mobile.keyword.builtin.StartExistingApplicationKeyword$_startApplication_closure1.doCall(StartExistingApplicationKeyword.groovy)
com.kms.katalon.core.mobile.keyword.internal.MobileKeywordMain.runKeyword(MobileKeywordMain.groovy:21)
com.kms.katalon.core.mobile.keyword.internal.MobileKeywordMain$runKeyword.call(Unknown Source)
com.kms.katalon.core.mobile.keyword.builtin.StartExistingApplicationKeyword.startApplication(StartExistingApplicationKeyword.groovy:52)
com.kms.katalon.core.mobile.keyword.builtin.StartExistingApplicationKeyword.execute(StartExistingApplicationKeyword.groovy:37)
com.kms.katalon.core.keyword.internal.KeywordExecutor.executeKeywordForPlatform(KeywordExecutor.groovy:74)
com.kms.katalon.core.mobile.keyword.MobileBuiltInKeywords.startExistingApplication(MobileBuiltInKeywords.groovy:92)
com.kms.katalon.core.mobile.keyword.MobileBuiltInKeywords$startExistingApplication.call(Unknown Source)
Login by WA.run(Login by WA:23)
</property>
</record>
<record>
  <date>2026-01-02T17:08:14</date>
  <millis>1767348494883</millis>
  <sequence>403</sequence>
  <level>END</level>
  <class>com.kms.katalon.core.logging.XmlKeywordLogger</class>
  <method>endKeyword</method>
  <thread>1</thread>
  <message>End action : startExistingApplication(&amp;quot;id.co.labamu.app&amp;quot;)</message>
  <nestedLevel>1</nestedLevel>
  <escapedJava>false</escapedJava>
</record>
<record>
  <date>2026-01-02T17:08:14</date>
  <millis>1767348494883</millis>
  <sequence>404</sequence>
  <level>START</level>
  <class>com.kms.katalon.core.logging.XmlKeywordLogger</class>
  <method>startKeyword</method>
  <thread>1</thread>
  <message>Start action : widget = findTestObject(&amp;quot;Object Repository/btn-Widget-While&amp;quot;)</message>
  <nestedLevel>1</nestedLevel>
  <escapedJava>false</escapedJava>
  <property name="startLine">24</property>
  <property name="stepIndex">2</property>
</record>
<record>
  <date>2026-01-02T17:08:14</date>
  <millis>1767348494927</millis>
  <sequence>406</sequence>
  <level>END</level>
  <class>com.kms.katalon.core.logging.XmlKeywordLogger</class>
  <method>endKeyword</method>
  <thread>1</thread>
  <message>End action : widget = findTestObject(&amp;quot;Object Repository/btn-Widget-While&amp;quot;)</message>
  <nestedLevel>1</nestedLevel>
  <escapedJava>false</escapedJava>
</record>
<record>
  <date>2026-01-02T17:08:14</date>
  <millis>1767348494927</millis>
  <sequence>407</sequence>
  <level>START</level>
  <class>com.kms.katalon.core.logging.XmlKeywordLogger</class>
  <method>startKeyword</method>
  <thread>1</thread>
  <message>Start action : if (waitForElementPresent(widget, 5))</message>
  <nestedLevel>1</nestedLevel>
  <escapedJava>false</escapedJava>
  <property name="startLine">25</property>
  <property name="stepIndex">3</property>
</record>
<record>
  <date>2026-01-02T17:08:20</date>
  <millis>1767348500004</millis>
  <sequence>410</sequence>
  <level>WARNING</level>
  <class>com.kms.katalon.core.logging.XmlKeywordLogger</class>
  <method>logMessage</method>
  <thread>1</thread>
  <message>Object Object Repository/btn-Widget-While not found</message>
  <nestedLevel>1</nestedLevel>
  <escapedJava>false</escapedJava>
</record>
<record>
  <date>2026-01-02T17:08:20</date>
  <millis>1767348500004</millis>
  <sequence>411</sequence>
  <level>END</level>
  <class>com.kms.katalon.core.logging.XmlKeywordLogger</class>
  <method>endKeyword</method>
  <thread>1</thread>
  <message>End action : if (waitForElementPresent(widget, 5))</message>
  <nestedLevel>1</nestedLevel>
  <escapedJava>false</escapedJava>
</record>
<record>
  <date>2026-01-02T17:08:20</date>
  <millis>1767348500004</millis>
  <sequence>412</sequence>
  <level>START</level>
  <class>com.kms.katalon.core.logging.XmlKeywordLogger</class>
  <method>startKeyword</method>
  <thread>1</thread>
  <message>Start action : else</message>
  <nestedLevel>1</nestedLevel>
  <escapedJava>false</escapedJava>
  <property name="startLine">28</property>
  <property name="stepIndex">4</property>
</record>
<record>
  <date>2026-01-02T17:08:20</date>
  <millis>1767348500004</millis>
  <sequence>413</sequence>
  <level>START</level>
  <class>com.kms.katalon.core.logging.XmlKeywordLogger</class>
  <method>startKeyword</method>
  <thread>1</thread>
  <message>Start action : println(&amp;quot;Widget tidak muncul, lanjut step berikutnya&amp;quot;)</message>
  <nestedLevel>2</nestedLevel>
  <escapedJava>false</escapedJava>
  <property name="startLine">29</property>
  <property name="stepIndex">1</property>
</record>
<record>
  <date>2026-01-02T17:08:20</date>
  <millis>1767348500004</millis>
  <sequence>414</sequence>
  <level>END</level>
  <class>com.kms.katalon.core.logging.XmlKeywordLogger</class>
  <method>endKeyword</method>
  <thread>1</thread>
  <message>End action : println(&amp;quot;Widget tidak muncul, lanjut step berikutnya&amp;quot;)</message>
  <nestedLevel>2</nestedLevel>
  <escapedJava>false</escapedJava>
</record>
<record>
  <date>2026-01-02T17:08:20</date>
  <millis>1767348500004</millis>
  <sequence>415</sequence>
  <level>END</level>
  <class>com.kms.katalon.core.logging.XmlKeywordLogger</class>
  <method>endKeyword</method>
  <thread>1</thread>
  <message>End action : else</message>
  <nestedLevel>1</nestedLevel>
  <escapedJava>false</escapedJava>
</record>
<record>
  <date>2026-01-02T17:08:20</date>
  <millis>1767348500004</millis>
  <sequence>416</sequence>
  <level>START</level>
  <class>com.kms.katalon.core.logging.XmlKeywordLogger</class>
  <method>startKeyword</method>
  <thread>1</thread>
  <message>Start action : edtWA = findTestObject(&amp;quot;Object Repository/edt-WA&amp;quot;)</message>
  <nestedLevel>1</nestedLevel>
  <escapedJava>false</escapedJava>
  <property name="startLine">31</property>
  <property name="stepIndex">5</property>
</record>
<record>
  <date>2026-01-02T17:08:20</date>
  <millis>1767348500048</millis>
  <sequence>418</sequence>
  <level>END</level>
  <class>com.kms.katalon.core.logging.XmlKeywordLogger</class>
  <method>endKeyword</method>
  <thread>1</thread>
  <message>End action : edtWA = findTestObject(&amp;quot;Object Repository/edt-WA&amp;quot;)</message>
  <nestedLevel>1</nestedLevel>
  <escapedJava>false</escapedJava>
</record>
<record>
  <date>2026-01-02T17:08:20</date>
  <millis>1767348500049</millis>
  <sequence>419</sequence>
  <level>START</level>
  <class>com.kms.katalon.core.logging.XmlKeywordLogger</class>
  <method>startKeyword</method>
  <thread>1</thread>
  <message>Start action : chkAgreement = findTestObject(&amp;quot;Object Repository/btn-CheckBox&amp;quot;)</message>
  <nestedLevel>1</nestedLevel>
  <escapedJava>false</escapedJava>
  <property name="startLine">32</property>
  <property name="stepIndex">6</property>
</record>
<record>
  <date>2026-01-02T17:08:20</date>
  <millis>1767348500091</millis>
  <sequence>421</sequence>
  <level>END</level>
  <class>com.kms.katalon.core.logging.XmlKeywordLogger</class>
  <method>endKeyword</method>
  <thread>1</thread>
  <message>End action : chkAgreement = findTestObject(&amp;quot;Object Repository/btn-CheckBox&amp;quot;)</message>
  <nestedLevel>1</nestedLevel>
  <escapedJava>false</escapedJava>
</record>
<record>
  <date>2026-01-02T17:08:20</date>
  <millis>1767348500091</millis>
  <sequence>422</sequence>
  <level>START</level>
  <class>com.kms.katalon.core.logging.XmlKeywordLogger</class>
  <method>startKeyword</method>
  <thread>1</thread>
  <message>Start action : btnMasuk = findTestObject(&amp;quot;Object Repository/btn-Masuk&amp;quot;)</message>
  <nestedLevel>1</nestedLevel>
  <escapedJava>false</escapedJava>
  <property name="startLine">33</property>
  <property name="stepIndex">7</property>
</record>
<record>
  <date>2026-01-02T17:08:20</date>
  <millis>1767348500133</millis>
  <sequence>424</sequence>
  <level>END</level>
  <class>com.kms.katalon.core.logging.XmlKeywordLogger</class>
  <method>endKeyword</method>
  <thread>1</thread>
  <message>End action : btnMasuk = findTestObject(&amp;quot;Object Repository/btn-Masuk&amp;quot;)</message>
  <nestedLevel>1</nestedLevel>
  <escapedJava>false</escapedJava>
</record>
<record>
  <date>2026-01-02T17:08:20</date>
  <millis>1767348500135</millis>
  <sequence>425</sequence>
  <level>START</level>
  <class>com.kms.katalon.core.logging.XmlKeywordLogger</class>
  <method>startKeyword</method>
  <thread>1</thread>
  <message>Start action : waitForElementPresent(edtWA, 10)</message>
  <nestedLevel>1</nestedLevel>
  <escapedJava>false</escapedJava>
  <property name="startLine">34</property>
  <property name="stepIndex">8</property>
</record>
<record>
  <date>2026-01-02T17:08:20</date>
  <millis>1767348500398</millis>
  <sequence>428</sequence>
  <level>PASSED</level>
  <class>com.kms.katalon.core.logging.XmlKeywordLogger</class>
  <method>logMessage</method>
  <thread>1</thread>
  <message>Element &amp;apos;Object Repository/edt-WA&amp;apos; is present</message>
  <nestedLevel>1</nestedLevel>
  <escapedJava>false</escapedJava>
  <property name="testops-method-name">com.kms.katalon.core.mobile.keyword.builtin.WaitForElementPresentKeyword.waitForElementPresent</property>
  <property name="testops-execution-stacktrace"></property>
</record>
<record>
  <date>2026-01-02T17:08:20</date>
  <millis>1767348500398</millis>
  <sequence>429</sequence>
  <level>END</level>
  <class>com.kms.katalon.core.logging.XmlKeywordLogger</class>
  <method>endKeyword</method>
  <thread>1</thread>
  <message>End action : waitForElementPresent(edtWA, 10)</message>
  <nestedLevel>1</nestedLevel>
  <escapedJava>false</escapedJava>
</record>
<record>
  <date>2026-01-02T17:08:20</date>
  <millis>1767348500398</millis>
  <sequence>430</sequence>
  <level>START</level>
  <class>com.kms.katalon.core.logging.XmlKeywordLogger</class>
  <method>startKeyword</method>
  <thread>1</thread>
  <message>Start action : tap(edtWA, 10)</message>
  <nestedLevel>1</nestedLevel>
  <escapedJava>false</escapedJava>
  <property name="startLine">35</property>
  <property name="stepIndex">9</property>
</record>
<record>
  <date>2026-01-02T17:08:20</date>
  <millis>1767348500769</millis>
  <sequence>433</sequence>
  <level>PASSED</level>
  <class>com.kms.katalon.core.logging.XmlKeywordLogger</class>
  <method>logMessage</method>
  <thread>1</thread>
  <message>Tapped on element &amp;apos;Object Repository/edt-WA&amp;apos;</message>
  <nestedLevel>1</nestedLevel>
  <escapedJava>false</escapedJava>
  <property name="testops-method-name">com.kms.katalon.core.mobile.keyword.builtin.TapKeyword.tap</property>
  <property name="testops-execution-stacktrace"></property>
</record>
<record>
  <date>2026-01-02T17:08:20</date>
  <millis>1767348500771</millis>
  <sequence>434</sequence>
  <level>END</level>
  <class>com.kms.katalon.core.logging.XmlKeywordLogger</class>
  <method>endKeyword</method>
  <thread>1</thread>
  <message>End action : tap(edtWA, 10)</message>
  <nestedLevel>1</nestedLevel>
  <escapedJava>false</escapedJava>
</record>
<record>
  <date>2026-01-02T17:08:20</date>
  <millis>1767348500771</millis>
  <sequence>435</sequence>
  <level>START</level>
  <class>com.kms.katalon.core.logging.XmlKeywordLogger</class>
  <method>startKeyword</method>
  <thread>1</thread>
  <message>Start action : setText(edtWA, wa, 10)</message>
  <nestedLevel>1</nestedLevel>
  <escapedJava>false</escapedJava>
  <property name="startLine">36</property>
  <property name="stepIndex">10</property>
</record>
<record>
  <date>2026-01-02T17:08:23</date>
  <millis>1767348503471</millis>
  <sequence>438</sequence>
  <level>PASSED</level>
  <class>com.kms.katalon.core.logging.XmlKeywordLogger</class>
  <method>logMessage</method>
  <thread>1</thread>
  <message>Text &amp;apos;8380718912&amp;apos; has been set to element &amp;apos;Object Repository/edt-WA&amp;apos;</message>
  <nestedLevel>1</nestedLevel>
  <escapedJava>false</escapedJava>
  <property name="testops-method-name">com.kms.katalon.core.mobile.keyword.builtin.SetTextKeyword.setText</property>
  <property name="testops-execution-stacktrace"></property>
</record>
<record>
  <date>2026-01-02T17:08:23</date>
  <millis>1767348503472</millis>
  <sequence>439</sequence>
  <level>END</level>
  <class>com.kms.katalon.core.logging.XmlKeywordLogger</class>
  <method>endKeyword</method>
  <thread>1</thread>
  <message>End action : setText(edtWA, wa, 10)</message>
  <nestedLevel>1</nestedLevel>
  <escapedJava>false</escapedJava>
</record>
<record>
  <date>2026-01-02T17:08:23</date>
  <millis>1767348503473</millis>
  <sequence>440</sequence>
  <level>START</level>
  <class>com.kms.katalon.core.logging.XmlKeywordLogger</class>
  <method>startKeyword</method>
  <thread>1</thread>
  <message>Start action : tap(chkAgreement, 10)</message>
  <nestedLevel>1</nestedLevel>
  <escapedJava>false</escapedJava>
  <property name="startLine">37</property>
  <property name="stepIndex">11</property>
</record>
<record>
  <date>2026-01-02T17:08:24</date>
  <millis>1767348504303</millis>
  <sequence>443</sequence>
  <level>PASSED</level>
  <class>com.kms.katalon.core.logging.XmlKeywordLogger</class>
  <method>logMessage</method>
  <thread>1</thread>
  <message>Tapped on element &amp;apos;Object Repository/btn-CheckBox&amp;apos;</message>
  <nestedLevel>1</nestedLevel>
  <escapedJava>false</escapedJava>
  <property name="testops-method-name">com.kms.katalon.core.mobile.keyword.builtin.TapKeyword.tap</property>
  <property name="testops-execution-stacktrace"></property>
</record>
<record>
  <date>2026-01-02T17:08:24</date>
  <millis>1767348504305</millis>
  <sequence>444</sequence>
  <level>END</level>
  <class>com.kms.katalon.core.logging.XmlKeywordLogger</class>
  <method>endKeyword</method>
  <thread>1</thread>
  <message>End action : tap(chkAgreement, 10)</message>
  <nestedLevel>1</nestedLevel>
  <escapedJava>false</escapedJava>
</record>
<record>
  <date>2026-01-02T17:08:24</date>
  <millis>1767348504305</millis>
  <sequence>445</sequence>
  <level>START</level>
  <class>com.kms.katalon.core.logging.XmlKeywordLogger</class>
  <method>startKeyword</method>
  <thread>1</thread>
  <message>Start action : waitForElementAttributeValue(btnMasuk, &amp;quot;enabled&amp;quot;, &amp;quot;true&amp;quot;, 10)</message>
  <nestedLevel>1</nestedLevel>
  <escapedJava>false</escapedJava>
  <property name="startLine">38</property>
  <property name="stepIndex">12</property>
</record>
<record>
  <date>2026-01-02T17:08:25</date>
  <millis>1767348505107</millis>
  <sequence>449</sequence>
  <level>PASSED</level>
  <class>com.kms.katalon.core.logging.XmlKeywordLogger</class>
  <method>logMessage</method>
  <thread>1</thread>
  <message>Object &amp;apos;Object Repository/btn-Masuk&amp;apos; has attribute &amp;apos;enabled&amp;apos; with value &amp;apos;true&amp;apos;</message>
  <nestedLevel>1</nestedLevel>
  <escapedJava>false</escapedJava>
  <property name="testops-method-name">com.kms.katalon.core.mobile.keyword.builtin.WaitForElementAttributeValueKeyword.waitForElementAttributeValue</property>
  <property name="testops-execution-stacktrace"></property>
</record>
<record>
  <date>2026-01-02T17:08:25</date>
  <millis>1767348505107</millis>
  <sequence>450</sequence>
  <level>END</level>
  <class>com.kms.katalon.core.logging.XmlKeywordLogger</class>
  <method>endKeyword</method>
  <thread>1</thread>
  <message>End action : waitForElementAttributeValue(btnMasuk, &amp;quot;enabled&amp;quot;, &amp;quot;true&amp;quot;, 10)</message>
  <nestedLevel>1</nestedLevel>
  <escapedJava>false</escapedJava>
</record>
<record>
  <date>2026-01-02T17:08:25</date>
  <millis>1767348505107</millis>
  <sequence>451</sequence>
  <level>START</level>
  <class>com.kms.katalon.core.logging.XmlKeywordLogger</class>
  <method>startKeyword</method>
  <thread>1</thread>
  <message>Start action : verifyElementAttributeValue(btnMasuk, &amp;quot;enabled&amp;quot;, &amp;quot;true&amp;quot;, 0)</message>
  <nestedLevel>1</nestedLevel>
  <escapedJava>false</escapedJava>
  <property name="startLine">44</property>
  <property name="stepIndex">13</property>
</record>
<record>
  <date>2026-01-02T17:08:25</date>
  <millis>1767348505109</millis>
  <sequence>455</sequence>
  <level>WARNING</level>
  <class>com.kms.katalon.core.logging.XmlKeywordLogger</class>
  <method>logMessage</method>
  <thread>1</thread>
  <message>Timeout &amp;apos;0&amp;apos; is invalid. Using default page load timeout: &amp;apos;30&amp;apos;</message>
  <nestedLevel>1</nestedLevel>
  <escapedJava>false</escapedJava>
</record>
<record>
  <date>2026-01-02T17:08:25</date>
  <millis>1767348505277</millis>
  <sequence>456</sequence>
  <level>PASSED</level>
  <class>com.kms.katalon.core.logging.XmlKeywordLogger</class>
  <method>logMessage</method>
  <thread>1</thread>
  <message>Object &amp;apos;Object Repository/btn-Masuk&amp;apos; has attribute &amp;apos;enabled&amp;apos; with value &amp;apos;true&amp;apos;</message>
  <nestedLevel>1</nestedLevel>
  <escapedJava>false</escapedJava>
  <property name="testops-is-assertion">true</property>
  <property name="testops-method-name">com.kms.katalon.core.mobile.keyword.builtin.VerifyElementAttributeValueKeyword.verifyElementAttributeValue</property>
  <property name="testops-execution-stacktrace"></property>
</record>
<record>
  <date>2026-01-02T17:08:25</date>
  <millis>1767348505277</millis>
  <sequence>457</sequence>
  <level>END</level>
  <class>com.kms.katalon.core.logging.XmlKeywordLogger</class>
  <method>endKeyword</method>
  <thread>1</thread>
  <message>End action : verifyElementAttributeValue(btnMasuk, &amp;quot;enabled&amp;quot;, &amp;quot;true&amp;quot;, 0)</message>
  <nestedLevel>1</nestedLevel>
  <escapedJava>false</escapedJava>
</record>
<record>
  <date>2026-01-02T17:08:25</date>
  <millis>1767348505277</millis>
  <sequence>458</sequence>
  <level>START</level>
  <class>com.kms.katalon.core.logging.XmlKeywordLogger</class>
  <method>startKeyword</method>
  <thread>1</thread>
  <message>Start action : tap(btnMasuk, 10)</message>
  <nestedLevel>1</nestedLevel>
  <escapedJava>false</escapedJava>
  <property name="startLine">50</property>
  <property name="stepIndex">14</property>
</record>
<record>
  <date>2026-01-02T17:08:25</date>
  <millis>1767348505495</millis>
  <sequence>461</sequence>
  <level>PASSED</level>
  <class>com.kms.katalon.core.logging.XmlKeywordLogger</class>
  <method>logMessage</method>
  <thread>1</thread>
  <message>Tapped on element &amp;apos;Object Repository/btn-Masuk&amp;apos;</message>
  <nestedLevel>1</nestedLevel>
  <escapedJava>false</escapedJava>
  <property name="testops-method-name">com.kms.katalon.core.mobile.keyword.builtin.TapKeyword.tap</property>
  <property name="testops-execution-stacktrace"></property>
</record>
<record>
  <date>2026-01-02T17:08:25</date>
  <millis>1767348505495</millis>
  <sequence>462</sequence>
  <level>END</level>
  <class>com.kms.katalon.core.logging.XmlKeywordLogger</class>
  <method>endKeyword</method>
  <thread>1</thread>
  <message>End action : tap(btnMasuk, 10)</message>
  <nestedLevel>1</nestedLevel>
  <escapedJava>false</escapedJava>
</record>
<record>
  <date>2026-01-02T17:08:25</date>
  <millis>1767348505495</millis>
  <sequence>463</sequence>
  <level>START</level>
  <class>com.kms.katalon.core.logging.XmlKeywordLogger</class>
  <method>startKeyword</method>
  <thread>1</thread>
  <message>Start action : closeApplication()</message>
  <nestedLevel>1</nestedLevel>
  <escapedJava>false</escapedJava>
  <property name="startLine">51</property>
  <property name="stepIndex">15</property>
</record>
<record>
  <date>2026-01-02T17:08:25</date>
  <millis>1767348505887</millis>
  <sequence>464</sequence>
  <level>PASSED</level>
  <class>com.kms.katalon.core.logging.XmlKeywordLogger</class>
  <method>logMessage</method>
  <thread>1</thread>
  <message>Close app successfully</message>
  <nestedLevel>1</nestedLevel>
  <escapedJava>false</escapedJava>
  <property name="testops-method-name">com.kms.katalon.core.mobile.keyword.builtin.CloseApplicationKeyword.closeApplication</property>
  <property name="testops-execution-stacktrace"></property>
</record>
<record>
  <date>2026-01-02T17:08:25</date>
  <millis>1767348505887</millis>
  <sequence>465</sequence>
  <level>END</level>
  <class>com.kms.katalon.core.logging.XmlKeywordLogger</class>
  <method>endKeyword</method>
  <thread>1</thread>
  <message>End action : closeApplication()</message>
  <nestedLevel>1</nestedLevel>
  <escapedJava>false</escapedJava>
</record>
<record>
  <date>2026-01-02T17:08:25</date>
  <millis>1767348505887</millis>
  <sequence>466</sequence>
  <level>PASSED</level>
  <class>com.kms.katalon.core.logging.XmlKeywordLogger</class>
  <method>logMessage</method>
  <thread>1</thread>
  <message>Test Cases/Login by WA</message>
  <nestedLevel>1</nestedLevel>
  <escapedJava>false</escapedJava>
</record>
<record>
  <date>2026-01-02T17:08:25</date>
  <millis>1767348505888</millis>
  <sequence>467</sequence>
  <level>END</level>
  <class>com.kms.katalon.core.logging.XmlKeywordLogger</class>
  <method>endTest</method>
  <thread>1</thread>
  <message>End Test Case : Test Cases/Login by WA</message>
  <nestedLevel>0</nestedLevel>
  <escapedJava>false</escapedJava>
  <property name="executionBindingVariables">[
  {
    &quot;displayReportName&quot;: &quot;wa&quot;,
    &quot;value&quot;: &quot;8380718912&quot;,
    &quot;name&quot;: &quot;wa&quot;,
    &quot;masked&quot;: false
  }
]</property>
  <property name="applitools">false</property>
  <property name="keywordsUsage">{
  &quot;web_ui&quot;: false,
  &quot;web_service&quot;: false,
  &quot;cucumber&quot;: false,
  &quot;builtin&quot;: false,
  &quot;mobile&quot;: true,
  &quot;windows&quot;: false,
  &quot;testng&quot;: false
}</property>
</record>
<record>
  <date>2026-01-02T17:08:25</date>
  <millis>1767348505898</millis>
  <sequence>468</sequence>
  <level>START</level>
  <class>com.kms.katalon.core.logging.XmlKeywordLogger</class>
  <method>startTest</method>
  <thread>1</thread>
  <message>Start Test Case : Test Cases/Login by WA</message>
  <nestedLevel>1</nestedLevel>
  <escapedJava>false</escapedJava>
  <property name="name">Test Cases/Login by WA</property>
  <property name="description"></property>
  <property name="iteration"></property>
  <property name="id">Test Cases/Login by WA</property>
  <property name="source">C:\Users\ichsa\Katalon Studio\Labamu\Test Cases\Login by WA.tc</property>
  <property name="tag"></property>
  <property name="isOptional">false</property>
</record>
<record>
  <date>2026-01-02T17:08:25</date>
  <millis>1767348505904</millis>
  <sequence>470</sequence>
  <level>INFO</level>
  <class>com.kms.katalon.core.logging.XmlKeywordLogger</class>
  <method>logMessage</method>
  <thread>1</thread>
  <message>wa = 8129301980</message>
  <nestedLevel>1</nestedLevel>
  <escapedJava>false</escapedJava>
</record>
<record>
  <date>2026-01-02T17:08:25</date>
  <millis>1767348505906</millis>
  <sequence>471</sequence>
  <level>START</level>
  <class>com.kms.katalon.core.logging.XmlKeywordLogger</class>
  <method>startKeyword</method>
  <thread>1</thread>
  <message>Start action : startExistingApplication(&amp;quot;id.co.labamu.app&amp;quot;)</message>
  <nestedLevel>1</nestedLevel>
  <escapedJava>false</escapedJava>
  <property name="startLine">23</property>
  <property name="stepIndex">1</property>
</record>
<record>
  <date>2026-01-02T17:08:25</date>
  <millis>1767348505997</millis>
  <sequence>473</sequence>
  <level>INFO</level>
  <class>com.kms.katalon.core.logging.XmlKeywordLogger</class>
  <method>logMessage</method>
  <thread>1</thread>
  <message>Detected NodeJS location: &amp;quot;C:\Program Files\nodejs\node.exe&amp;quot;</message>
  <nestedLevel>1</nestedLevel>
  <escapedJava>false</escapedJava>
</record>
<record>
  <date>2026-01-02T17:08:27</date>
  <millis>1767348507107</millis>
  <sequence>474</sequence>
  <level>INFO</level>
  <class>com.kms.katalon.core.logging.XmlKeywordLogger</class>
  <method>logMessage</method>
  <thread>1</thread>
  <message>Appium server started on port 63,001</message>
  <nestedLevel>1</nestedLevel>
  <escapedJava>false</escapedJava>
</record>
<record>
  <date>2026-01-02T17:08:36</date>
  <millis>1767348516861</millis>
  <sequence>476</sequence>
  <level>RUN_DATA</level>
  <class>com.kms.katalon.core.logging.XmlKeywordLogger</class>
  <method>logMessage</method>
  <thread>1</thread>
  <message>appiumVersion = 1.22.3</message>
  <nestedLevel>1</nestedLevel>
  <escapedJava>false</escapedJava>
  <property name="appiumVersion">1.22.3</property>
</record>
<record>
  <date>2026-01-02T17:08:36</date>
  <millis>1767348516861</millis>
  <sequence>477</sequence>
  <level>RUN_DATA</level>
  <class>com.kms.katalon.core.logging.XmlKeywordLogger</class>
  <method>logMessage</method>
  <thread>1</thread>
  <message>appiumServerStatus = {&amp;quot;value&amp;quot;:{&amp;quot;build&amp;quot;:{&amp;quot;version&amp;quot;:&amp;quot;1.22.3&amp;quot;}},&amp;quot;sessionId&amp;quot;:null,&amp;quot;status&amp;quot;:0}</message>
  <nestedLevel>1</nestedLevel>
  <escapedJava>false</escapedJava>
  <property name="appiumServerStatus">{&quot;value&quot;:{&quot;build&quot;:{&quot;version&quot;:&quot;1.22.3&quot;}},&quot;sessionId&quot;:null,&quot;status&quot;:0}</property>
</record>
<record>
  <date>2026-01-02T17:08:36</date>
  <millis>1767348516878</millis>
  <sequence>478</sequence>
  <level>RUN_DATA</level>
  <class>com.kms.katalon.core.logging.XmlKeywordLogger</class>
  <method>logMessage</method>
  <thread>1</thread>
  <message>deviceId = RR8R5017EJV</message>
  <nestedLevel>1</nestedLevel>
  <escapedJava>false</escapedJava>
  <property name="deviceId">RR8R5017EJV</property>
</record>
<record>
  <date>2026-01-02T17:08:36</date>
  <millis>1767348516878</millis>
  <sequence>479</sequence>
  <level>RUN_DATA</level>
  <class>com.kms.katalon.core.logging.XmlKeywordLogger</class>
  <method>logMessage</method>
  <thread>1</thread>
  <message>deviceName = samsung SM-A125F (Android 12)</message>
  <nestedLevel>1</nestedLevel>
  <escapedJava>false</escapedJava>
  <property name="deviceName">samsung SM-A125F (Android 12)</property>
</record>
<record>
  <date>2026-01-02T17:08:36</date>
  <millis>1767348516880</millis>
  <sequence>480</sequence>
  <level>RUN_DATA</level>
  <class>com.kms.katalon.core.logging.XmlKeywordLogger</class>
  <method>logMessage</method>
  <thread>1</thread>
  <message>deviceModel = SM-A125F</message>
  <nestedLevel>1</nestedLevel>
  <escapedJava>false</escapedJava>
  <property name="deviceModel">SM-A125F</property>
</record>
<record>
  <date>2026-01-02T17:08:36</date>
  <millis>1767348516880</millis>
  <sequence>481</sequence>
  <level>RUN_DATA</level>
  <class>com.kms.katalon.core.logging.XmlKeywordLogger</class>
  <method>logMessage</method>
  <thread>1</thread>
  <message>deviceManufacturer = samsung</message>
  <nestedLevel>1</nestedLevel>
  <escapedJava>false</escapedJava>
  <property name="deviceManufacturer">samsung</property>
</record>
<record>
  <date>2026-01-02T17:08:36</date>
  <millis>1767348516880</millis>
  <sequence>482</sequence>
  <level>RUN_DATA</level>
  <class>com.kms.katalon.core.logging.XmlKeywordLogger</class>
  <method>logMessage</method>
  <thread>1</thread>
  <message>deviceOS = Android</message>
  <nestedLevel>1</nestedLevel>
  <escapedJava>false</escapedJava>
  <property name="deviceOS">Android</property>
</record>
<record>
  <date>2026-01-02T17:08:36</date>
  <millis>1767348516880</millis>
  <sequence>483</sequence>
  <level>RUN_DATA</level>
  <class>com.kms.katalon.core.logging.XmlKeywordLogger</class>
  <method>logMessage</method>
  <thread>1</thread>
  <message>deviceOSVersion = 12</message>
  <nestedLevel>1</nestedLevel>
  <escapedJava>false</escapedJava>
  <property name="deviceOSVersion">12</property>
</record>
<record>
  <date>2026-01-02T17:08:38</date>
  <millis>1767348518767</millis>
  <sequence>485</sequence>
  <level>PASSED</level>
  <class>com.kms.katalon.core.logging.XmlKeywordLogger</class>
  <method>logMessage</method>
  <thread>1</thread>
  <message>Starting app with application ID: &amp;apos;id.co.labamu.app&amp;apos;</message>
  <nestedLevel>1</nestedLevel>
  <escapedJava>false</escapedJava>
  <property name="testops-method-name">com.kms.katalon.core.mobile.keyword.internal.MobileKeywordMain$runKeyword.call</property>
  <property name="testops-execution-stacktrace">com.kms.katalon.core.logging.KeywordLogger.logPassed(KeywordLogger.java:340)
com.kms.katalon.core.logging.KeywordLogger.logPassed(KeywordLogger.java:334)
com.kms.katalon.core.logging.KeywordLogger$logPassed$1.call(Unknown Source)
com.kms.katalon.core.mobile.keyword.builtin.StartExistingApplicationKeyword$_startApplication_closure1.doCall(StartExistingApplicationKeyword.groovy:51)
com.kms.katalon.core.mobile.keyword.builtin.StartExistingApplicationKeyword$_startApplication_closure1.doCall(StartExistingApplicationKeyword.groovy)
com.kms.katalon.core.mobile.keyword.internal.MobileKeywordMain.runKeyword(MobileKeywordMain.groovy:21)
com.kms.katalon.core.mobile.keyword.internal.MobileKeywordMain$runKeyword.call(Unknown Source)
com.kms.katalon.core.mobile.keyword.builtin.StartExistingApplicationKeyword.startApplication(StartExistingApplicationKeyword.groovy:52)
com.kms.katalon.core.mobile.keyword.builtin.StartExistingApplicationKeyword.execute(StartExistingApplicationKeyword.groovy:37)
com.kms.katalon.core.keyword.internal.KeywordExecutor.executeKeywordForPlatform(KeywordExecutor.groovy:74)
com.kms.katalon.core.mobile.keyword.MobileBuiltInKeywords.startExistingApplication(MobileBuiltInKeywords.groovy:92)
com.kms.katalon.core.mobile.keyword.MobileBuiltInKeywords$startExistingApplication.call(Unknown Source)
Login by WA.run(Login by WA:23)
</property>
</record>
<record>
  <date>2026-01-02T17:08:38</date>
  <millis>1767348518768</millis>
  <sequence>486</sequence>
  <level>END</level>
  <class>com.kms.katalon.core.logging.XmlKeywordLogger</class>
  <method>endKeyword</method>
  <thread>1</thread>
  <message>End action : startExistingApplication(&amp;quot;id.co.labamu.app&amp;quot;)</message>
  <nestedLevel>1</nestedLevel>
  <escapedJava>false</escapedJava>
</record>
<record>
  <date>2026-01-02T17:08:38</date>
  <millis>1767348518768</millis>
  <sequence>487</sequence>
  <level>START</level>
  <class>com.kms.katalon.core.logging.XmlKeywordLogger</class>
  <method>startKeyword</method>
  <thread>1</thread>
  <message>Start action : widget = findTestObject(&amp;quot;Object Repository/btn-Widget-While&amp;quot;)</message>
  <nestedLevel>1</nestedLevel>
  <escapedJava>false</escapedJava>
  <property name="startLine">24</property>
  <property name="stepIndex">2</property>
</record>
<record>
  <date>2026-01-02T17:08:38</date>
  <millis>1767348518825</millis>
  <sequence>489</sequence>
  <level>END</level>
  <class>com.kms.katalon.core.logging.XmlKeywordLogger</class>
  <method>endKeyword</method>
  <thread>1</thread>
  <message>End action : widget = findTestObject(&amp;quot;Object Repository/btn-Widget-While&amp;quot;)</message>
  <nestedLevel>1</nestedLevel>
  <escapedJava>false</escapedJava>
</record>
<record>
  <date>2026-01-02T17:08:38</date>
  <millis>1767348518825</millis>
  <sequence>490</sequence>
  <level>START</level>
  <class>com.kms.katalon.core.logging.XmlKeywordLogger</class>
  <method>startKeyword</method>
  <thread>1</thread>
  <message>Start action : if (waitForElementPresent(widget, 5))</message>
  <nestedLevel>1</nestedLevel>
  <escapedJava>false</escapedJava>
  <property name="startLine">25</property>
  <property name="stepIndex">3</property>
</record>
<record>
  <date>2026-01-02T17:08:44</date>
  <millis>1767348524010</millis>
  <sequence>493</sequence>
  <level>WARNING</level>
  <class>com.kms.katalon.core.logging.XmlKeywordLogger</class>
  <method>logMessage</method>
  <thread>1</thread>
  <message>Object Object Repository/btn-Widget-While not found</message>
  <nestedLevel>1</nestedLevel>
  <escapedJava>false</escapedJava>
</record>
<record>
  <date>2026-01-02T17:08:44</date>
  <millis>1767348524012</millis>
  <sequence>494</sequence>
  <level>END</level>
  <class>com.kms.katalon.core.logging.XmlKeywordLogger</class>
  <method>endKeyword</method>
  <thread>1</thread>
  <message>End action : if (waitForElementPresent(widget, 5))</message>
  <nestedLevel>1</nestedLevel>
  <escapedJava>false</escapedJava>
</record>
<record>
  <date>2026-01-02T17:08:44</date>
  <millis>1767348524012</millis>
  <sequence>495</sequence>
  <level>START</level>
  <class>com.kms.katalon.core.logging.XmlKeywordLogger</class>
  <method>startKeyword</method>
  <thread>1</thread>
  <message>Start action : else</message>
  <nestedLevel>1</nestedLevel>
  <escapedJava>false</escapedJava>
  <property name="startLine">28</property>
  <property name="stepIndex">4</property>
</record>
<record>
  <date>2026-01-02T17:08:44</date>
  <millis>1767348524012</millis>
  <sequence>496</sequence>
  <level>START</level>
  <class>com.kms.katalon.core.logging.XmlKeywordLogger</class>
  <method>startKeyword</method>
  <thread>1</thread>
  <message>Start action : println(&amp;quot;Widget tidak muncul, lanjut step berikutnya&amp;quot;)</message>
  <nestedLevel>2</nestedLevel>
  <escapedJava>false</escapedJava>
  <property name="startLine">29</property>
  <property name="stepIndex">1</property>
</record>
<record>
  <date>2026-01-02T17:08:44</date>
  <millis>1767348524012</millis>
  <sequence>497</sequence>
  <level>END</level>
  <class>com.kms.katalon.core.logging.XmlKeywordLogger</class>
  <method>endKeyword</method>
  <thread>1</thread>
  <message>End action : println(&amp;quot;Widget tidak muncul, lanjut step berikutnya&amp;quot;)</message>
  <nestedLevel>2</nestedLevel>
  <escapedJava>false</escapedJava>
</record>
<record>
  <date>2026-01-02T17:08:44</date>
  <millis>1767348524012</millis>
  <sequence>498</sequence>
  <level>END</level>
  <class>com.kms.katalon.core.logging.XmlKeywordLogger</class>
  <method>endKeyword</method>
  <thread>1</thread>
  <message>End action : else</message>
  <nestedLevel>1</nestedLevel>
  <escapedJava>false</escapedJava>
</record>
<record>
  <date>2026-01-02T17:08:44</date>
  <millis>1767348524012</millis>
  <sequence>499</sequence>
  <level>START</level>
  <class>com.kms.katalon.core.logging.XmlKeywordLogger</class>
  <method>startKeyword</method>
  <thread>1</thread>
  <message>Start action : edtWA = findTestObject(&amp;quot;Object Repository/edt-WA&amp;quot;)</message>
  <nestedLevel>1</nestedLevel>
  <escapedJava>false</escapedJava>
  <property name="startLine">31</property>
  <property name="stepIndex">5</property>
</record>
<record>
  <date>2026-01-02T17:08:44</date>
  <millis>1767348524077</millis>
  <sequence>501</sequence>
  <level>END</level>
  <class>com.kms.katalon.core.logging.XmlKeywordLogger</class>
  <method>endKeyword</method>
  <thread>1</thread>
  <message>End action : edtWA = findTestObject(&amp;quot;Object Repository/edt-WA&amp;quot;)</message>
  <nestedLevel>1</nestedLevel>
  <escapedJava>false</escapedJava>
</record>
<record>
  <date>2026-01-02T17:08:44</date>
  <millis>1767348524078</millis>
  <sequence>502</sequence>
  <level>START</level>
  <class>com.kms.katalon.core.logging.XmlKeywordLogger</class>
  <method>startKeyword</method>
  <thread>1</thread>
  <message>Start action : chkAgreement = findTestObject(&amp;quot;Object Repository/btn-CheckBox&amp;quot;)</message>
  <nestedLevel>1</nestedLevel>
  <escapedJava>false</escapedJava>
  <property name="startLine">32</property>
  <property name="stepIndex">6</property>
</record>
<record>
  <date>2026-01-02T17:08:44</date>
  <millis>1767348524123</millis>
  <sequence>504</sequence>
  <level>END</level>
  <class>com.kms.katalon.core.logging.XmlKeywordLogger</class>
  <method>endKeyword</method>
  <thread>1</thread>
  <message>End action : chkAgreement = findTestObject(&amp;quot;Object Repository/btn-CheckBox&amp;quot;)</message>
  <nestedLevel>1</nestedLevel>
  <escapedJava>false</escapedJava>
</record>
<record>
  <date>2026-01-02T17:08:44</date>
  <millis>1767348524123</millis>
  <sequence>505</sequence>
  <level>START</level>
  <class>com.kms.katalon.core.logging.XmlKeywordLogger</class>
  <method>startKeyword</method>
  <thread>1</thread>
  <message>Start action : btnMasuk = findTestObject(&amp;quot;Object Repository/btn-Masuk&amp;quot;)</message>
  <nestedLevel>1</nestedLevel>
  <escapedJava>false</escapedJava>
  <property name="startLine">33</property>
  <property name="stepIndex">7</property>
</record>
<record>
  <date>2026-01-02T17:08:44</date>
  <millis>1767348524173</millis>
  <sequence>507</sequence>
  <level>END</level>
  <class>com.kms.katalon.core.logging.XmlKeywordLogger</class>
  <method>endKeyword</method>
  <thread>1</thread>
  <message>End action : btnMasuk = findTestObject(&amp;quot;Object Repository/btn-Masuk&amp;quot;)</message>
  <nestedLevel>1</nestedLevel>
  <escapedJava>false</escapedJava>
</record>
<record>
  <date>2026-01-02T17:08:44</date>
  <millis>1767348524173</millis>
  <sequence>508</sequence>
  <level>START</level>
  <class>com.kms.katalon.core.logging.XmlKeywordLogger</class>
  <method>startKeyword</method>
  <thread>1</thread>
  <message>Start action : waitForElementPresent(edtWA, 10)</message>
  <nestedLevel>1</nestedLevel>
  <escapedJava>false</escapedJava>
  <property name="startLine">34</property>
  <property name="stepIndex">8</property>
</record>
<record>
  <date>2026-01-02T17:08:44</date>
  <millis>1767348524451</millis>
  <sequence>511</sequence>
  <level>PASSED</level>
  <class>com.kms.katalon.core.logging.XmlKeywordLogger</class>
  <method>logMessage</method>
  <thread>1</thread>
  <message>Element &amp;apos;Object Repository/edt-WA&amp;apos; is present</message>
  <nestedLevel>1</nestedLevel>
  <escapedJava>false</escapedJava>
  <property name="testops-method-name">com.kms.katalon.core.mobile.keyword.builtin.WaitForElementPresentKeyword.waitForElementPresent</property>
  <property name="testops-execution-stacktrace"></property>
</record>
<record>
  <date>2026-01-02T17:08:44</date>
  <millis>1767348524452</millis>
  <sequence>512</sequence>
  <level>END</level>
  <class>com.kms.katalon.core.logging.XmlKeywordLogger</class>
  <method>endKeyword</method>
  <thread>1</thread>
  <message>End action : waitForElementPresent(edtWA, 10)</message>
  <nestedLevel>1</nestedLevel>
  <escapedJava>false</escapedJava>
</record>
<record>
  <date>2026-01-02T17:08:44</date>
  <millis>1767348524452</millis>
  <sequence>513</sequence>
  <level>START</level>
  <class>com.kms.katalon.core.logging.XmlKeywordLogger</class>
  <method>startKeyword</method>
  <thread>1</thread>
  <message>Start action : tap(edtWA, 10)</message>
  <nestedLevel>1</nestedLevel>
  <escapedJava>false</escapedJava>
  <property name="startLine">35</property>
  <property name="stepIndex">9</property>
</record>
<record>
  <date>2026-01-02T17:08:44</date>
  <millis>1767348524797</millis>
  <sequence>516</sequence>
  <level>PASSED</level>
  <class>com.kms.katalon.core.logging.XmlKeywordLogger</class>
  <method>logMessage</method>
  <thread>1</thread>
  <message>Tapped on element &amp;apos;Object Repository/edt-WA&amp;apos;</message>
  <nestedLevel>1</nestedLevel>
  <escapedJava>false</escapedJava>
  <property name="testops-method-name">com.kms.katalon.core.mobile.keyword.builtin.TapKeyword.tap</property>
  <property name="testops-execution-stacktrace"></property>
</record>
<record>
  <date>2026-01-02T17:08:44</date>
  <millis>1767348524797</millis>
  <sequence>517</sequence>
  <level>END</level>
  <class>com.kms.katalon.core.logging.XmlKeywordLogger</class>
  <method>endKeyword</method>
  <thread>1</thread>
  <message>End action : tap(edtWA, 10)</message>
  <nestedLevel>1</nestedLevel>
  <escapedJava>false</escapedJava>
</record>
<record>
  <date>2026-01-02T17:08:44</date>
  <millis>1767348524797</millis>
  <sequence>518</sequence>
  <level>START</level>
  <class>com.kms.katalon.core.logging.XmlKeywordLogger</class>
  <method>startKeyword</method>
  <thread>1</thread>
  <message>Start action : setText(edtWA, wa, 10)</message>
  <nestedLevel>1</nestedLevel>
  <escapedJava>false</escapedJava>
  <property name="startLine">36</property>
  <property name="stepIndex">10</property>
</record>
<record>
  <date>2026-01-02T17:08:46</date>
  <millis>1767348526197</millis>
  <sequence>521</sequence>
  <level>PASSED</level>
  <class>com.kms.katalon.core.logging.XmlKeywordLogger</class>
  <method>logMessage</method>
  <thread>1</thread>
  <message>Text &amp;apos;8129301980&amp;apos; has been set to element &amp;apos;Object Repository/edt-WA&amp;apos;</message>
  <nestedLevel>1</nestedLevel>
  <escapedJava>false</escapedJava>
  <property name="testops-method-name">com.kms.katalon.core.mobile.keyword.builtin.SetTextKeyword.setText</property>
  <property name="testops-execution-stacktrace"></property>
</record>
<record>
  <date>2026-01-02T17:08:46</date>
  <millis>1767348526197</millis>
  <sequence>522</sequence>
  <level>END</level>
  <class>com.kms.katalon.core.logging.XmlKeywordLogger</class>
  <method>endKeyword</method>
  <thread>1</thread>
  <message>End action : setText(edtWA, wa, 10)</message>
  <nestedLevel>1</nestedLevel>
  <escapedJava>false</escapedJava>
</record>
<record>
  <date>2026-01-02T17:08:46</date>
  <millis>1767348526198</millis>
  <sequence>523</sequence>
  <level>START</level>
  <class>com.kms.katalon.core.logging.XmlKeywordLogger</class>
  <method>startKeyword</method>
  <thread>1</thread>
  <message>Start action : tap(chkAgreement, 10)</message>
  <nestedLevel>1</nestedLevel>
  <escapedJava>false</escapedJava>
  <property name="startLine">37</property>
  <property name="stepIndex">11</property>
</record>
<record>
  <date>2026-01-02T17:08:48</date>
  <millis>1767348528032</millis>
  <sequence>526</sequence>
  <level>PASSED</level>
  <class>com.kms.katalon.core.logging.XmlKeywordLogger</class>
  <method>logMessage</method>
  <thread>1</thread>
  <message>Tapped on element &amp;apos;Object Repository/btn-CheckBox&amp;apos;</message>
  <nestedLevel>1</nestedLevel>
  <escapedJava>false</escapedJava>
  <property name="testops-method-name">com.kms.katalon.core.mobile.keyword.builtin.TapKeyword.tap</property>
  <property name="testops-execution-stacktrace"></property>
</record>
<record>
  <date>2026-01-02T17:08:48</date>
  <millis>1767348528033</millis>
  <sequence>527</sequence>
  <level>END</level>
  <class>com.kms.katalon.core.logging.XmlKeywordLogger</class>
  <method>endKeyword</method>
  <thread>1</thread>
  <message>End action : tap(chkAgreement, 10)</message>
  <nestedLevel>1</nestedLevel>
  <escapedJava>false</escapedJava>
</record>
<record>
  <date>2026-01-02T17:08:48</date>
  <millis>1767348528033</millis>
  <sequence>528</sequence>
  <level>START</level>
  <class>com.kms.katalon.core.logging.XmlKeywordLogger</class>
  <method>startKeyword</method>
  <thread>1</thread>
  <message>Start action : waitForElementAttributeValue(btnMasuk, &amp;quot;enabled&amp;quot;, &amp;quot;true&amp;quot;, 10)</message>
  <nestedLevel>1</nestedLevel>
  <escapedJava>false</escapedJava>
  <property name="startLine">38</property>
  <property name="stepIndex">12</property>
</record>
<record>
  <date>2026-01-02T17:08:48</date>
  <millis>1767348528850</millis>
  <sequence>532</sequence>
  <level>PASSED</level>
  <class>com.kms.katalon.core.logging.XmlKeywordLogger</class>
  <method>logMessage</method>
  <thread>1</thread>
  <message>Object &amp;apos;Object Repository/btn-Masuk&amp;apos; has attribute &amp;apos;enabled&amp;apos; with value &amp;apos;true&amp;apos;</message>
  <nestedLevel>1</nestedLevel>
  <escapedJava>false</escapedJava>
  <property name="testops-method-name">com.kms.katalon.core.mobile.keyword.builtin.WaitForElementAttributeValueKeyword.waitForElementAttributeValue</property>
  <property name="testops-execution-stacktrace"></property>
</record>
<record>
  <date>2026-01-02T17:08:48</date>
  <millis>1767348528850</millis>
  <sequence>533</sequence>
  <level>END</level>
  <class>com.kms.katalon.core.logging.XmlKeywordLogger</class>
  <method>endKeyword</method>
  <thread>1</thread>
  <message>End action : waitForElementAttributeValue(btnMasuk, &amp;quot;enabled&amp;quot;, &amp;quot;true&amp;quot;, 10)</message>
  <nestedLevel>1</nestedLevel>
  <escapedJava>false</escapedJava>
</record>
<record>
  <date>2026-01-02T17:08:48</date>
  <millis>1767348528850</millis>
  <sequence>534</sequence>
  <level>START</level>
  <class>com.kms.katalon.core.logging.XmlKeywordLogger</class>
  <method>startKeyword</method>
  <thread>1</thread>
  <message>Start action : verifyElementAttributeValue(btnMasuk, &amp;quot;enabled&amp;quot;, &amp;quot;true&amp;quot;, 0)</message>
  <nestedLevel>1</nestedLevel>
  <escapedJava>false</escapedJava>
  <property name="startLine">44</property>
  <property name="stepIndex">13</property>
</record>
<record>
  <date>2026-01-02T17:08:48</date>
  <millis>1767348528852</millis>
  <sequence>538</sequence>
  <level>WARNING</level>
  <class>com.kms.katalon.core.logging.XmlKeywordLogger</class>
  <method>logMessage</method>
  <thread>1</thread>
  <message>Timeout &amp;apos;0&amp;apos; is invalid. Using default page load timeout: &amp;apos;30&amp;apos;</message>
  <nestedLevel>1</nestedLevel>
  <escapedJava>false</escapedJava>
</record>
<record>
  <date>2026-01-02T17:08:49</date>
  <millis>1767348529027</millis>
  <sequence>539</sequence>
  <level>PASSED</level>
  <class>com.kms.katalon.core.logging.XmlKeywordLogger</class>
  <method>logMessage</method>
  <thread>1</thread>
  <message>Object &amp;apos;Object Repository/btn-Masuk&amp;apos; has attribute &amp;apos;enabled&amp;apos; with value &amp;apos;true&amp;apos;</message>
  <nestedLevel>1</nestedLevel>
  <escapedJava>false</escapedJava>
  <property name="testops-is-assertion">true</property>
  <property name="testops-method-name">com.kms.katalon.core.mobile.keyword.builtin.VerifyElementAttributeValueKeyword.verifyElementAttributeValue</property>
  <property name="testops-execution-stacktrace"></property>
</record>
<record>
  <date>2026-01-02T17:08:49</date>
  <millis>1767348529027</millis>
  <sequence>540</sequence>
  <level>END</level>
  <class>com.kms.katalon.core.logging.XmlKeywordLogger</class>
  <method>endKeyword</method>
  <thread>1</thread>
  <message>End action : verifyElementAttributeValue(btnMasuk, &amp;quot;enabled&amp;quot;, &amp;quot;true&amp;quot;, 0)</message>
  <nestedLevel>1</nestedLevel>
  <escapedJava>false</escapedJava>
</record>
<record>
  <date>2026-01-02T17:08:49</date>
  <millis>1767348529027</millis>
  <sequence>541</sequence>
  <level>START</level>
  <class>com.kms.katalon.core.logging.XmlKeywordLogger</class>
  <method>startKeyword</method>
  <thread>1</thread>
  <message>Start action : tap(btnMasuk, 10)</message>
  <nestedLevel>1</nestedLevel>
  <escapedJava>false</escapedJava>
  <property name="startLine">50</property>
  <property name="stepIndex">14</property>
</record>
<record>
  <date>2026-01-02T17:08:49</date>
  <millis>1767348529259</millis>
  <sequence>544</sequence>
  <level>PASSED</level>
  <class>com.kms.katalon.core.logging.XmlKeywordLogger</class>
  <method>logMessage</method>
  <thread>1</thread>
  <message>Tapped on element &amp;apos;Object Repository/btn-Masuk&amp;apos;</message>
  <nestedLevel>1</nestedLevel>
  <escapedJava>false</escapedJava>
  <property name="testops-method-name">com.kms.katalon.core.mobile.keyword.builtin.TapKeyword.tap</property>
  <property name="testops-execution-stacktrace"></property>
</record>
<record>
  <date>2026-01-02T17:08:49</date>
  <millis>1767348529260</millis>
  <sequence>545</sequence>
  <level>END</level>
  <class>com.kms.katalon.core.logging.XmlKeywordLogger</class>
  <method>endKeyword</method>
  <thread>1</thread>
  <message>End action : tap(btnMasuk, 10)</message>
  <nestedLevel>1</nestedLevel>
  <escapedJava>false</escapedJava>
</record>
<record>
  <date>2026-01-02T17:08:49</date>
  <millis>1767348529260</millis>
  <sequence>546</sequence>
  <level>START</level>
  <class>com.kms.katalon.core.logging.XmlKeywordLogger</class>
  <method>startKeyword</method>
  <thread>1</thread>
  <message>Start action : closeApplication()</message>
  <nestedLevel>1</nestedLevel>
  <escapedJava>false</escapedJava>
  <property name="startLine">51</property>
  <property name="stepIndex">15</property>
</record>
<record>
  <date>2026-01-02T17:08:49</date>
  <millis>1767348529709</millis>
  <sequence>547</sequence>
  <level>PASSED</level>
  <class>com.kms.katalon.core.logging.XmlKeywordLogger</class>
  <method>logMessage</method>
  <thread>1</thread>
  <message>Close app successfully</message>
  <nestedLevel>1</nestedLevel>
  <escapedJava>false</escapedJava>
  <property name="testops-method-name">com.kms.katalon.core.mobile.keyword.builtin.CloseApplicationKeyword.closeApplication</property>
  <property name="testops-execution-stacktrace"></property>
</record>
<record>
  <date>2026-01-02T17:08:49</date>
  <millis>1767348529710</millis>
  <sequence>548</sequence>
  <level>END</level>
  <class>com.kms.katalon.core.logging.XmlKeywordLogger</class>
  <method>endKeyword</method>
  <thread>1</thread>
  <message>End action : closeApplication()</message>
  <nestedLevel>1</nestedLevel>
  <escapedJava>false</escapedJava>
</record>
<record>
  <date>2026-01-02T17:08:49</date>
  <millis>1767348529710</millis>
  <sequence>549</sequence>
  <level>PASSED</level>
  <class>com.kms.katalon.core.logging.XmlKeywordLogger</class>
  <method>logMessage</method>
  <thread>1</thread>
  <message>Test Cases/Login by WA</message>
  <nestedLevel>1</nestedLevel>
  <escapedJava>false</escapedJava>
</record>
<record>
  <date>2026-01-02T17:08:49</date>
  <millis>1767348529711</millis>
  <sequence>550</sequence>
  <level>END</level>
  <class>com.kms.katalon.core.logging.XmlKeywordLogger</class>
  <method>endTest</method>
  <thread>1</thread>
  <message>End Test Case : Test Cases/Login by WA</message>
  <nestedLevel>0</nestedLevel>
  <escapedJava>false</escapedJava>
  <property name="executionBindingVariables">[
  {
    &quot;displayReportName&quot;: &quot;wa&quot;,
    &quot;value&quot;: &quot;8129301980&quot;,
    &quot;name&quot;: &quot;wa&quot;,
    &quot;masked&quot;: false
  }
]</property>
  <property name="applitools">false</property>
  <property name="keywordsUsage">{
  &quot;web_ui&quot;: false,
  &quot;web_service&quot;: false,
  &quot;cucumber&quot;: false,
  &quot;builtin&quot;: false,
  &quot;mobile&quot;: true,
  &quot;windows&quot;: false,
  &quot;testng&quot;: false
}</property>
</record>
<record>
  <date>2026-01-02T17:08:49</date>
  <millis>1767348529735</millis>
  <sequence>551</sequence>
  <level>START</level>
  <class>com.kms.katalon.core.logging.XmlKeywordLogger</class>
  <method>startTest</method>
  <thread>1</thread>
  <message>Start Test Case : Test Cases/Login by WA</message>
  <nestedLevel>1</nestedLevel>
  <escapedJava>false</escapedJava>
  <property name="name">Test Cases/Login by WA</property>
  <property name="description"></property>
  <property name="iteration"></property>
  <property name="id">Test Cases/Login by WA</property>
  <property name="source">C:\Users\ichsa\Katalon Studio\Labamu\Test Cases\Login by WA.tc</property>
  <property name="tag"></property>
  <property name="isOptional">false</property>
</record>
<record>
  <date>2026-01-02T17:08:49</date>
  <millis>1767348529745</millis>
  <sequence>553</sequence>
  <level>INFO</level>
  <class>com.kms.katalon.core.logging.XmlKeywordLogger</class>
  <method>logMessage</method>
  <thread>1</thread>
  <message>wa = 87871296344</message>
  <nestedLevel>1</nestedLevel>
  <escapedJava>false</escapedJava>
</record>
<record>
  <date>2026-01-02T17:08:49</date>
  <millis>1767348529745</millis>
  <sequence>554</sequence>
  <level>START</level>
  <class>com.kms.katalon.core.logging.XmlKeywordLogger</class>
  <method>startKeyword</method>
  <thread>1</thread>
  <message>Start action : startExistingApplication(&amp;quot;id.co.labamu.app&amp;quot;)</message>
  <nestedLevel>1</nestedLevel>
  <escapedJava>false</escapedJava>
  <property name="startLine">23</property>
  <property name="stepIndex">1</property>
</record>
<record>
  <date>2026-01-02T17:08:49</date>
  <millis>1767348529838</millis>
  <sequence>556</sequence>
  <level>INFO</level>
  <class>com.kms.katalon.core.logging.XmlKeywordLogger</class>
  <method>logMessage</method>
  <thread>1</thread>
  <message>Detected NodeJS location: &amp;quot;C:\Program Files\nodejs\node.exe&amp;quot;</message>
  <nestedLevel>1</nestedLevel>
  <escapedJava>false</escapedJava>
</record>
<record>
  <date>2026-01-02T17:08:50</date>
  <millis>1767348530931</millis>
  <sequence>557</sequence>
  <level>INFO</level>
  <class>com.kms.katalon.core.logging.XmlKeywordLogger</class>
  <method>logMessage</method>
  <thread>1</thread>
  <message>Appium server started on port 61,768</message>
  <nestedLevel>1</nestedLevel>
  <escapedJava>false</escapedJava>
</record>
<record>
  <date>2026-01-02T17:09:02</date>
  <millis>1767348542098</millis>
  <sequence>559</sequence>
  <level>RUN_DATA</level>
  <class>com.kms.katalon.core.logging.XmlKeywordLogger</class>
  <method>logMessage</method>
  <thread>1</thread>
  <message>appiumVersion = 1.22.3</message>
  <nestedLevel>1</nestedLevel>
  <escapedJava>false</escapedJava>
  <property name="appiumVersion">1.22.3</property>
</record>
<record>
  <date>2026-01-02T17:09:02</date>
  <millis>1767348542098</millis>
  <sequence>560</sequence>
  <level>RUN_DATA</level>
  <class>com.kms.katalon.core.logging.XmlKeywordLogger</class>
  <method>logMessage</method>
  <thread>1</thread>
  <message>appiumServerStatus = {&amp;quot;value&amp;quot;:{&amp;quot;build&amp;quot;:{&amp;quot;version&amp;quot;:&amp;quot;1.22.3&amp;quot;}},&amp;quot;sessionId&amp;quot;:null,&amp;quot;status&amp;quot;:0}</message>
  <nestedLevel>1</nestedLevel>
  <escapedJava>false</escapedJava>
  <property name="appiumServerStatus">{&quot;value&quot;:{&quot;build&quot;:{&quot;version&quot;:&quot;1.22.3&quot;}},&quot;sessionId&quot;:null,&quot;status&quot;:0}</property>
</record>
<record>
  <date>2026-01-02T17:09:02</date>
  <millis>1767348542108</millis>
  <sequence>561</sequence>
  <level>RUN_DATA</level>
  <class>com.kms.katalon.core.logging.XmlKeywordLogger</class>
  <method>logMessage</method>
  <thread>1</thread>
  <message>deviceId = RR8R5017EJV</message>
  <nestedLevel>1</nestedLevel>
  <escapedJava>false</escapedJava>
  <property name="deviceId">RR8R5017EJV</property>
</record>
<record>
  <date>2026-01-02T17:09:02</date>
  <millis>1767348542108</millis>
  <sequence>562</sequence>
  <level>RUN_DATA</level>
  <class>com.kms.katalon.core.logging.XmlKeywordLogger</class>
  <method>logMessage</method>
  <thread>1</thread>
  <message>deviceName = samsung SM-A125F (Android 12)</message>
  <nestedLevel>1</nestedLevel>
  <escapedJava>false</escapedJava>
  <property name="deviceName">samsung SM-A125F (Android 12)</property>
</record>
<record>
  <date>2026-01-02T17:09:02</date>
  <millis>1767348542108</millis>
  <sequence>563</sequence>
  <level>RUN_DATA</level>
  <class>com.kms.katalon.core.logging.XmlKeywordLogger</class>
  <method>logMessage</method>
  <thread>1</thread>
  <message>deviceModel = SM-A125F</message>
  <nestedLevel>1</nestedLevel>
  <escapedJava>false</escapedJava>
  <property name="deviceModel">SM-A125F</property>
</record>
<record>
  <date>2026-01-02T17:09:02</date>
  <millis>1767348542108</millis>
  <sequence>564</sequence>
  <level>RUN_DATA</level>
  <class>com.kms.katalon.core.logging.XmlKeywordLogger</class>
  <method>logMessage</method>
  <thread>1</thread>
  <message>deviceManufacturer = samsung</message>
  <nestedLevel>1</nestedLevel>
  <escapedJava>false</escapedJava>
  <property name="deviceManufacturer">samsung</property>
</record>
<record>
  <date>2026-01-02T17:09:02</date>
  <millis>1767348542110</millis>
  <sequence>565</sequence>
  <level>RUN_DATA</level>
  <class>com.kms.katalon.core.logging.XmlKeywordLogger</class>
  <method>logMessage</method>
  <thread>1</thread>
  <message>deviceOS = Android</message>
  <nestedLevel>1</nestedLevel>
  <escapedJava>false</escapedJava>
  <property name="deviceOS">Android</property>
</record>
<record>
  <date>2026-01-02T17:09:02</date>
  <millis>1767348542110</millis>
  <sequence>566</sequence>
  <level>RUN_DATA</level>
  <class>com.kms.katalon.core.logging.XmlKeywordLogger</class>
  <method>logMessage</method>
  <thread>1</thread>
  <message>deviceOSVersion = 12</message>
  <nestedLevel>1</nestedLevel>
  <escapedJava>false</escapedJava>
  <property name="deviceOSVersion">12</property>
</record>
<record>
  <date>2026-01-02T17:09:03</date>
  <millis>1767348543993</millis>
  <sequence>568</sequence>
  <level>PASSED</level>
  <class>com.kms.katalon.core.logging.XmlKeywordLogger</class>
  <method>logMessage</method>
  <thread>1</thread>
  <message>Starting app with application ID: &amp;apos;id.co.labamu.app&amp;apos;</message>
  <nestedLevel>1</nestedLevel>
  <escapedJava>false</escapedJava>
  <property name="testops-method-name">com.kms.katalon.core.mobile.keyword.internal.MobileKeywordMain$runKeyword.call</property>
  <property name="testops-execution-stacktrace">com.kms.katalon.core.logging.KeywordLogger.logPassed(KeywordLogger.java:340)
com.kms.katalon.core.logging.KeywordLogger.logPassed(KeywordLogger.java:334)
com.kms.katalon.core.logging.KeywordLogger$logPassed$1.call(Unknown Source)
com.kms.katalon.core.mobile.keyword.builtin.StartExistingApplicationKeyword$_startApplication_closure1.doCall(StartExistingApplicationKeyword.groovy:51)
com.kms.katalon.core.mobile.keyword.builtin.StartExistingApplicationKeyword$_startApplication_closure1.doCall(StartExistingApplicationKeyword.groovy)
com.kms.katalon.core.mobile.keyword.internal.MobileKeywordMain.runKeyword(MobileKeywordMain.groovy:21)
com.kms.katalon.core.mobile.keyword.internal.MobileKeywordMain$runKeyword.call(Unknown Source)
com.kms.katalon.core.mobile.keyword.builtin.StartExistingApplicationKeyword.startApplication(StartExistingApplicationKeyword.groovy:52)
com.kms.katalon.core.mobile.keyword.builtin.StartExistingApplicationKeyword.execute(StartExistingApplicationKeyword.groovy:37)
com.kms.katalon.core.keyword.internal.KeywordExecutor.executeKeywordForPlatform(KeywordExecutor.groovy:74)
com.kms.katalon.core.mobile.keyword.MobileBuiltInKeywords.startExistingApplication(MobileBuiltInKeywords.groovy:92)
com.kms.katalon.core.mobile.keyword.MobileBuiltInKeywords$startExistingApplication.call(Unknown Source)
Login by WA.run(Login by WA:23)
</property>
</record>
<record>
  <date>2026-01-02T17:09:03</date>
  <millis>1767348543993</millis>
  <sequence>569</sequence>
  <level>END</level>
  <class>com.kms.katalon.core.logging.XmlKeywordLogger</class>
  <method>endKeyword</method>
  <thread>1</thread>
  <message>End action : startExistingApplication(&amp;quot;id.co.labamu.app&amp;quot;)</message>
  <nestedLevel>1</nestedLevel>
  <escapedJava>false</escapedJava>
</record>
<record>
  <date>2026-01-02T17:09:03</date>
  <millis>1767348543993</millis>
  <sequence>570</sequence>
  <level>START</level>
  <class>com.kms.katalon.core.logging.XmlKeywordLogger</class>
  <method>startKeyword</method>
  <thread>1</thread>
  <message>Start action : widget = findTestObject(&amp;quot;Object Repository/btn-Widget-While&amp;quot;)</message>
  <nestedLevel>1</nestedLevel>
  <escapedJava>false</escapedJava>
  <property name="startLine">24</property>
  <property name="stepIndex">2</property>
</record>
<record>
  <date>2026-01-02T17:09:04</date>
  <millis>1767348544050</millis>
  <sequence>572</sequence>
  <level>END</level>
  <class>com.kms.katalon.core.logging.XmlKeywordLogger</class>
  <method>endKeyword</method>
  <thread>1</thread>
  <message>End action : widget = findTestObject(&amp;quot;Object Repository/btn-Widget-While&amp;quot;)</message>
  <nestedLevel>1</nestedLevel>
  <escapedJava>false</escapedJava>
</record>
<record>
  <date>2026-01-02T17:09:04</date>
  <millis>1767348544050</millis>
  <sequence>573</sequence>
  <level>START</level>
  <class>com.kms.katalon.core.logging.XmlKeywordLogger</class>
  <method>startKeyword</method>
  <thread>1</thread>
  <message>Start action : if (waitForElementPresent(widget, 5))</message>
  <nestedLevel>1</nestedLevel>
  <escapedJava>false</escapedJava>
  <property name="startLine">25</property>
  <property name="stepIndex">3</property>
</record>
<record>
  <date>2026-01-02T17:09:09</date>
  <millis>1767348549175</millis>
  <sequence>576</sequence>
  <level>WARNING</level>
  <class>com.kms.katalon.core.logging.XmlKeywordLogger</class>
  <method>logMessage</method>
  <thread>1</thread>
  <message>Object Object Repository/btn-Widget-While not found</message>
  <nestedLevel>1</nestedLevel>
  <escapedJava>false</escapedJava>
</record>
<record>
  <date>2026-01-02T17:09:09</date>
  <millis>1767348549175</millis>
  <sequence>577</sequence>
  <level>END</level>
  <class>com.kms.katalon.core.logging.XmlKeywordLogger</class>
  <method>endKeyword</method>
  <thread>1</thread>
  <message>End action : if (waitForElementPresent(widget, 5))</message>
  <nestedLevel>1</nestedLevel>
  <escapedJava>false</escapedJava>
</record>
<record>
  <date>2026-01-02T17:09:09</date>
  <millis>1767348549175</millis>
  <sequence>578</sequence>
  <level>START</level>
  <class>com.kms.katalon.core.logging.XmlKeywordLogger</class>
  <method>startKeyword</method>
  <thread>1</thread>
  <message>Start action : else</message>
  <nestedLevel>1</nestedLevel>
  <escapedJava>false</escapedJava>
  <property name="startLine">28</property>
  <property name="stepIndex">4</property>
</record>
<record>
  <date>2026-01-02T17:09:09</date>
  <millis>1767348549175</millis>
  <sequence>579</sequence>
  <level>START</level>
  <class>com.kms.katalon.core.logging.XmlKeywordLogger</class>
  <method>startKeyword</method>
  <thread>1</thread>
  <message>Start action : println(&amp;quot;Widget tidak muncul, lanjut step berikutnya&amp;quot;)</message>
  <nestedLevel>2</nestedLevel>
  <escapedJava>false</escapedJava>
  <property name="startLine">29</property>
  <property name="stepIndex">1</property>
</record>
<record>
  <date>2026-01-02T17:09:09</date>
  <millis>1767348549175</millis>
  <sequence>580</sequence>
  <level>END</level>
  <class>com.kms.katalon.core.logging.XmlKeywordLogger</class>
  <method>endKeyword</method>
  <thread>1</thread>
  <message>End action : println(&amp;quot;Widget tidak muncul, lanjut step berikutnya&amp;quot;)</message>
  <nestedLevel>2</nestedLevel>
  <escapedJava>false</escapedJava>
</record>
<record>
  <date>2026-01-02T17:09:09</date>
  <millis>1767348549175</millis>
  <sequence>581</sequence>
  <level>END</level>
  <class>com.kms.katalon.core.logging.XmlKeywordLogger</class>
  <method>endKeyword</method>
  <thread>1</thread>
  <message>End action : else</message>
  <nestedLevel>1</nestedLevel>
  <escapedJava>false</escapedJava>
</record>
<record>
  <date>2026-01-02T17:09:09</date>
  <millis>1767348549175</millis>
  <sequence>582</sequence>
  <level>START</level>
  <class>com.kms.katalon.core.logging.XmlKeywordLogger</class>
  <method>startKeyword</method>
  <thread>1</thread>
  <message>Start action : edtWA = findTestObject(&amp;quot;Object Repository/edt-WA&amp;quot;)</message>
  <nestedLevel>1</nestedLevel>
  <escapedJava>false</escapedJava>
  <property name="startLine">31</property>
  <property name="stepIndex">5</property>
</record>
<record>
  <date>2026-01-02T17:09:09</date>
  <millis>1767348549215</millis>
  <sequence>584</sequence>
  <level>END</level>
  <class>com.kms.katalon.core.logging.XmlKeywordLogger</class>
  <method>endKeyword</method>
  <thread>1</thread>
  <message>End action : edtWA = findTestObject(&amp;quot;Object Repository/edt-WA&amp;quot;)</message>
  <nestedLevel>1</nestedLevel>
  <escapedJava>false</escapedJava>
</record>
<record>
  <date>2026-01-02T17:09:09</date>
  <millis>1767348549215</millis>
  <sequence>585</sequence>
  <level>START</level>
  <class>com.kms.katalon.core.logging.XmlKeywordLogger</class>
  <method>startKeyword</method>
  <thread>1</thread>
  <message>Start action : chkAgreement = findTestObject(&amp;quot;Object Repository/btn-CheckBox&amp;quot;)</message>
  <nestedLevel>1</nestedLevel>
  <escapedJava>false</escapedJava>
  <property name="startLine">32</property>
  <property name="stepIndex">6</property>
</record>
<record>
  <date>2026-01-02T17:09:09</date>
  <millis>1767348549253</millis>
  <sequence>587</sequence>
  <level>END</level>
  <class>com.kms.katalon.core.logging.XmlKeywordLogger</class>
  <method>endKeyword</method>
  <thread>1</thread>
  <message>End action : chkAgreement = findTestObject(&amp;quot;Object Repository/btn-CheckBox&amp;quot;)</message>
  <nestedLevel>1</nestedLevel>
  <escapedJava>false</escapedJava>
</record>
<record>
  <date>2026-01-02T17:09:09</date>
  <millis>1767348549254</millis>
  <sequence>588</sequence>
  <level>START</level>
  <class>com.kms.katalon.core.logging.XmlKeywordLogger</class>
  <method>startKeyword</method>
  <thread>1</thread>
  <message>Start action : btnMasuk = findTestObject(&amp;quot;Object Repository/btn-Masuk&amp;quot;)</message>
  <nestedLevel>1</nestedLevel>
  <escapedJava>false</escapedJava>
  <property name="startLine">33</property>
  <property name="stepIndex">7</property>
</record>
<record>
  <date>2026-01-02T17:09:09</date>
  <millis>1767348549293</millis>
  <sequence>590</sequence>
  <level>END</level>
  <class>com.kms.katalon.core.logging.XmlKeywordLogger</class>
  <method>endKeyword</method>
  <thread>1</thread>
  <message>End action : btnMasuk = findTestObject(&amp;quot;Object Repository/btn-Masuk&amp;quot;)</message>
  <nestedLevel>1</nestedLevel>
  <escapedJava>false</escapedJava>
</record>
<record>
  <date>2026-01-02T17:09:09</date>
  <millis>1767348549293</millis>
  <sequence>591</sequence>
  <level>START</level>
  <class>com.kms.katalon.core.logging.XmlKeywordLogger</class>
  <method>startKeyword</method>
  <thread>1</thread>
  <message>Start action : waitForElementPresent(edtWA, 10)</message>
  <nestedLevel>1</nestedLevel>
  <escapedJava>false</escapedJava>
  <property name="startLine">34</property>
  <property name="stepIndex">8</property>
</record>
<record>
  <date>2026-01-02T17:09:09</date>
  <millis>1767348549575</millis>
  <sequence>594</sequence>
  <level>PASSED</level>
  <class>com.kms.katalon.core.logging.XmlKeywordLogger</class>
  <method>logMessage</method>
  <thread>1</thread>
  <message>Element &amp;apos;Object Repository/edt-WA&amp;apos; is present</message>
  <nestedLevel>1</nestedLevel>
  <escapedJava>false</escapedJava>
  <property name="testops-method-name">com.kms.katalon.core.mobile.keyword.builtin.WaitForElementPresentKeyword.waitForElementPresent</property>
  <property name="testops-execution-stacktrace"></property>
</record>
<record>
  <date>2026-01-02T17:09:09</date>
  <millis>1767348549576</millis>
  <sequence>595</sequence>
  <level>END</level>
  <class>com.kms.katalon.core.logging.XmlKeywordLogger</class>
  <method>endKeyword</method>
  <thread>1</thread>
  <message>End action : waitForElementPresent(edtWA, 10)</message>
  <nestedLevel>1</nestedLevel>
  <escapedJava>false</escapedJava>
</record>
<record>
  <date>2026-01-02T17:09:09</date>
  <millis>1767348549576</millis>
  <sequence>596</sequence>
  <level>START</level>
  <class>com.kms.katalon.core.logging.XmlKeywordLogger</class>
  <method>startKeyword</method>
  <thread>1</thread>
  <message>Start action : tap(edtWA, 10)</message>
  <nestedLevel>1</nestedLevel>
  <escapedJava>false</escapedJava>
  <property name="startLine">35</property>
  <property name="stepIndex">9</property>
</record>
<record>
  <date>2026-01-02T17:09:09</date>
  <millis>1767348549929</millis>
  <sequence>599</sequence>
  <level>PASSED</level>
  <class>com.kms.katalon.core.logging.XmlKeywordLogger</class>
  <method>logMessage</method>
  <thread>1</thread>
  <message>Tapped on element &amp;apos;Object Repository/edt-WA&amp;apos;</message>
  <nestedLevel>1</nestedLevel>
  <escapedJava>false</escapedJava>
  <property name="testops-method-name">com.kms.katalon.core.mobile.keyword.builtin.TapKeyword.tap</property>
  <property name="testops-execution-stacktrace"></property>
</record>
<record>
  <date>2026-01-02T17:09:09</date>
  <millis>1767348549929</millis>
  <sequence>600</sequence>
  <level>END</level>
  <class>com.kms.katalon.core.logging.XmlKeywordLogger</class>
  <method>endKeyword</method>
  <thread>1</thread>
  <message>End action : tap(edtWA, 10)</message>
  <nestedLevel>1</nestedLevel>
  <escapedJava>false</escapedJava>
</record>
<record>
  <date>2026-01-02T17:09:09</date>
  <millis>1767348549929</millis>
  <sequence>601</sequence>
  <level>START</level>
  <class>com.kms.katalon.core.logging.XmlKeywordLogger</class>
  <method>startKeyword</method>
  <thread>1</thread>
  <message>Start action : setText(edtWA, wa, 10)</message>
  <nestedLevel>1</nestedLevel>
  <escapedJava>false</escapedJava>
  <property name="startLine">36</property>
  <property name="stepIndex">10</property>
</record>
<record>
  <date>2026-01-02T17:09:11</date>
  <millis>1767348551310</millis>
  <sequence>604</sequence>
  <level>PASSED</level>
  <class>com.kms.katalon.core.logging.XmlKeywordLogger</class>
  <method>logMessage</method>
  <thread>1</thread>
  <message>Text &amp;apos;87871296344&amp;apos; has been set to element &amp;apos;Object Repository/edt-WA&amp;apos;</message>
  <nestedLevel>1</nestedLevel>
  <escapedJava>false</escapedJava>
  <property name="testops-method-name">com.kms.katalon.core.mobile.keyword.builtin.SetTextKeyword.setText</property>
  <property name="testops-execution-stacktrace"></property>
</record>
<record>
  <date>2026-01-02T17:09:11</date>
  <millis>1767348551310</millis>
  <sequence>605</sequence>
  <level>END</level>
  <class>com.kms.katalon.core.logging.XmlKeywordLogger</class>
  <method>endKeyword</method>
  <thread>1</thread>
  <message>End action : setText(edtWA, wa, 10)</message>
  <nestedLevel>1</nestedLevel>
  <escapedJava>false</escapedJava>
</record>
<record>
  <date>2026-01-02T17:09:11</date>
  <millis>1767348551310</millis>
  <sequence>606</sequence>
  <level>START</level>
  <class>com.kms.katalon.core.logging.XmlKeywordLogger</class>
  <method>startKeyword</method>
  <thread>1</thread>
  <message>Start action : tap(chkAgreement, 10)</message>
  <nestedLevel>1</nestedLevel>
  <escapedJava>false</escapedJava>
  <property name="startLine">37</property>
  <property name="stepIndex">11</property>
</record>
<record>
  <date>2026-01-02T17:09:13</date>
  <millis>1767348553159</millis>
  <sequence>609</sequence>
  <level>PASSED</level>
  <class>com.kms.katalon.core.logging.XmlKeywordLogger</class>
  <method>logMessage</method>
  <thread>1</thread>
  <message>Tapped on element &amp;apos;Object Repository/btn-CheckBox&amp;apos;</message>
  <nestedLevel>1</nestedLevel>
  <escapedJava>false</escapedJava>
  <property name="testops-method-name">com.kms.katalon.core.mobile.keyword.builtin.TapKeyword.tap</property>
  <property name="testops-execution-stacktrace"></property>
</record>
<record>
  <date>2026-01-02T17:09:13</date>
  <millis>1767348553159</millis>
  <sequence>610</sequence>
  <level>END</level>
  <class>com.kms.katalon.core.logging.XmlKeywordLogger</class>
  <method>endKeyword</method>
  <thread>1</thread>
  <message>End action : tap(chkAgreement, 10)</message>
  <nestedLevel>1</nestedLevel>
  <escapedJava>false</escapedJava>
</record>
<record>
  <date>2026-01-02T17:09:13</date>
  <millis>1767348553159</millis>
  <sequence>611</sequence>
  <level>START</level>
  <class>com.kms.katalon.core.logging.XmlKeywordLogger</class>
  <method>startKeyword</method>
  <thread>1</thread>
  <message>Start action : waitForElementAttributeValue(btnMasuk, &amp;quot;enabled&amp;quot;, &amp;quot;true&amp;quot;, 10)</message>
  <nestedLevel>1</nestedLevel>
  <escapedJava>false</escapedJava>
  <property name="startLine">38</property>
  <property name="stepIndex">12</property>
</record>
<record>
  <date>2026-01-02T17:09:14</date>
  <millis>1767348554004</millis>
  <sequence>615</sequence>
  <level>PASSED</level>
  <class>com.kms.katalon.core.logging.XmlKeywordLogger</class>
  <method>logMessage</method>
  <thread>1</thread>
  <message>Object &amp;apos;Object Repository/btn-Masuk&amp;apos; has attribute &amp;apos;enabled&amp;apos; with value &amp;apos;true&amp;apos;</message>
  <nestedLevel>1</nestedLevel>
  <escapedJava>false</escapedJava>
  <property name="testops-method-name">com.kms.katalon.core.mobile.keyword.builtin.WaitForElementAttributeValueKeyword.waitForElementAttributeValue</property>
  <property name="testops-execution-stacktrace"></property>
</record>
<record>
  <date>2026-01-02T17:09:14</date>
  <millis>1767348554004</millis>
  <sequence>616</sequence>
  <level>END</level>
  <class>com.kms.katalon.core.logging.XmlKeywordLogger</class>
  <method>endKeyword</method>
  <thread>1</thread>
  <message>End action : waitForElementAttributeValue(btnMasuk, &amp;quot;enabled&amp;quot;, &amp;quot;true&amp;quot;, 10)</message>
  <nestedLevel>1</nestedLevel>
  <escapedJava>false</escapedJava>
</record>
<record>
  <date>2026-01-02T17:09:14</date>
  <millis>1767348554004</millis>
  <sequence>617</sequence>
  <level>START</level>
  <class>com.kms.katalon.core.logging.XmlKeywordLogger</class>
  <method>startKeyword</method>
  <thread>1</thread>
  <message>Start action : verifyElementAttributeValue(btnMasuk, &amp;quot;enabled&amp;quot;, &amp;quot;true&amp;quot;, 0)</message>
  <nestedLevel>1</nestedLevel>
  <escapedJava>false</escapedJava>
  <property name="startLine">44</property>
  <property name="stepIndex">13</property>
</record>
<record>
  <date>2026-01-02T17:09:14</date>
  <millis>1767348554005</millis>
  <sequence>621</sequence>
  <level>WARNING</level>
  <class>com.kms.katalon.core.logging.XmlKeywordLogger</class>
  <method>logMessage</method>
  <thread>1</thread>
  <message>Timeout &amp;apos;0&amp;apos; is invalid. Using default page load timeout: &amp;apos;30&amp;apos;</message>
  <nestedLevel>1</nestedLevel>
  <escapedJava>false</escapedJava>
</record>
<record>
  <date>2026-01-02T17:09:14</date>
  <millis>1767348554151</millis>
  <sequence>622</sequence>
  <level>PASSED</level>
  <class>com.kms.katalon.core.logging.XmlKeywordLogger</class>
  <method>logMessage</method>
  <thread>1</thread>
  <message>Object &amp;apos;Object Repository/btn-Masuk&amp;apos; has attribute &amp;apos;enabled&amp;apos; with value &amp;apos;true&amp;apos;</message>
  <nestedLevel>1</nestedLevel>
  <escapedJava>false</escapedJava>
  <property name="testops-is-assertion">true</property>
  <property name="testops-method-name">com.kms.katalon.core.mobile.keyword.builtin.VerifyElementAttributeValueKeyword.verifyElementAttributeValue</property>
  <property name="testops-execution-stacktrace"></property>
</record>
<record>
  <date>2026-01-02T17:09:14</date>
  <millis>1767348554151</millis>
  <sequence>623</sequence>
  <level>END</level>
  <class>com.kms.katalon.core.logging.XmlKeywordLogger</class>
  <method>endKeyword</method>
  <thread>1</thread>
  <message>End action : verifyElementAttributeValue(btnMasuk, &amp;quot;enabled&amp;quot;, &amp;quot;true&amp;quot;, 0)</message>
  <nestedLevel>1</nestedLevel>
  <escapedJava>false</escapedJava>
</record>
<record>
  <date>2026-01-02T17:09:14</date>
  <millis>1767348554151</millis>
  <sequence>624</sequence>
  <level>START</level>
  <class>com.kms.katalon.core.logging.XmlKeywordLogger</class>
  <method>startKeyword</method>
  <thread>1</thread>
  <message>Start action : tap(btnMasuk, 10)</message>
  <nestedLevel>1</nestedLevel>
  <escapedJava>false</escapedJava>
  <property name="startLine">50</property>
  <property name="stepIndex">14</property>
</record>
<record>
  <date>2026-01-02T17:09:14</date>
  <millis>1767348554356</millis>
  <sequence>627</sequence>
  <level>PASSED</level>
  <class>com.kms.katalon.core.logging.XmlKeywordLogger</class>
  <method>logMessage</method>
  <thread>1</thread>
  <message>Tapped on element &amp;apos;Object Repository/btn-Masuk&amp;apos;</message>
  <nestedLevel>1</nestedLevel>
  <escapedJava>false</escapedJava>
  <property name="testops-method-name">com.kms.katalon.core.mobile.keyword.builtin.TapKeyword.tap</property>
  <property name="testops-execution-stacktrace"></property>
</record>
<record>
  <date>2026-01-02T17:09:14</date>
  <millis>1767348554356</millis>
  <sequence>628</sequence>
  <level>END</level>
  <class>com.kms.katalon.core.logging.XmlKeywordLogger</class>
  <method>endKeyword</method>
  <thread>1</thread>
  <message>End action : tap(btnMasuk, 10)</message>
  <nestedLevel>1</nestedLevel>
  <escapedJava>false</escapedJava>
</record>
<record>
  <date>2026-01-02T17:09:14</date>
  <millis>1767348554356</millis>
  <sequence>629</sequence>
  <level>START</level>
  <class>com.kms.katalon.core.logging.XmlKeywordLogger</class>
  <method>startKeyword</method>
  <thread>1</thread>
  <message>Start action : closeApplication()</message>
  <nestedLevel>1</nestedLevel>
  <escapedJava>false</escapedJava>
  <property name="startLine">51</property>
  <property name="stepIndex">15</property>
</record>
<record>
  <date>2026-01-02T17:09:14</date>
  <millis>1767348554746</millis>
  <sequence>630</sequence>
  <level>PASSED</level>
  <class>com.kms.katalon.core.logging.XmlKeywordLogger</class>
  <method>logMessage</method>
  <thread>1</thread>
  <message>Close app successfully</message>
  <nestedLevel>1</nestedLevel>
  <escapedJava>false</escapedJava>
  <property name="testops-method-name">com.kms.katalon.core.mobile.keyword.builtin.CloseApplicationKeyword.closeApplication</property>
  <property name="testops-execution-stacktrace"></property>
</record>
<record>
  <date>2026-01-02T17:09:14</date>
  <millis>1767348554746</millis>
  <sequence>631</sequence>
  <level>END</level>
  <class>com.kms.katalon.core.logging.XmlKeywordLogger</class>
  <method>endKeyword</method>
  <thread>1</thread>
  <message>End action : closeApplication()</message>
  <nestedLevel>1</nestedLevel>
  <escapedJava>false</escapedJava>
</record>
<record>
  <date>2026-01-02T17:09:14</date>
  <millis>1767348554746</millis>
  <sequence>632</sequence>
  <level>PASSED</level>
  <class>com.kms.katalon.core.logging.XmlKeywordLogger</class>
  <method>logMessage</method>
  <thread>1</thread>
  <message>Test Cases/Login by WA</message>
  <nestedLevel>1</nestedLevel>
  <escapedJava>false</escapedJava>
</record>
<record>
  <date>2026-01-02T17:09:14</date>
  <millis>1767348554747</millis>
  <sequence>633</sequence>
  <level>END</level>
  <class>com.kms.katalon.core.logging.XmlKeywordLogger</class>
  <method>endTest</method>
  <thread>1</thread>
  <message>End Test Case : Test Cases/Login by WA</message>
  <nestedLevel>0</nestedLevel>
  <escapedJava>false</escapedJava>
  <property name="executionBindingVariables">[
  {
    &quot;displayReportName&quot;: &quot;wa&quot;,
    &quot;value&quot;: &quot;87871296344&quot;,
    &quot;name&quot;: &quot;wa&quot;,
    &quot;masked&quot;: false
  }
]</property>
  <property name="applitools">false</property>
  <property name="keywordsUsage">{
  &quot;web_ui&quot;: false,
  &quot;web_service&quot;: false,
  &quot;cucumber&quot;: false,
  &quot;builtin&quot;: false,
  &quot;mobile&quot;: true,
  &quot;windows&quot;: false,
  &quot;testng&quot;: false
}</property>
</record>
<record>
  <date>2026-01-02T17:09:14</date>
  <millis>1767348554756</millis>
  <sequence>634</sequence>
  <level>START</level>
  <class>com.kms.katalon.core.logging.XmlKeywordLogger</class>
  <method>startTest</method>
  <thread>1</thread>
  <message>Start Test Case : Test Cases/Login by WA</message>
  <nestedLevel>1</nestedLevel>
  <escapedJava>false</escapedJava>
  <property name="name">Test Cases/Login by WA</property>
  <property name="description"></property>
  <property name="iteration"></property>
  <property name="id">Test Cases/Login by WA</property>
  <property name="source">C:\Users\ichsa\Katalon Studio\Labamu\Test Cases\Login by WA.tc</property>
  <property name="tag"></property>
  <property name="isOptional">false</property>
</record>
<record>
  <date>2026-01-02T17:09:14</date>
  <millis>1767348554760</millis>
  <sequence>636</sequence>
  <level>INFO</level>
  <class>com.kms.katalon.core.logging.XmlKeywordLogger</class>
  <method>logMessage</method>
  <thread>1</thread>
  <message>wa = 83812194</message>
  <nestedLevel>1</nestedLevel>
  <escapedJava>false</escapedJava>
</record>
<record>
  <date>2026-01-02T17:09:14</date>
  <millis>1767348554760</millis>
  <sequence>637</sequence>
  <level>START</level>
  <class>com.kms.katalon.core.logging.XmlKeywordLogger</class>
  <method>startKeyword</method>
  <thread>1</thread>
  <message>Start action : startExistingApplication(&amp;quot;id.co.labamu.app&amp;quot;)</message>
  <nestedLevel>1</nestedLevel>
  <escapedJava>false</escapedJava>
  <property name="startLine">23</property>
  <property name="stepIndex">1</property>
</record>
<record>
  <date>2026-01-02T17:09:14</date>
  <millis>1767348554852</millis>
  <sequence>639</sequence>
  <level>INFO</level>
  <class>com.kms.katalon.core.logging.XmlKeywordLogger</class>
  <method>logMessage</method>
  <thread>1</thread>
  <message>Detected NodeJS location: &amp;quot;C:\Program Files\nodejs\node.exe&amp;quot;</message>
  <nestedLevel>1</nestedLevel>
  <escapedJava>false</escapedJava>
</record>
<record>
  <date>2026-01-02T17:09:15</date>
  <millis>1767348555945</millis>
  <sequence>640</sequence>
  <level>INFO</level>
  <class>com.kms.katalon.core.logging.XmlKeywordLogger</class>
  <method>logMessage</method>
  <thread>1</thread>
  <message>Appium server started on port 56,759</message>
  <nestedLevel>1</nestedLevel>
  <escapedJava>false</escapedJava>
</record>
<record>
  <date>2026-01-02T17:09:25</date>
  <millis>1767348565781</millis>
  <sequence>642</sequence>
  <level>RUN_DATA</level>
  <class>com.kms.katalon.core.logging.XmlKeywordLogger</class>
  <method>logMessage</method>
  <thread>1</thread>
  <message>appiumVersion = 1.22.3</message>
  <nestedLevel>1</nestedLevel>
  <escapedJava>false</escapedJava>
  <property name="appiumVersion">1.22.3</property>
</record>
<record>
  <date>2026-01-02T17:09:25</date>
  <millis>1767348565781</millis>
  <sequence>643</sequence>
  <level>RUN_DATA</level>
  <class>com.kms.katalon.core.logging.XmlKeywordLogger</class>
  <method>logMessage</method>
  <thread>1</thread>
  <message>appiumServerStatus = {&amp;quot;value&amp;quot;:{&amp;quot;build&amp;quot;:{&amp;quot;version&amp;quot;:&amp;quot;1.22.3&amp;quot;}},&amp;quot;sessionId&amp;quot;:null,&amp;quot;status&amp;quot;:0}</message>
  <nestedLevel>1</nestedLevel>
  <escapedJava>false</escapedJava>
  <property name="appiumServerStatus">{&quot;value&quot;:{&quot;build&quot;:{&quot;version&quot;:&quot;1.22.3&quot;}},&quot;sessionId&quot;:null,&quot;status&quot;:0}</property>
</record>
<record>
  <date>2026-01-02T17:09:25</date>
  <millis>1767348565789</millis>
  <sequence>644</sequence>
  <level>RUN_DATA</level>
  <class>com.kms.katalon.core.logging.XmlKeywordLogger</class>
  <method>logMessage</method>
  <thread>1</thread>
  <message>deviceId = RR8R5017EJV</message>
  <nestedLevel>1</nestedLevel>
  <escapedJava>false</escapedJava>
  <property name="deviceId">RR8R5017EJV</property>
</record>
<record>
  <date>2026-01-02T17:09:25</date>
  <millis>1767348565790</millis>
  <sequence>645</sequence>
  <level>RUN_DATA</level>
  <class>com.kms.katalon.core.logging.XmlKeywordLogger</class>
  <method>logMessage</method>
  <thread>1</thread>
  <message>deviceName = samsung SM-A125F (Android 12)</message>
  <nestedLevel>1</nestedLevel>
  <escapedJava>false</escapedJava>
  <property name="deviceName">samsung SM-A125F (Android 12)</property>
</record>
<record>
  <date>2026-01-02T17:09:25</date>
  <millis>1767348565790</millis>
  <sequence>646</sequence>
  <level>RUN_DATA</level>
  <class>com.kms.katalon.core.logging.XmlKeywordLogger</class>
  <method>logMessage</method>
  <thread>1</thread>
  <message>deviceModel = SM-A125F</message>
  <nestedLevel>1</nestedLevel>
  <escapedJava>false</escapedJava>
  <property name="deviceModel">SM-A125F</property>
</record>
<record>
  <date>2026-01-02T17:09:25</date>
  <millis>1767348565790</millis>
  <sequence>647</sequence>
  <level>RUN_DATA</level>
  <class>com.kms.katalon.core.logging.XmlKeywordLogger</class>
  <method>logMessage</method>
  <thread>1</thread>
  <message>deviceManufacturer = samsung</message>
  <nestedLevel>1</nestedLevel>
  <escapedJava>false</escapedJava>
  <property name="deviceManufacturer">samsung</property>
</record>
<record>
  <date>2026-01-02T17:09:25</date>
  <millis>1767348565790</millis>
  <sequence>648</sequence>
  <level>RUN_DATA</level>
  <class>com.kms.katalon.core.logging.XmlKeywordLogger</class>
  <method>logMessage</method>
  <thread>1</thread>
  <message>deviceOS = Android</message>
  <nestedLevel>1</nestedLevel>
  <escapedJava>false</escapedJava>
  <property name="deviceOS">Android</property>
</record>
<record>
  <date>2026-01-02T17:09:25</date>
  <millis>1767348565790</millis>
  <sequence>649</sequence>
  <level>RUN_DATA</level>
  <class>com.kms.katalon.core.logging.XmlKeywordLogger</class>
  <method>logMessage</method>
  <thread>1</thread>
  <message>deviceOSVersion = 12</message>
  <nestedLevel>1</nestedLevel>
  <escapedJava>false</escapedJava>
  <property name="deviceOSVersion">12</property>
</record>
<record>
  <date>2026-01-02T17:09:27</date>
  <millis>1767348567640</millis>
  <sequence>651</sequence>
  <level>PASSED</level>
  <class>com.kms.katalon.core.logging.XmlKeywordLogger</class>
  <method>logMessage</method>
  <thread>1</thread>
  <message>Starting app with application ID: &amp;apos;id.co.labamu.app&amp;apos;</message>
  <nestedLevel>1</nestedLevel>
  <escapedJava>false</escapedJava>
  <property name="testops-method-name">com.kms.katalon.core.mobile.keyword.internal.MobileKeywordMain$runKeyword.call</property>
  <property name="testops-execution-stacktrace">com.kms.katalon.core.logging.KeywordLogger.logPassed(KeywordLogger.java:340)
com.kms.katalon.core.logging.KeywordLogger.logPassed(KeywordLogger.java:334)
com.kms.katalon.core.logging.KeywordLogger$logPassed$1.call(Unknown Source)
com.kms.katalon.core.mobile.keyword.builtin.StartExistingApplicationKeyword$_startApplication_closure1.doCall(StartExistingApplicationKeyword.groovy:51)
com.kms.katalon.core.mobile.keyword.builtin.StartExistingApplicationKeyword$_startApplication_closure1.doCall(StartExistingApplicationKeyword.groovy)
com.kms.katalon.core.mobile.keyword.internal.MobileKeywordMain.runKeyword(MobileKeywordMain.groovy:21)
com.kms.katalon.core.mobile.keyword.internal.MobileKeywordMain$runKeyword.call(Unknown Source)
com.kms.katalon.core.mobile.keyword.builtin.StartExistingApplicationKeyword.startApplication(StartExistingApplicationKeyword.groovy:52)
com.kms.katalon.core.mobile.keyword.builtin.StartExistingApplicationKeyword.execute(StartExistingApplicationKeyword.groovy:37)
com.kms.katalon.core.keyword.internal.KeywordExecutor.executeKeywordForPlatform(KeywordExecutor.groovy:74)
com.kms.katalon.core.mobile.keyword.MobileBuiltInKeywords.startExistingApplication(MobileBuiltInKeywords.groovy:92)
com.kms.katalon.core.mobile.keyword.MobileBuiltInKeywords$startExistingApplication.call(Unknown Source)
Login by WA.run(Login by WA:23)
</property>
</record>
<record>
  <date>2026-01-02T17:09:27</date>
  <millis>1767348567640</millis>
  <sequence>652</sequence>
  <level>END</level>
  <class>com.kms.katalon.core.logging.XmlKeywordLogger</class>
  <method>endKeyword</method>
  <thread>1</thread>
  <message>End action : startExistingApplication(&amp;quot;id.co.labamu.app&amp;quot;)</message>
  <nestedLevel>1</nestedLevel>
  <escapedJava>false</escapedJava>
</record>
<record>
  <date>2026-01-02T17:09:27</date>
  <millis>1767348567640</millis>
  <sequence>653</sequence>
  <level>START</level>
  <class>com.kms.katalon.core.logging.XmlKeywordLogger</class>
  <method>startKeyword</method>
  <thread>1</thread>
  <message>Start action : widget = findTestObject(&amp;quot;Object Repository/btn-Widget-While&amp;quot;)</message>
  <nestedLevel>1</nestedLevel>
  <escapedJava>false</escapedJava>
  <property name="startLine">24</property>
  <property name="stepIndex">2</property>
</record>
<record>
  <date>2026-01-02T17:09:27</date>
  <millis>1767348567698</millis>
  <sequence>655</sequence>
  <level>END</level>
  <class>com.kms.katalon.core.logging.XmlKeywordLogger</class>
  <method>endKeyword</method>
  <thread>1</thread>
  <message>End action : widget = findTestObject(&amp;quot;Object Repository/btn-Widget-While&amp;quot;)</message>
  <nestedLevel>1</nestedLevel>
  <escapedJava>false</escapedJava>
</record>
<record>
  <date>2026-01-02T17:09:27</date>
  <millis>1767348567698</millis>
  <sequence>656</sequence>
  <level>START</level>
  <class>com.kms.katalon.core.logging.XmlKeywordLogger</class>
  <method>startKeyword</method>
  <thread>1</thread>
  <message>Start action : if (waitForElementPresent(widget, 5))</message>
  <nestedLevel>1</nestedLevel>
  <escapedJava>false</escapedJava>
  <property name="startLine">25</property>
  <property name="stepIndex">3</property>
</record>
<record>
  <date>2026-01-02T17:09:32</date>
  <millis>1767348572728</millis>
  <sequence>659</sequence>
  <level>WARNING</level>
  <class>com.kms.katalon.core.logging.XmlKeywordLogger</class>
  <method>logMessage</method>
  <thread>1</thread>
  <message>Object Object Repository/btn-Widget-While not found</message>
  <nestedLevel>1</nestedLevel>
  <escapedJava>false</escapedJava>
</record>
<record>
  <date>2026-01-02T17:09:32</date>
  <millis>1767348572728</millis>
  <sequence>660</sequence>
  <level>END</level>
  <class>com.kms.katalon.core.logging.XmlKeywordLogger</class>
  <method>endKeyword</method>
  <thread>1</thread>
  <message>End action : if (waitForElementPresent(widget, 5))</message>
  <nestedLevel>1</nestedLevel>
  <escapedJava>false</escapedJava>
</record>
<record>
  <date>2026-01-02T17:09:32</date>
  <millis>1767348572728</millis>
  <sequence>661</sequence>
  <level>START</level>
  <class>com.kms.katalon.core.logging.XmlKeywordLogger</class>
  <method>startKeyword</method>
  <thread>1</thread>
  <message>Start action : else</message>
  <nestedLevel>1</nestedLevel>
  <escapedJava>false</escapedJava>
  <property name="startLine">28</property>
  <property name="stepIndex">4</property>
</record>
<record>
  <date>2026-01-02T17:09:32</date>
  <millis>1767348572728</millis>
  <sequence>662</sequence>
  <level>START</level>
  <class>com.kms.katalon.core.logging.XmlKeywordLogger</class>
  <method>startKeyword</method>
  <thread>1</thread>
  <message>Start action : println(&amp;quot;Widget tidak muncul, lanjut step berikutnya&amp;quot;)</message>
  <nestedLevel>2</nestedLevel>
  <escapedJava>false</escapedJava>
  <property name="startLine">29</property>
  <property name="stepIndex">1</property>
</record>
<record>
  <date>2026-01-02T17:09:32</date>
  <millis>1767348572728</millis>
  <sequence>663</sequence>
  <level>END</level>
  <class>com.kms.katalon.core.logging.XmlKeywordLogger</class>
  <method>endKeyword</method>
  <thread>1</thread>
  <message>End action : println(&amp;quot;Widget tidak muncul, lanjut step berikutnya&amp;quot;)</message>
  <nestedLevel>2</nestedLevel>
  <escapedJava>false</escapedJava>
</record>
<record>
  <date>2026-01-02T17:09:32</date>
  <millis>1767348572728</millis>
  <sequence>664</sequence>
  <level>END</level>
  <class>com.kms.katalon.core.logging.XmlKeywordLogger</class>
  <method>endKeyword</method>
  <thread>1</thread>
  <message>End action : else</message>
  <nestedLevel>1</nestedLevel>
  <escapedJava>false</escapedJava>
</record>
<record>
  <date>2026-01-02T17:09:32</date>
  <millis>1767348572728</millis>
  <sequence>665</sequence>
  <level>START</level>
  <class>com.kms.katalon.core.logging.XmlKeywordLogger</class>
  <method>startKeyword</method>
  <thread>1</thread>
  <message>Start action : edtWA = findTestObject(&amp;quot;Object Repository/edt-WA&amp;quot;)</message>
  <nestedLevel>1</nestedLevel>
  <escapedJava>false</escapedJava>
  <property name="startLine">31</property>
  <property name="stepIndex">5</property>
</record>
<record>
  <date>2026-01-02T17:09:32</date>
  <millis>1767348572767</millis>
  <sequence>667</sequence>
  <level>END</level>
  <class>com.kms.katalon.core.logging.XmlKeywordLogger</class>
  <method>endKeyword</method>
  <thread>1</thread>
  <message>End action : edtWA = findTestObject(&amp;quot;Object Repository/edt-WA&amp;quot;)</message>
  <nestedLevel>1</nestedLevel>
  <escapedJava>false</escapedJava>
</record>
<record>
  <date>2026-01-02T17:09:32</date>
  <millis>1767348572767</millis>
  <sequence>668</sequence>
  <level>START</level>
  <class>com.kms.katalon.core.logging.XmlKeywordLogger</class>
  <method>startKeyword</method>
  <thread>1</thread>
  <message>Start action : chkAgreement = findTestObject(&amp;quot;Object Repository/btn-CheckBox&amp;quot;)</message>
  <nestedLevel>1</nestedLevel>
  <escapedJava>false</escapedJava>
  <property name="startLine">32</property>
  <property name="stepIndex">6</property>
</record>
<record>
  <date>2026-01-02T17:09:32</date>
  <millis>1767348572817</millis>
  <sequence>670</sequence>
  <level>END</level>
  <class>com.kms.katalon.core.logging.XmlKeywordLogger</class>
  <method>endKeyword</method>
  <thread>1</thread>
  <message>End action : chkAgreement = findTestObject(&amp;quot;Object Repository/btn-CheckBox&amp;quot;)</message>
  <nestedLevel>1</nestedLevel>
  <escapedJava>false</escapedJava>
</record>
<record>
  <date>2026-01-02T17:09:32</date>
  <millis>1767348572818</millis>
  <sequence>671</sequence>
  <level>START</level>
  <class>com.kms.katalon.core.logging.XmlKeywordLogger</class>
  <method>startKeyword</method>
  <thread>1</thread>
  <message>Start action : btnMasuk = findTestObject(&amp;quot;Object Repository/btn-Masuk&amp;quot;)</message>
  <nestedLevel>1</nestedLevel>
  <escapedJava>false</escapedJava>
  <property name="startLine">33</property>
  <property name="stepIndex">7</property>
</record>
<record>
  <date>2026-01-02T17:09:32</date>
  <millis>1767348572864</millis>
  <sequence>673</sequence>
  <level>END</level>
  <class>com.kms.katalon.core.logging.XmlKeywordLogger</class>
  <method>endKeyword</method>
  <thread>1</thread>
  <message>End action : btnMasuk = findTestObject(&amp;quot;Object Repository/btn-Masuk&amp;quot;)</message>
  <nestedLevel>1</nestedLevel>
  <escapedJava>false</escapedJava>
</record>
<record>
  <date>2026-01-02T17:09:32</date>
  <millis>1767348572864</millis>
  <sequence>674</sequence>
  <level>START</level>
  <class>com.kms.katalon.core.logging.XmlKeywordLogger</class>
  <method>startKeyword</method>
  <thread>1</thread>
  <message>Start action : waitForElementPresent(edtWA, 10)</message>
  <nestedLevel>1</nestedLevel>
  <escapedJava>false</escapedJava>
  <property name="startLine">34</property>
  <property name="stepIndex">8</property>
</record>
<record>
  <date>2026-01-02T17:09:33</date>
  <millis>1767348573144</millis>
  <sequence>677</sequence>
  <level>PASSED</level>
  <class>com.kms.katalon.core.logging.XmlKeywordLogger</class>
  <method>logMessage</method>
  <thread>1</thread>
  <message>Element &amp;apos;Object Repository/edt-WA&amp;apos; is present</message>
  <nestedLevel>1</nestedLevel>
  <escapedJava>false</escapedJava>
  <property name="testops-method-name">com.kms.katalon.core.mobile.keyword.builtin.WaitForElementPresentKeyword.waitForElementPresent</property>
  <property name="testops-execution-stacktrace"></property>
</record>
<record>
  <date>2026-01-02T17:09:33</date>
  <millis>1767348573144</millis>
  <sequence>678</sequence>
  <level>END</level>
  <class>com.kms.katalon.core.logging.XmlKeywordLogger</class>
  <method>endKeyword</method>
  <thread>1</thread>
  <message>End action : waitForElementPresent(edtWA, 10)</message>
  <nestedLevel>1</nestedLevel>
  <escapedJava>false</escapedJava>
</record>
<record>
  <date>2026-01-02T17:09:33</date>
  <millis>1767348573144</millis>
  <sequence>679</sequence>
  <level>START</level>
  <class>com.kms.katalon.core.logging.XmlKeywordLogger</class>
  <method>startKeyword</method>
  <thread>1</thread>
  <message>Start action : tap(edtWA, 10)</message>
  <nestedLevel>1</nestedLevel>
  <escapedJava>false</escapedJava>
  <property name="startLine">35</property>
  <property name="stepIndex">9</property>
</record>
<record>
  <date>2026-01-02T17:09:33</date>
  <millis>1767348573493</millis>
  <sequence>682</sequence>
  <level>PASSED</level>
  <class>com.kms.katalon.core.logging.XmlKeywordLogger</class>
  <method>logMessage</method>
  <thread>1</thread>
  <message>Tapped on element &amp;apos;Object Repository/edt-WA&amp;apos;</message>
  <nestedLevel>1</nestedLevel>
  <escapedJava>false</escapedJava>
  <property name="testops-method-name">com.kms.katalon.core.mobile.keyword.builtin.TapKeyword.tap</property>
  <property name="testops-execution-stacktrace"></property>
</record>
<record>
  <date>2026-01-02T17:09:33</date>
  <millis>1767348573493</millis>
  <sequence>683</sequence>
  <level>END</level>
  <class>com.kms.katalon.core.logging.XmlKeywordLogger</class>
  <method>endKeyword</method>
  <thread>1</thread>
  <message>End action : tap(edtWA, 10)</message>
  <nestedLevel>1</nestedLevel>
  <escapedJava>false</escapedJava>
</record>
<record>
  <date>2026-01-02T17:09:33</date>
  <millis>1767348573493</millis>
  <sequence>684</sequence>
  <level>START</level>
  <class>com.kms.katalon.core.logging.XmlKeywordLogger</class>
  <method>startKeyword</method>
  <thread>1</thread>
  <message>Start action : setText(edtWA, wa, 10)</message>
  <nestedLevel>1</nestedLevel>
  <escapedJava>false</escapedJava>
  <property name="startLine">36</property>
  <property name="stepIndex">10</property>
</record>
<record>
  <date>2026-01-02T17:09:34</date>
  <millis>1767348574860</millis>
  <sequence>687</sequence>
  <level>PASSED</level>
  <class>com.kms.katalon.core.logging.XmlKeywordLogger</class>
  <method>logMessage</method>
  <thread>1</thread>
  <message>Text &amp;apos;83812194&amp;apos; has been set to element &amp;apos;Object Repository/edt-WA&amp;apos;</message>
  <nestedLevel>1</nestedLevel>
  <escapedJava>false</escapedJava>
  <property name="testops-method-name">com.kms.katalon.core.mobile.keyword.builtin.SetTextKeyword.setText</property>
  <property name="testops-execution-stacktrace"></property>
</record>
<record>
  <date>2026-01-02T17:09:34</date>
  <millis>1767348574861</millis>
  <sequence>688</sequence>
  <level>END</level>
  <class>com.kms.katalon.core.logging.XmlKeywordLogger</class>
  <method>endKeyword</method>
  <thread>1</thread>
  <message>End action : setText(edtWA, wa, 10)</message>
  <nestedLevel>1</nestedLevel>
  <escapedJava>false</escapedJava>
</record>
<record>
  <date>2026-01-02T17:09:34</date>
  <millis>1767348574861</millis>
  <sequence>689</sequence>
  <level>START</level>
  <class>com.kms.katalon.core.logging.XmlKeywordLogger</class>
  <method>startKeyword</method>
  <thread>1</thread>
  <message>Start action : tap(chkAgreement, 10)</message>
  <nestedLevel>1</nestedLevel>
  <escapedJava>false</escapedJava>
  <property name="startLine">37</property>
  <property name="stepIndex">11</property>
</record>
<record>
  <date>2026-01-02T17:09:36</date>
  <millis>1767348576856</millis>
  <sequence>692</sequence>
  <level>PASSED</level>
  <class>com.kms.katalon.core.logging.XmlKeywordLogger</class>
  <method>logMessage</method>
  <thread>1</thread>
  <message>Tapped on element &amp;apos;Object Repository/btn-CheckBox&amp;apos;</message>
  <nestedLevel>1</nestedLevel>
  <escapedJava>false</escapedJava>
  <property name="testops-method-name">com.kms.katalon.core.mobile.keyword.builtin.TapKeyword.tap</property>
  <property name="testops-execution-stacktrace"></property>
</record>
<record>
  <date>2026-01-02T17:09:36</date>
  <millis>1767348576856</millis>
  <sequence>693</sequence>
  <level>END</level>
  <class>com.kms.katalon.core.logging.XmlKeywordLogger</class>
  <method>endKeyword</method>
  <thread>1</thread>
  <message>End action : tap(chkAgreement, 10)</message>
  <nestedLevel>1</nestedLevel>
  <escapedJava>false</escapedJava>
</record>
<record>
  <date>2026-01-02T17:09:36</date>
  <millis>1767348576856</millis>
  <sequence>694</sequence>
  <level>START</level>
  <class>com.kms.katalon.core.logging.XmlKeywordLogger</class>
  <method>startKeyword</method>
  <thread>1</thread>
  <message>Start action : waitForElementAttributeValue(btnMasuk, &amp;quot;enabled&amp;quot;, &amp;quot;true&amp;quot;, 10)</message>
  <nestedLevel>1</nestedLevel>
  <escapedJava>false</escapedJava>
  <property name="startLine">38</property>
  <property name="stepIndex">12</property>
</record>
<record>
  <date>2026-01-02T17:09:37</date>
  <millis>1767348577658</millis>
  <sequence>698</sequence>
  <level>PASSED</level>
  <class>com.kms.katalon.core.logging.XmlKeywordLogger</class>
  <method>logMessage</method>
  <thread>1</thread>
  <message>Object &amp;apos;Object Repository/btn-Masuk&amp;apos; has attribute &amp;apos;enabled&amp;apos; with value &amp;apos;true&amp;apos;</message>
  <nestedLevel>1</nestedLevel>
  <escapedJava>false</escapedJava>
  <property name="testops-method-name">com.kms.katalon.core.mobile.keyword.builtin.WaitForElementAttributeValueKeyword.waitForElementAttributeValue</property>
  <property name="testops-execution-stacktrace"></property>
</record>
<record>
  <date>2026-01-02T17:09:37</date>
  <millis>1767348577659</millis>
  <sequence>699</sequence>
  <level>END</level>
  <class>com.kms.katalon.core.logging.XmlKeywordLogger</class>
  <method>endKeyword</method>
  <thread>1</thread>
  <message>End action : waitForElementAttributeValue(btnMasuk, &amp;quot;enabled&amp;quot;, &amp;quot;true&amp;quot;, 10)</message>
  <nestedLevel>1</nestedLevel>
  <escapedJava>false</escapedJava>
</record>
<record>
  <date>2026-01-02T17:09:37</date>
  <millis>1767348577659</millis>
  <sequence>700</sequence>
  <level>START</level>
  <class>com.kms.katalon.core.logging.XmlKeywordLogger</class>
  <method>startKeyword</method>
  <thread>1</thread>
  <message>Start action : verifyElementAttributeValue(btnMasuk, &amp;quot;enabled&amp;quot;, &amp;quot;true&amp;quot;, 0)</message>
  <nestedLevel>1</nestedLevel>
  <escapedJava>false</escapedJava>
  <property name="startLine">44</property>
  <property name="stepIndex">13</property>
</record>
<record>
  <date>2026-01-02T17:09:37</date>
  <millis>1767348577666</millis>
  <sequence>704</sequence>
  <level>WARNING</level>
  <class>com.kms.katalon.core.logging.XmlKeywordLogger</class>
  <method>logMessage</method>
  <thread>1</thread>
  <message>Timeout &amp;apos;0&amp;apos; is invalid. Using default page load timeout: &amp;apos;30&amp;apos;</message>
  <nestedLevel>1</nestedLevel>
  <escapedJava>false</escapedJava>
</record>
<record>
  <date>2026-01-02T17:09:37</date>
  <millis>1767348577869</millis>
  <sequence>705</sequence>
  <level>PASSED</level>
  <class>com.kms.katalon.core.logging.XmlKeywordLogger</class>
  <method>logMessage</method>
  <thread>1</thread>
  <message>Object &amp;apos;Object Repository/btn-Masuk&amp;apos; has attribute &amp;apos;enabled&amp;apos; with value &amp;apos;true&amp;apos;</message>
  <nestedLevel>1</nestedLevel>
  <escapedJava>false</escapedJava>
  <property name="testops-is-assertion">true</property>
  <property name="testops-method-name">com.kms.katalon.core.mobile.keyword.builtin.VerifyElementAttributeValueKeyword.verifyElementAttributeValue</property>
  <property name="testops-execution-stacktrace"></property>
</record>
<record>
  <date>2026-01-02T17:09:37</date>
  <millis>1767348577869</millis>
  <sequence>706</sequence>
  <level>END</level>
  <class>com.kms.katalon.core.logging.XmlKeywordLogger</class>
  <method>endKeyword</method>
  <thread>1</thread>
  <message>End action : verifyElementAttributeValue(btnMasuk, &amp;quot;enabled&amp;quot;, &amp;quot;true&amp;quot;, 0)</message>
  <nestedLevel>1</nestedLevel>
  <escapedJava>false</escapedJava>
</record>
<record>
  <date>2026-01-02T17:09:37</date>
  <millis>1767348577869</millis>
  <sequence>707</sequence>
  <level>START</level>
  <class>com.kms.katalon.core.logging.XmlKeywordLogger</class>
  <method>startKeyword</method>
  <thread>1</thread>
  <message>Start action : tap(btnMasuk, 10)</message>
  <nestedLevel>1</nestedLevel>
  <escapedJava>false</escapedJava>
  <property name="startLine">50</property>
  <property name="stepIndex">14</property>
</record>
<record>
  <date>2026-01-02T17:09:38</date>
  <millis>1767348578071</millis>
  <sequence>710</sequence>
  <level>PASSED</level>
  <class>com.kms.katalon.core.logging.XmlKeywordLogger</class>
  <method>logMessage</method>
  <thread>1</thread>
  <message>Tapped on element &amp;apos;Object Repository/btn-Masuk&amp;apos;</message>
  <nestedLevel>1</nestedLevel>
  <escapedJava>false</escapedJava>
  <property name="testops-method-name">com.kms.katalon.core.mobile.keyword.builtin.TapKeyword.tap</property>
  <property name="testops-execution-stacktrace"></property>
</record>
<record>
  <date>2026-01-02T17:09:38</date>
  <millis>1767348578071</millis>
  <sequence>711</sequence>
  <level>END</level>
  <class>com.kms.katalon.core.logging.XmlKeywordLogger</class>
  <method>endKeyword</method>
  <thread>1</thread>
  <message>End action : tap(btnMasuk, 10)</message>
  <nestedLevel>1</nestedLevel>
  <escapedJava>false</escapedJava>
</record>
<record>
  <date>2026-01-02T17:09:38</date>
  <millis>1767348578071</millis>
  <sequence>712</sequence>
  <level>START</level>
  <class>com.kms.katalon.core.logging.XmlKeywordLogger</class>
  <method>startKeyword</method>
  <thread>1</thread>
  <message>Start action : closeApplication()</message>
  <nestedLevel>1</nestedLevel>
  <escapedJava>false</escapedJava>
  <property name="startLine">51</property>
  <property name="stepIndex">15</property>
</record>
<record>
  <date>2026-01-02T17:09:38</date>
  <millis>1767348578491</millis>
  <sequence>713</sequence>
  <level>PASSED</level>
  <class>com.kms.katalon.core.logging.XmlKeywordLogger</class>
  <method>logMessage</method>
  <thread>1</thread>
  <message>Close app successfully</message>
  <nestedLevel>1</nestedLevel>
  <escapedJava>false</escapedJava>
  <property name="testops-method-name">com.kms.katalon.core.mobile.keyword.builtin.CloseApplicationKeyword.closeApplication</property>
  <property name="testops-execution-stacktrace"></property>
</record>
<record>
  <date>2026-01-02T17:09:38</date>
  <millis>1767348578492</millis>
  <sequence>714</sequence>
  <level>END</level>
  <class>com.kms.katalon.core.logging.XmlKeywordLogger</class>
  <method>endKeyword</method>
  <thread>1</thread>
  <message>End action : closeApplication()</message>
  <nestedLevel>1</nestedLevel>
  <escapedJava>false</escapedJava>
</record>
<record>
  <date>2026-01-02T17:09:38</date>
  <millis>1767348578492</millis>
  <sequence>715</sequence>
  <level>PASSED</level>
  <class>com.kms.katalon.core.logging.XmlKeywordLogger</class>
  <method>logMessage</method>
  <thread>1</thread>
  <message>Test Cases/Login by WA</message>
  <nestedLevel>1</nestedLevel>
  <escapedJava>false</escapedJava>
</record>
<record>
  <date>2026-01-02T17:09:38</date>
  <millis>1767348578492</millis>
  <sequence>716</sequence>
  <level>END</level>
  <class>com.kms.katalon.core.logging.XmlKeywordLogger</class>
  <method>endTest</method>
  <thread>1</thread>
  <message>End Test Case : Test Cases/Login by WA</message>
  <nestedLevel>0</nestedLevel>
  <escapedJava>false</escapedJava>
  <property name="executionBindingVariables">[
  {
    &quot;displayReportName&quot;: &quot;wa&quot;,
    &quot;value&quot;: &quot;83812194&quot;,
    &quot;name&quot;: &quot;wa&quot;,
    &quot;masked&quot;: false
  }
]</property>
  <property name="applitools">false</property>
  <property name="keywordsUsage">{
  &quot;web_ui&quot;: false,
  &quot;web_service&quot;: false,
  &quot;cucumber&quot;: false,
  &quot;builtin&quot;: false,
  &quot;mobile&quot;: true,
  &quot;windows&quot;: false,
  &quot;testng&quot;: false
}</property>
</record>
<record>
  <date>2026-01-02T17:09:38</date>
  <millis>1767348578493</millis>
  <sequence>717</sequence>
  <level>START</level>
  <class>com.kms.katalon.core.logging.XmlKeywordLogger</class>
  <method>startKeyword</method>
  <thread>1</thread>
  <message>Start listener action : exportKatalonReports</message>
  <nestedLevel>0</nestedLevel>
  <escapedJava>false</escapedJava>
</record>
<record>
  <date>2026-01-02T17:09:38</date>
  <millis>1767348578705</millis>
  <sequence>1699</sequence>
  <level>INFO</level>
  <class>com.kms.katalon.core.logging.XmlKeywordLogger</class>
  <method>logMessage</method>
  <thread>1</thread>
  <message>Start generating HTML report folder at: C:\Users\ichsa\Katalon Studio\Labamu\Reports\20260102_170615\Login\20260102_170615...</message>
  <nestedLevel>0</nestedLevel>
  <escapedJava>false</escapedJava>
</record>
<record>
  <date>2026-01-02T17:09:38</date>
  <millis>1767348578751</millis>
  <sequence>1700</sequence>
  <level>INFO</level>
  <class>com.kms.katalon.core.logging.XmlKeywordLogger</class>
  <method>logMessage</method>
  <thread>1</thread>
  <message>HTML report generated</message>
  <nestedLevel>0</nestedLevel>
  <escapedJava>false</escapedJava>
</record>
<record>
  <date>2026-01-02T17:09:38</date>
  <millis>1767348578751</millis>
  <sequence>1701</sequence>
  <level>INFO</level>
  <class>com.kms.katalon.core.logging.XmlKeywordLogger</class>
  <method>logMessage</method>
  <thread>1</thread>
  <message>Start generating CSV report folder at: C:\Users\ichsa\Katalon Studio\Labamu\Reports\20260102_170615\Login\20260102_170615...</message>
  <nestedLevel>0</nestedLevel>
  <escapedJava>false</escapedJava>
</record>
<record>
  <date>2026-01-02T17:09:38</date>
  <millis>1767348578774</millis>
  <sequence>1702</sequence>
  <level>INFO</level>
  <class>com.kms.katalon.core.logging.XmlKeywordLogger</class>
  <method>logMessage</method>
  <thread>1</thread>
  <message>CSV report generated</message>
  <nestedLevel>0</nestedLevel>
  <escapedJava>false</escapedJava>
</record>
<record>
  <date>2026-01-02T17:09:39</date>
  <millis>1767348579206</millis>
  <sequence>1704</sequence>
  <level>END</level>
  <class>com.kms.katalon.core.logging.XmlKeywordLogger</class>
  <method>endKeyword</method>
  <thread>1</thread>
  <message>End listener action : exportKatalonReports</message>
  <nestedLevel>0</nestedLevel>
  <escapedJava>false</escapedJava>
</record>
<record>
  <date>2026-01-02T17:09:39</date>
  <millis>1767348579212</millis>
  <sequence>1705</sequence>
  <level>END</level>
  <class>com.kms.katalon.core.logging.XmlKeywordLogger</class>
  <method>endSuite</method>
  <thread>1</thread>
  <message>End Test Suite : Test Suites/Login</message>
  <nestedLevel>0</nestedLevel>
  <escapedJava>false</escapedJava>
</record>
</log>