<?xml version="1.0" encoding="UTF-8" standalone="no"?>
<!DOCTYPE log SYSTEM "logger.dtd">
<log>
<record>
  <date>2026-01-02T17:10:27</date>
  <millis>1767348627648</millis>
  <sequence>0</sequence>
  <level>START</level>
  <class>com.kms.katalon.core.logging.XmlKeywordLogger</class>
  <method>startSuite</method>
  <thread>1</thread>
  <message>Start Test Suite : Test Suites/Login</message>
  <nestedLevel>0</nestedLevel>
  <escapedJava>false</escapedJava>
  <property name="rerunTestFailImmediately">false</property>
  <property name="retryCount">0</property>
  <property name="name">Login</property>
  <property name="description"></property>
  <property name="id">Test Suites/Login</property>
</record>
<record>
  <date>2026-01-02T17:10:27</date>
  <millis>1767348627660</millis>
  <sequence>1</sequence>
  <level>RUN_DATA</level>
  <class>com.kms.katalon.core.logging.XmlKeywordLogger</class>
  <method>logMessage</method>
  <thread>1</thread>
  <message>hostName = ichsa - MSI</message>
  <nestedLevel>0</nestedLevel>
  <escapedJava>false</escapedJava>
  <property name="hostName">ichsa - MSI</property>
</record>
<record>
  <date>2026-01-02T17:10:27</date>
  <millis>1767348627660</millis>
  <sequence>2</sequence>
  <level>RUN_DATA</level>
  <class>com.kms.katalon.core.logging.XmlKeywordLogger</class>
  <method>logMessage</method>
  <thread>1</thread>
  <message>os = Windows 11 64bit</message>
  <nestedLevel>0</nestedLevel>
  <escapedJava>false</escapedJava>
  <property name="os">Windows 11 64bit</property>
</record>
<record>
  <date>2026-01-02T17:10:27</date>
  <millis>1767348627660</millis>
  <sequence>3</sequence>
  <level>RUN_DATA</level>
  <class>com.kms.katalon.core.logging.XmlKeywordLogger</class>
  <method>logMessage</method>
  <thread>1</thread>
  <message>hostAddress = 192.168.1.6</message>
  <nestedLevel>0</nestedLevel>
  <escapedJava>false</escapedJava>
  <property name="hostAddress">192.168.1.6</property>
</record>
<record>
  <date>2026-01-02T17:10:27</date>
  <millis>1767348627662</millis>
  <sequence>4</sequence>
  <level>RUN_DATA</level>
  <class>com.kms.katalon.core.logging.XmlKeywordLogger</class>
  <method>logMessage</method>
  <thread>1</thread>
  <message>katalonVersion = 8.6.9.208</message>
  <nestedLevel>0</nestedLevel>
  <escapedJava>false</escapedJava>
  <property name="katalonVersion">8.6.9.208</property>
</record>
<record>
  <date>2026-01-02T17:10:27</date>
  <millis>1767348627933</millis>
  <sequence>5</sequence>
  <level>START</level>
  <class>com.kms.katalon.core.logging.XmlKeywordLogger</class>
  <method>startTest</method>
  <thread>1</thread>
  <message>Start Test Case : Test Cases/Login by Email</message>
  <nestedLevel>1</nestedLevel>
  <escapedJava>false</escapedJava>
  <property name="name">Test Cases/Login by Email</property>
  <property name="description"></property>
  <property name="iteration"></property>
  <property name="id">Test Cases/Login by Email</property>
  <property name="source">C:\Users\ichsa\Katalon Studio\Labamu\Test Cases\Login by Email.tc</property>
  <property name="tag"></property>
  <property name="isOptional">false</property>
</record>
<record>
  <date>2026-01-02T17:10:27</date>
  <millis>1767348627947</millis>
  <sequence>7</sequence>
  <level>INFO</level>
  <class>com.kms.katalon.core.logging.XmlKeywordLogger</class>
  <method>logMessage</method>
  <thread>1</thread>
  <message>email = tester@gmail.com</message>
  <nestedLevel>1</nestedLevel>
  <escapedJava>false</escapedJava>
</record>
<record>
  <date>2026-01-02T17:10:28</date>
  <millis>1767348628266</millis>
  <sequence>8</sequence>
  <level>START</level>
  <class>com.kms.katalon.core.logging.XmlKeywordLogger</class>
  <method>startKeyword</method>
  <thread>1</thread>
  <message>Start action : startExistingApplication(&amp;quot;id.co.labamu.app&amp;quot;)</message>
  <nestedLevel>1</nestedLevel>
  <escapedJava>false</escapedJava>
  <property name="startLine">23</property>
  <property name="stepIndex">1</property>
</record>
<record>
  <date>2026-01-02T17:10:28</date>
  <millis>1767348628598</millis>
  <sequence>10</sequence>
  <level>INFO</level>
  <class>com.kms.katalon.core.logging.XmlKeywordLogger</class>
  <method>logMessage</method>
  <thread>1</thread>
  <message>Detected NodeJS location: &amp;quot;C:\Program Files\nodejs\node.exe&amp;quot;</message>
  <nestedLevel>1</nestedLevel>
  <escapedJava>false</escapedJava>
</record>
<record>
  <date>2026-01-02T17:10:29</date>
  <millis>1767348629738</millis>
  <sequence>11</sequence>
  <level>INFO</level>
  <class>com.kms.katalon.core.logging.XmlKeywordLogger</class>
  <method>logMessage</method>
  <thread>1</thread>
  <message>Appium server started on port 59,454</message>
  <nestedLevel>1</nestedLevel>
  <escapedJava>false</escapedJava>
</record>
<record>
  <date>2026-01-02T17:10:40</date>
  <millis>1767348640599</millis>
  <sequence>13</sequence>
  <level>RUN_DATA</level>
  <class>com.kms.katalon.core.logging.XmlKeywordLogger</class>
  <method>logMessage</method>
  <thread>1</thread>
  <message>appiumVersion = 1.22.3</message>
  <nestedLevel>1</nestedLevel>
  <escapedJava>false</escapedJava>
  <property name="appiumVersion">1.22.3</property>
</record>
<record>
  <date>2026-01-02T17:10:40</date>
  <millis>1767348640601</millis>
  <sequence>14</sequence>
  <level>RUN_DATA</level>
  <class>com.kms.katalon.core.logging.XmlKeywordLogger</class>
  <method>logMessage</method>
  <thread>1</thread>
  <message>appiumServerStatus = {&amp;quot;value&amp;quot;:{&amp;quot;build&amp;quot;:{&amp;quot;version&amp;quot;:&amp;quot;1.22.3&amp;quot;}},&amp;quot;sessionId&amp;quot;:null,&amp;quot;status&amp;quot;:0}</message>
  <nestedLevel>1</nestedLevel>
  <escapedJava>false</escapedJava>
  <property name="appiumServerStatus">{&quot;value&quot;:{&quot;build&quot;:{&quot;version&quot;:&quot;1.22.3&quot;}},&quot;sessionId&quot;:null,&quot;status&quot;:0}</property>
</record>
<record>
  <date>2026-01-02T17:10:40</date>
  <millis>1767348640611</millis>
  <sequence>15</sequence>
  <level>RUN_DATA</level>
  <class>com.kms.katalon.core.logging.XmlKeywordLogger</class>
  <method>logMessage</method>
  <thread>1</thread>
  <message>deviceId = RR8R5017EJV</message>
  <nestedLevel>1</nestedLevel>
  <escapedJava>false</escapedJava>
  <property name="deviceId">RR8R5017EJV</property>
</record>
<record>
  <date>2026-01-02T17:10:40</date>
  <millis>1767348640612</millis>
  <sequence>16</sequence>
  <level>RUN_DATA</level>
  <class>com.kms.katalon.core.logging.XmlKeywordLogger</class>
  <method>logMessage</method>
  <thread>1</thread>
  <message>deviceName = samsung SM-A125F (Android 12)</message>
  <nestedLevel>1</nestedLevel>
  <escapedJava>false</escapedJava>
  <property name="deviceName">samsung SM-A125F (Android 12)</property>
</record>
<record>
  <date>2026-01-02T17:10:40</date>
  <millis>1767348640612</millis>
  <sequence>17</sequence>
  <level>RUN_DATA</level>
  <class>com.kms.katalon.core.logging.XmlKeywordLogger</class>
  <method>logMessage</method>
  <thread>1</thread>
  <message>deviceModel = SM-A125F</message>
  <nestedLevel>1</nestedLevel>
  <escapedJava>false</escapedJava>
  <property name="deviceModel">SM-A125F</property>
</record>
<record>
  <date>2026-01-02T17:10:40</date>
  <millis>1767348640613</millis>
  <sequence>18</sequence>
  <level>RUN_DATA</level>
  <class>com.kms.katalon.core.logging.XmlKeywordLogger</class>
  <method>logMessage</method>
  <thread>1</thread>
  <message>deviceManufacturer = samsung</message>
  <nestedLevel>1</nestedLevel>
  <escapedJava>false</escapedJava>
  <property name="deviceManufacturer">samsung</property>
</record>
<record>
  <date>2026-01-02T17:10:40</date>
  <millis>1767348640613</millis>
  <sequence>19</sequence>
  <level>RUN_DATA</level>
  <class>com.kms.katalon.core.logging.XmlKeywordLogger</class>
  <method>logMessage</method>
  <thread>1</thread>
  <message>deviceOS = Android</message>
  <nestedLevel>1</nestedLevel>
  <escapedJava>false</escapedJava>
  <property name="deviceOS">Android</property>
</record>
<record>
  <date>2026-01-02T17:10:40</date>
  <millis>1767348640613</millis>
  <sequence>20</sequence>
  <level>RUN_DATA</level>
  <class>com.kms.katalon.core.logging.XmlKeywordLogger</class>
  <method>logMessage</method>
  <thread>1</thread>
  <message>deviceOSVersion = 12</message>
  <nestedLevel>1</nestedLevel>
  <escapedJava>false</escapedJava>
  <property name="deviceOSVersion">12</property>
</record>
<record>
  <date>2026-01-02T17:10:42</date>
  <millis>1767348642540</millis>
  <sequence>22</sequence>
  <level>PASSED</level>
  <class>com.kms.katalon.core.logging.XmlKeywordLogger</class>
  <method>logMessage</method>
  <thread>1</thread>
  <message>Starting app with application ID: &amp;apos;id.co.labamu.app&amp;apos;</message>
  <nestedLevel>1</nestedLevel>
  <escapedJava>false</escapedJava>
  <property name="testops-method-name">com.kms.katalon.core.mobile.keyword.internal.MobileKeywordMain$runKeyword.call</property>
  <property name="testops-execution-stacktrace">com.kms.katalon.core.logging.KeywordLogger.logPassed(KeywordLogger.java:340)
com.kms.katalon.core.logging.KeywordLogger.logPassed(KeywordLogger.java:334)
com.kms.katalon.core.logging.KeywordLogger$logPassed$1.call(Unknown Source)
com.kms.katalon.core.mobile.keyword.builtin.StartExistingApplicationKeyword$_startApplication_closure1.doCall(StartExistingApplicationKeyword.groovy:51)
com.kms.katalon.core.mobile.keyword.builtin.StartExistingApplicationKeyword$_startApplication_closure1.doCall(StartExistingApplicationKeyword.groovy)
com.kms.katalon.core.mobile.keyword.internal.MobileKeywordMain.runKeyword(MobileKeywordMain.groovy:21)
com.kms.katalon.core.mobile.keyword.internal.MobileKeywordMain$runKeyword.call(Unknown Source)
com.kms.katalon.core.mobile.keyword.builtin.StartExistingApplicationKeyword.startApplication(StartExistingApplicationKeyword.groovy:52)
com.kms.katalon.core.mobile.keyword.builtin.StartExistingApplicationKeyword.execute(StartExistingApplicationKeyword.groovy:37)
com.kms.katalon.core.keyword.internal.KeywordExecutor.executeKeywordForPlatform(KeywordExecutor.groovy:74)
com.kms.katalon.core.mobile.keyword.MobileBuiltInKeywords.startExistingApplication(MobileBuiltInKeywords.groovy:92)
com.kms.katalon.core.mobile.keyword.MobileBuiltInKeywords$startExistingApplication.call(Unknown Source)
Login by Email.run(Login by Email:23)
</property>
</record>
<record>
  <date>2026-01-02T17:10:42</date>
  <millis>1767348642541</millis>
  <sequence>23</sequence>
  <level>END</level>
  <class>com.kms.katalon.core.logging.XmlKeywordLogger</class>
  <method>endKeyword</method>
  <thread>1</thread>
  <message>End action : startExistingApplication(&amp;quot;id.co.labamu.app&amp;quot;)</message>
  <nestedLevel>1</nestedLevel>
  <escapedJava>false</escapedJava>
</record>
<record>
  <date>2026-01-02T17:10:42</date>
  <millis>1767348642541</millis>
  <sequence>24</sequence>
  <level>START</level>
  <class>com.kms.katalon.core.logging.XmlKeywordLogger</class>
  <method>startKeyword</method>
  <thread>1</thread>
  <message>Start action : widget = findTestObject(&amp;quot;Object Repository/btn-Widget-While&amp;quot;)</message>
  <nestedLevel>1</nestedLevel>
  <escapedJava>false</escapedJava>
  <property name="startLine">24</property>
  <property name="stepIndex">2</property>
</record>
<record>
  <date>2026-01-02T17:10:42</date>
  <millis>1767348642598</millis>
  <sequence>26</sequence>
  <level>END</level>
  <class>com.kms.katalon.core.logging.XmlKeywordLogger</class>
  <method>endKeyword</method>
  <thread>1</thread>
  <message>End action : widget = findTestObject(&amp;quot;Object Repository/btn-Widget-While&amp;quot;)</message>
  <nestedLevel>1</nestedLevel>
  <escapedJava>false</escapedJava>
</record>
<record>
  <date>2026-01-02T17:10:42</date>
  <millis>1767348642599</millis>
  <sequence>27</sequence>
  <level>START</level>
  <class>com.kms.katalon.core.logging.XmlKeywordLogger</class>
  <method>startKeyword</method>
  <thread>1</thread>
  <message>Start action : if (waitForElementPresent(widget, 5))</message>
  <nestedLevel>1</nestedLevel>
  <escapedJava>false</escapedJava>
  <property name="startLine">25</property>
  <property name="stepIndex">3</property>
</record>
<record>
  <date>2026-01-02T17:10:47</date>
  <millis>1767348647751</millis>
  <sequence>30</sequence>
  <level>WARNING</level>
  <class>com.kms.katalon.core.logging.XmlKeywordLogger</class>
  <method>logMessage</method>
  <thread>1</thread>
  <message>Object Object Repository/btn-Widget-While not found</message>
  <nestedLevel>1</nestedLevel>
  <escapedJava>false</escapedJava>
</record>
<record>
  <date>2026-01-02T17:10:47</date>
  <millis>1767348647751</millis>
  <sequence>31</sequence>
  <level>END</level>
  <class>com.kms.katalon.core.logging.XmlKeywordLogger</class>
  <method>endKeyword</method>
  <thread>1</thread>
  <message>End action : if (waitForElementPresent(widget, 5))</message>
  <nestedLevel>1</nestedLevel>
  <escapedJava>false</escapedJava>
</record>
<record>
  <date>2026-01-02T17:10:47</date>
  <millis>1767348647751</millis>
  <sequence>32</sequence>
  <level>START</level>
  <class>com.kms.katalon.core.logging.XmlKeywordLogger</class>
  <method>startKeyword</method>
  <thread>1</thread>
  <message>Start action : else</message>
  <nestedLevel>1</nestedLevel>
  <escapedJava>false</escapedJava>
  <property name="startLine">28</property>
  <property name="stepIndex">4</property>
</record>
<record>
  <date>2026-01-02T17:10:47</date>
  <millis>1767348647752</millis>
  <sequence>33</sequence>
  <level>START</level>
  <class>com.kms.katalon.core.logging.XmlKeywordLogger</class>
  <method>startKeyword</method>
  <thread>1</thread>
  <message>Start action : println(&amp;quot;Widget tidak muncul, lanjut step berikutnya&amp;quot;)</message>
  <nestedLevel>2</nestedLevel>
  <escapedJava>false</escapedJava>
  <property name="startLine">29</property>
  <property name="stepIndex">1</property>
</record>
<record>
  <date>2026-01-02T17:10:47</date>
  <millis>1767348647753</millis>
  <sequence>34</sequence>
  <level>END</level>
  <class>com.kms.katalon.core.logging.XmlKeywordLogger</class>
  <method>endKeyword</method>
  <thread>1</thread>
  <message>End action : println(&amp;quot;Widget tidak muncul, lanjut step berikutnya&amp;quot;)</message>
  <nestedLevel>2</nestedLevel>
  <escapedJava>false</escapedJava>
</record>
<record>
  <date>2026-01-02T17:10:47</date>
  <millis>1767348647753</millis>
  <sequence>35</sequence>
  <level>END</level>
  <class>com.kms.katalon.core.logging.XmlKeywordLogger</class>
  <method>endKeyword</method>
  <thread>1</thread>
  <message>End action : else</message>
  <nestedLevel>1</nestedLevel>
  <escapedJava>false</escapedJava>
</record>
<record>
  <date>2026-01-02T17:10:47</date>
  <millis>1767348647753</millis>
  <sequence>36</sequence>
  <level>START</level>
  <class>com.kms.katalon.core.logging.XmlKeywordLogger</class>
  <method>startKeyword</method>
  <thread>1</thread>
  <message>Start action : btnEmailOption = findTestObject(&amp;quot;Object Repository/btn-text-Email-Option&amp;quot;)</message>
  <nestedLevel>1</nestedLevel>
  <escapedJava>false</escapedJava>
  <property name="startLine">31</property>
  <property name="stepIndex">5</property>
</record>
<record>
  <date>2026-01-02T17:10:47</date>
  <millis>1767348647793</millis>
  <sequence>38</sequence>
  <level>END</level>
  <class>com.kms.katalon.core.logging.XmlKeywordLogger</class>
  <method>endKeyword</method>
  <thread>1</thread>
  <message>End action : btnEmailOption = findTestObject(&amp;quot;Object Repository/btn-text-Email-Option&amp;quot;)</message>
  <nestedLevel>1</nestedLevel>
  <escapedJava>false</escapedJava>
</record>
<record>
  <date>2026-01-02T17:10:47</date>
  <millis>1767348647793</millis>
  <sequence>39</sequence>
  <level>START</level>
  <class>com.kms.katalon.core.logging.XmlKeywordLogger</class>
  <method>startKeyword</method>
  <thread>1</thread>
  <message>Start action : inputEmail = findTestObject(&amp;quot;Object Repository/edt-Input-Email&amp;quot;)</message>
  <nestedLevel>1</nestedLevel>
  <escapedJava>false</escapedJava>
  <property name="startLine">32</property>
  <property name="stepIndex">6</property>
</record>
<record>
  <date>2026-01-02T17:10:47</date>
  <millis>1767348647835</millis>
  <sequence>41</sequence>
  <level>END</level>
  <class>com.kms.katalon.core.logging.XmlKeywordLogger</class>
  <method>endKeyword</method>
  <thread>1</thread>
  <message>End action : inputEmail = findTestObject(&amp;quot;Object Repository/edt-Input-Email&amp;quot;)</message>
  <nestedLevel>1</nestedLevel>
  <escapedJava>false</escapedJava>
</record>
<record>
  <date>2026-01-02T17:10:47</date>
  <millis>1767348647835</millis>
  <sequence>42</sequence>
  <level>START</level>
  <class>com.kms.katalon.core.logging.XmlKeywordLogger</class>
  <method>startKeyword</method>
  <thread>1</thread>
  <message>Start action : chkAgreement = findTestObject(&amp;quot;Object Repository/btn-CheckBox&amp;quot;)</message>
  <nestedLevel>1</nestedLevel>
  <escapedJava>false</escapedJava>
  <property name="startLine">33</property>
  <property name="stepIndex">7</property>
</record>
<record>
  <date>2026-01-02T17:10:47</date>
  <millis>1767348647879</millis>
  <sequence>44</sequence>
  <level>END</level>
  <class>com.kms.katalon.core.logging.XmlKeywordLogger</class>
  <method>endKeyword</method>
  <thread>1</thread>
  <message>End action : chkAgreement = findTestObject(&amp;quot;Object Repository/btn-CheckBox&amp;quot;)</message>
  <nestedLevel>1</nestedLevel>
  <escapedJava>false</escapedJava>
</record>
<record>
  <date>2026-01-02T17:10:47</date>
  <millis>1767348647879</millis>
  <sequence>45</sequence>
  <level>START</level>
  <class>com.kms.katalon.core.logging.XmlKeywordLogger</class>
  <method>startKeyword</method>
  <thread>1</thread>
  <message>Start action : btnMasuk = findTestObject(&amp;quot;Object Repository/btn-Masuk&amp;quot;)</message>
  <nestedLevel>1</nestedLevel>
  <escapedJava>false</escapedJava>
  <property name="startLine">34</property>
  <property name="stepIndex">8</property>
</record>
<record>
  <date>2026-01-02T17:10:47</date>
  <millis>1767348647918</millis>
  <sequence>47</sequence>
  <level>END</level>
  <class>com.kms.katalon.core.logging.XmlKeywordLogger</class>
  <method>endKeyword</method>
  <thread>1</thread>
  <message>End action : btnMasuk = findTestObject(&amp;quot;Object Repository/btn-Masuk&amp;quot;)</message>
  <nestedLevel>1</nestedLevel>
  <escapedJava>false</escapedJava>
</record>
<record>
  <date>2026-01-02T17:10:47</date>
  <millis>1767348647918</millis>
  <sequence>48</sequence>
  <level>START</level>
  <class>com.kms.katalon.core.logging.XmlKeywordLogger</class>
  <method>startKeyword</method>
  <thread>1</thread>
  <message>Start action : waitForElementPresent(btnEmailOption, 10)</message>
  <nestedLevel>1</nestedLevel>
  <escapedJava>false</escapedJava>
  <property name="startLine">35</property>
  <property name="stepIndex">9</property>
</record>
<record>
  <date>2026-01-02T17:10:48</date>
  <millis>1767348648264</millis>
  <sequence>51</sequence>
  <level>PASSED</level>
  <class>com.kms.katalon.core.logging.XmlKeywordLogger</class>
  <method>logMessage</method>
  <thread>1</thread>
  <message>Element &amp;apos;Object Repository/btn-text-Email-Option&amp;apos; is present</message>
  <nestedLevel>1</nestedLevel>
  <escapedJava>false</escapedJava>
  <property name="testops-method-name">com.kms.katalon.core.mobile.keyword.builtin.WaitForElementPresentKeyword.waitForElementPresent</property>
  <property name="testops-execution-stacktrace"></property>
</record>
<record>
  <date>2026-01-02T17:10:48</date>
  <millis>1767348648264</millis>
  <sequence>52</sequence>
  <level>END</level>
  <class>com.kms.katalon.core.logging.XmlKeywordLogger</class>
  <method>endKeyword</method>
  <thread>1</thread>
  <message>End action : waitForElementPresent(btnEmailOption, 10)</message>
  <nestedLevel>1</nestedLevel>
  <escapedJava>false</escapedJava>
</record>
<record>
  <date>2026-01-02T17:10:48</date>
  <millis>1767348648264</millis>
  <sequence>53</sequence>
  <level>START</level>
  <class>com.kms.katalon.core.logging.XmlKeywordLogger</class>
  <method>startKeyword</method>
  <thread>1</thread>
  <message>Start action : tap(btnEmailOption, 10)</message>
  <nestedLevel>1</nestedLevel>
  <escapedJava>false</escapedJava>
  <property name="startLine">36</property>
  <property name="stepIndex">10</property>
</record>
<record>
  <date>2026-01-02T17:10:48</date>
  <millis>1767348648637</millis>
  <sequence>56</sequence>
  <level>PASSED</level>
  <class>com.kms.katalon.core.logging.XmlKeywordLogger</class>
  <method>logMessage</method>
  <thread>1</thread>
  <message>Tapped on element &amp;apos;Object Repository/btn-text-Email-Option&amp;apos;</message>
  <nestedLevel>1</nestedLevel>
  <escapedJava>false</escapedJava>
  <property name="testops-method-name">com.kms.katalon.core.mobile.keyword.builtin.TapKeyword.tap</property>
  <property name="testops-execution-stacktrace"></property>
</record>
<record>
  <date>2026-01-02T17:10:48</date>
  <millis>1767348648638</millis>
  <sequence>57</sequence>
  <level>END</level>
  <class>com.kms.katalon.core.logging.XmlKeywordLogger</class>
  <method>endKeyword</method>
  <thread>1</thread>
  <message>End action : tap(btnEmailOption, 10)</message>
  <nestedLevel>1</nestedLevel>
  <escapedJava>false</escapedJava>
</record>
<record>
  <date>2026-01-02T17:10:48</date>
  <millis>1767348648638</millis>
  <sequence>58</sequence>
  <level>START</level>
  <class>com.kms.katalon.core.logging.XmlKeywordLogger</class>
  <method>startKeyword</method>
  <thread>1</thread>
  <message>Start action : waitForElementPresent(inputEmail, 10)</message>
  <nestedLevel>1</nestedLevel>
  <escapedJava>false</escapedJava>
  <property name="startLine">37</property>
  <property name="stepIndex">11</property>
</record>
<record>
  <date>2026-01-02T17:10:49</date>
  <millis>1767348649345</millis>
  <sequence>61</sequence>
  <level>PASSED</level>
  <class>com.kms.katalon.core.logging.XmlKeywordLogger</class>
  <method>logMessage</method>
  <thread>1</thread>
  <message>Element &amp;apos;Object Repository/edt-Input-Email&amp;apos; is present</message>
  <nestedLevel>1</nestedLevel>
  <escapedJava>false</escapedJava>
  <property name="testops-method-name">com.kms.katalon.core.mobile.keyword.builtin.WaitForElementPresentKeyword.waitForElementPresent</property>
  <property name="testops-execution-stacktrace"></property>
</record>
<record>
  <date>2026-01-02T17:10:49</date>
  <millis>1767348649346</millis>
  <sequence>62</sequence>
  <level>END</level>
  <class>com.kms.katalon.core.logging.XmlKeywordLogger</class>
  <method>endKeyword</method>
  <thread>1</thread>
  <message>End action : waitForElementPresent(inputEmail, 10)</message>
  <nestedLevel>1</nestedLevel>
  <escapedJava>false</escapedJava>
</record>
<record>
  <date>2026-01-02T17:10:49</date>
  <millis>1767348649346</millis>
  <sequence>63</sequence>
  <level>START</level>
  <class>com.kms.katalon.core.logging.XmlKeywordLogger</class>
  <method>startKeyword</method>
  <thread>1</thread>
  <message>Start action : tap(inputEmail, 10)</message>
  <nestedLevel>1</nestedLevel>
  <escapedJava>false</escapedJava>
  <property name="startLine">38</property>
  <property name="stepIndex">12</property>
</record>
<record>
  <date>2026-01-02T17:10:49</date>
  <millis>1767348649667</millis>
  <sequence>66</sequence>
  <level>PASSED</level>
  <class>com.kms.katalon.core.logging.XmlKeywordLogger</class>
  <method>logMessage</method>
  <thread>1</thread>
  <message>Tapped on element &amp;apos;Object Repository/edt-Input-Email&amp;apos;</message>
  <nestedLevel>1</nestedLevel>
  <escapedJava>false</escapedJava>
  <property name="testops-method-name">com.kms.katalon.core.mobile.keyword.builtin.TapKeyword.tap</property>
  <property name="testops-execution-stacktrace"></property>
</record>
<record>
  <date>2026-01-02T17:10:49</date>
  <millis>1767348649668</millis>
  <sequence>67</sequence>
  <level>END</level>
  <class>com.kms.katalon.core.logging.XmlKeywordLogger</class>
  <method>endKeyword</method>
  <thread>1</thread>
  <message>End action : tap(inputEmail, 10)</message>
  <nestedLevel>1</nestedLevel>
  <escapedJava>false</escapedJava>
</record>
<record>
  <date>2026-01-02T17:10:49</date>
  <millis>1767348649668</millis>
  <sequence>68</sequence>
  <level>START</level>
  <class>com.kms.katalon.core.logging.XmlKeywordLogger</class>
  <method>startKeyword</method>
  <thread>1</thread>
  <message>Start action : setText(inputEmail, email, 10)</message>
  <nestedLevel>1</nestedLevel>
  <escapedJava>false</escapedJava>
  <property name="startLine">39</property>
  <property name="stepIndex">13</property>
</record>
<record>
  <date>2026-01-02T17:10:51</date>
  <millis>1767348651604</millis>
  <sequence>71</sequence>
  <level>PASSED</level>
  <class>com.kms.katalon.core.logging.XmlKeywordLogger</class>
  <method>logMessage</method>
  <thread>1</thread>
  <message>Text &amp;apos;tester@gmail.com&amp;apos; has been set to element &amp;apos;Object Repository/edt-Input-Email&amp;apos;</message>
  <nestedLevel>1</nestedLevel>
  <escapedJava>false</escapedJava>
  <property name="testops-method-name">com.kms.katalon.core.mobile.keyword.builtin.SetTextKeyword.setText</property>
  <property name="testops-execution-stacktrace"></property>
</record>
<record>
  <date>2026-01-02T17:10:51</date>
  <millis>1767348651605</millis>
  <sequence>72</sequence>
  <level>END</level>
  <class>com.kms.katalon.core.logging.XmlKeywordLogger</class>
  <method>endKeyword</method>
  <thread>1</thread>
  <message>End action : setText(inputEmail, email, 10)</message>
  <nestedLevel>1</nestedLevel>
  <escapedJava>false</escapedJava>
</record>
<record>
  <date>2026-01-02T17:10:51</date>
  <millis>1767348651605</millis>
  <sequence>73</sequence>
  <level>START</level>
  <class>com.kms.katalon.core.logging.XmlKeywordLogger</class>
  <method>startKeyword</method>
  <thread>1</thread>
  <message>Start action : tap(chkAgreement, 10)</message>
  <nestedLevel>1</nestedLevel>
  <escapedJava>false</escapedJava>
  <property name="startLine">40</property>
  <property name="stepIndex">14</property>
</record>
<record>
  <date>2026-01-02T17:10:52</date>
  <millis>1767348652410</millis>
  <sequence>76</sequence>
  <level>PASSED</level>
  <class>com.kms.katalon.core.logging.XmlKeywordLogger</class>
  <method>logMessage</method>
  <thread>1</thread>
  <message>Tapped on element &amp;apos;Object Repository/btn-CheckBox&amp;apos;</message>
  <nestedLevel>1</nestedLevel>
  <escapedJava>false</escapedJava>
  <property name="testops-method-name">com.kms.katalon.core.mobile.keyword.builtin.TapKeyword.tap</property>
  <property name="testops-execution-stacktrace"></property>
</record>
<record>
  <date>2026-01-02T17:10:52</date>
  <millis>1767348652410</millis>
  <sequence>77</sequence>
  <level>END</level>
  <class>com.kms.katalon.core.logging.XmlKeywordLogger</class>
  <method>endKeyword</method>
  <thread>1</thread>
  <message>End action : tap(chkAgreement, 10)</message>
  <nestedLevel>1</nestedLevel>
  <escapedJava>false</escapedJava>
</record>
<record>
  <date>2026-01-02T17:10:52</date>
  <millis>1767348652410</millis>
  <sequence>78</sequence>
  <level>START</level>
  <class>com.kms.katalon.core.logging.XmlKeywordLogger</class>
  <method>startKeyword</method>
  <thread>1</thread>
  <message>Start action : waitForElementAttributeValue(btnMasuk, &amp;quot;enabled&amp;quot;, &amp;quot;true&amp;quot;, 10)</message>
  <nestedLevel>1</nestedLevel>
  <escapedJava>false</escapedJava>
  <property name="startLine">41</property>
  <property name="stepIndex">15</property>
</record>
<record>
  <date>2026-01-02T17:10:53</date>
  <millis>1767348653243</millis>
  <sequence>82</sequence>
  <level>PASSED</level>
  <class>com.kms.katalon.core.logging.XmlKeywordLogger</class>
  <method>logMessage</method>
  <thread>1</thread>
  <message>Object &amp;apos;Object Repository/btn-Masuk&amp;apos; has attribute &amp;apos;enabled&amp;apos; with value &amp;apos;true&amp;apos;</message>
  <nestedLevel>1</nestedLevel>
  <escapedJava>false</escapedJava>
  <property name="testops-method-name">com.kms.katalon.core.mobile.keyword.builtin.WaitForElementAttributeValueKeyword.waitForElementAttributeValue</property>
  <property name="testops-execution-stacktrace"></property>
</record>
<record>
  <date>2026-01-02T17:10:53</date>
  <millis>1767348653244</millis>
  <sequence>83</sequence>
  <level>END</level>
  <class>com.kms.katalon.core.logging.XmlKeywordLogger</class>
  <method>endKeyword</method>
  <thread>1</thread>
  <message>End action : waitForElementAttributeValue(btnMasuk, &amp;quot;enabled&amp;quot;, &amp;quot;true&amp;quot;, 10)</message>
  <nestedLevel>1</nestedLevel>
  <escapedJava>false</escapedJava>
</record>
<record>
  <date>2026-01-02T17:10:53</date>
  <millis>1767348653246</millis>
  <sequence>84</sequence>
  <level>START</level>
  <class>com.kms.katalon.core.logging.XmlKeywordLogger</class>
  <method>startKeyword</method>
  <thread>1</thread>
  <message>Start action : verifyElementAttributeValue(btnMasuk, &amp;quot;enabled&amp;quot;, &amp;quot;true&amp;quot;, 10)</message>
  <nestedLevel>1</nestedLevel>
  <escapedJava>false</escapedJava>
  <property name="startLine">47</property>
  <property name="stepIndex">16</property>
</record>
<record>
  <date>2026-01-02T17:10:53</date>
  <millis>1767348653476</millis>
  <sequence>88</sequence>
  <level>PASSED</level>
  <class>com.kms.katalon.core.logging.XmlKeywordLogger</class>
  <method>logMessage</method>
  <thread>1</thread>
  <message>Object &amp;apos;Object Repository/btn-Masuk&amp;apos; has attribute &amp;apos;enabled&amp;apos; with value &amp;apos;true&amp;apos;</message>
  <nestedLevel>1</nestedLevel>
  <escapedJava>false</escapedJava>
  <property name="testops-is-assertion">true</property>
  <property name="testops-method-name">com.kms.katalon.core.mobile.keyword.builtin.VerifyElementAttributeValueKeyword.verifyElementAttributeValue</property>
  <property name="testops-execution-stacktrace"></property>
</record>
<record>
  <date>2026-01-02T17:10:53</date>
  <millis>1767348653477</millis>
  <sequence>89</sequence>
  <level>END</level>
  <class>com.kms.katalon.core.logging.XmlKeywordLogger</class>
  <method>endKeyword</method>
  <thread>1</thread>
  <message>End action : verifyElementAttributeValue(btnMasuk, &amp;quot;enabled&amp;quot;, &amp;quot;true&amp;quot;, 10)</message>
  <nestedLevel>1</nestedLevel>
  <escapedJava>false</escapedJava>
</record>
<record>
  <date>2026-01-02T17:10:53</date>
  <millis>1767348653477</millis>
  <sequence>90</sequence>
  <level>START</level>
  <class>com.kms.katalon.core.logging.XmlKeywordLogger</class>
  <method>startKeyword</method>
  <thread>1</thread>
  <message>Start action : tap(btnMasuk, 10)</message>
  <nestedLevel>1</nestedLevel>
  <escapedJava>false</escapedJava>
  <property name="startLine">53</property>
  <property name="stepIndex">17</property>
</record>
<record>
  <date>2026-01-02T17:10:53</date>
  <millis>1767348653743</millis>
  <sequence>93</sequence>
  <level>PASSED</level>
  <class>com.kms.katalon.core.logging.XmlKeywordLogger</class>
  <method>logMessage</method>
  <thread>1</thread>
  <message>Tapped on element &amp;apos;Object Repository/btn-Masuk&amp;apos;</message>
  <nestedLevel>1</nestedLevel>
  <escapedJava>false</escapedJava>
  <property name="testops-method-name">com.kms.katalon.core.mobile.keyword.builtin.TapKeyword.tap</property>
  <property name="testops-execution-stacktrace"></property>
</record>
<record>
  <date>2026-01-02T17:10:53</date>
  <millis>1767348653744</millis>
  <sequence>94</sequence>
  <level>END</level>
  <class>com.kms.katalon.core.logging.XmlKeywordLogger</class>
  <method>endKeyword</method>
  <thread>1</thread>
  <message>End action : tap(btnMasuk, 10)</message>
  <nestedLevel>1</nestedLevel>
  <escapedJava>false</escapedJava>
</record>
<record>
  <date>2026-01-02T17:10:53</date>
  <millis>1767348653744</millis>
  <sequence>95</sequence>
  <level>START</level>
  <class>com.kms.katalon.core.logging.XmlKeywordLogger</class>
  <method>startKeyword</method>
  <thread>1</thread>
  <message>Start action : closeApplication()</message>
  <nestedLevel>1</nestedLevel>
  <escapedJava>false</escapedJava>
  <property name="startLine">54</property>
  <property name="stepIndex">18</property>
</record>
<record>
  <date>2026-01-02T17:10:54</date>
  <millis>1767348654242</millis>
  <sequence>96</sequence>
  <level>PASSED</level>
  <class>com.kms.katalon.core.logging.XmlKeywordLogger</class>
  <method>logMessage</method>
  <thread>1</thread>
  <message>Close app successfully</message>
  <nestedLevel>1</nestedLevel>
  <escapedJava>false</escapedJava>
  <property name="testops-method-name">com.kms.katalon.core.mobile.keyword.builtin.CloseApplicationKeyword.closeApplication</property>
  <property name="testops-execution-stacktrace"></property>
</record>
<record>
  <date>2026-01-02T17:10:54</date>
  <millis>1767348654242</millis>
  <sequence>97</sequence>
  <level>END</level>
  <class>com.kms.katalon.core.logging.XmlKeywordLogger</class>
  <method>endKeyword</method>
  <thread>1</thread>
  <message>End action : closeApplication()</message>
  <nestedLevel>1</nestedLevel>
  <escapedJava>false</escapedJava>
</record>
<record>
  <date>2026-01-02T17:10:54</date>
  <millis>1767348654243</millis>
  <sequence>98</sequence>
  <level>PASSED</level>
  <class>com.kms.katalon.core.logging.XmlKeywordLogger</class>
  <method>logMessage</method>
  <thread>1</thread>
  <message>Test Cases/Login by Email</message>
  <nestedLevel>1</nestedLevel>
  <escapedJava>false</escapedJava>
</record>
<record>
  <date>2026-01-02T17:10:54</date>
  <millis>1767348654244</millis>
  <sequence>99</sequence>
  <level>END</level>
  <class>com.kms.katalon.core.logging.XmlKeywordLogger</class>
  <method>endTest</method>
  <thread>1</thread>
  <message>End Test Case : Test Cases/Login by Email</message>
  <nestedLevel>0</nestedLevel>
  <escapedJava>false</escapedJava>
  <property name="executionBindingVariables">[
  {
    &quot;displayReportName&quot;: &quot;email&quot;,
    &quot;value&quot;: &quot;tester@gmail.com&quot;,
    &quot;name&quot;: &quot;email&quot;,
    &quot;masked&quot;: false
  }
]</property>
  <property name="applitools">false</property>
  <property name="keywordsUsage">{
  &quot;web_ui&quot;: false,
  &quot;web_service&quot;: false,
  &quot;cucumber&quot;: false,
  &quot;builtin&quot;: false,
  &quot;mobile&quot;: true,
  &quot;windows&quot;: false,
  &quot;testng&quot;: false
}</property>
</record>
<record>
  <date>2026-01-02T17:10:54</date>
  <millis>1767348654260</millis>
  <sequence>100</sequence>
  <level>START</level>
  <class>com.kms.katalon.core.logging.XmlKeywordLogger</class>
  <method>startTest</method>
  <thread>1</thread>
  <message>Start Test Case : Test Cases/Login by Email</message>
  <nestedLevel>1</nestedLevel>
  <escapedJava>false</escapedJava>
  <property name="name">Test Cases/Login by Email</property>
  <property name="description"></property>
  <property name="iteration"></property>
  <property name="id">Test Cases/Login by Email</property>
  <property name="source">C:\Users\ichsa\Katalon Studio\Labamu\Test Cases\Login by Email.tc</property>
  <property name="tag"></property>
  <property name="isOptional">false</property>
</record>
<record>
  <date>2026-01-02T17:10:54</date>
  <millis>1767348654263</millis>
  <sequence>102</sequence>
  <level>INFO</level>
  <class>com.kms.katalon.core.logging.XmlKeywordLogger</class>
  <method>logMessage</method>
  <thread>1</thread>
  <message>email = test@gmail.com</message>
  <nestedLevel>1</nestedLevel>
  <escapedJava>false</escapedJava>
</record>
<record>
  <date>2026-01-02T17:10:54</date>
  <millis>1767348654266</millis>
  <sequence>103</sequence>
  <level>START</level>
  <class>com.kms.katalon.core.logging.XmlKeywordLogger</class>
  <method>startKeyword</method>
  <thread>1</thread>
  <message>Start action : startExistingApplication(&amp;quot;id.co.labamu.app&amp;quot;)</message>
  <nestedLevel>1</nestedLevel>
  <escapedJava>false</escapedJava>
  <property name="startLine">23</property>
  <property name="stepIndex">1</property>
</record>
<record>
  <date>2026-01-02T17:10:54</date>
  <millis>1767348654344</millis>
  <sequence>105</sequence>
  <level>INFO</level>
  <class>com.kms.katalon.core.logging.XmlKeywordLogger</class>
  <method>logMessage</method>
  <thread>1</thread>
  <message>Detected NodeJS location: &amp;quot;C:\Program Files\nodejs\node.exe&amp;quot;</message>
  <nestedLevel>1</nestedLevel>
  <escapedJava>false</escapedJava>
</record>
<record>
  <date>2026-01-02T17:10:55</date>
  <millis>1767348655416</millis>
  <sequence>106</sequence>
  <level>INFO</level>
  <class>com.kms.katalon.core.logging.XmlKeywordLogger</class>
  <method>logMessage</method>
  <thread>1</thread>
  <message>Appium server started on port 59,362</message>
  <nestedLevel>1</nestedLevel>
  <escapedJava>false</escapedJava>
</record>
<record>
  <date>2026-01-02T17:11:04</date>
  <millis>1767348664895</millis>
  <sequence>108</sequence>
  <level>RUN_DATA</level>
  <class>com.kms.katalon.core.logging.XmlKeywordLogger</class>
  <method>logMessage</method>
  <thread>1</thread>
  <message>appiumVersion = 1.22.3</message>
  <nestedLevel>1</nestedLevel>
  <escapedJava>false</escapedJava>
  <property name="appiumVersion">1.22.3</property>
</record>
<record>
  <date>2026-01-02T17:11:04</date>
  <millis>1767348664896</millis>
  <sequence>109</sequence>
  <level>RUN_DATA</level>
  <class>com.kms.katalon.core.logging.XmlKeywordLogger</class>
  <method>logMessage</method>
  <thread>1</thread>
  <message>appiumServerStatus = {&amp;quot;value&amp;quot;:{&amp;quot;build&amp;quot;:{&amp;quot;version&amp;quot;:&amp;quot;1.22.3&amp;quot;}},&amp;quot;sessionId&amp;quot;:null,&amp;quot;status&amp;quot;:0}</message>
  <nestedLevel>1</nestedLevel>
  <escapedJava>false</escapedJava>
  <property name="appiumServerStatus">{&quot;value&quot;:{&quot;build&quot;:{&quot;version&quot;:&quot;1.22.3&quot;}},&quot;sessionId&quot;:null,&quot;status&quot;:0}</property>
</record>
<record>
  <date>2026-01-02T17:11:04</date>
  <millis>1767348664906</millis>
  <sequence>110</sequence>
  <level>RUN_DATA</level>
  <class>com.kms.katalon.core.logging.XmlKeywordLogger</class>
  <method>logMessage</method>
  <thread>1</thread>
  <message>deviceId = RR8R5017EJV</message>
  <nestedLevel>1</nestedLevel>
  <escapedJava>false</escapedJava>
  <property name="deviceId">RR8R5017EJV</property>
</record>
<record>
  <date>2026-01-02T17:11:04</date>
  <millis>1767348664907</millis>
  <sequence>111</sequence>
  <level>RUN_DATA</level>
  <class>com.kms.katalon.core.logging.XmlKeywordLogger</class>
  <method>logMessage</method>
  <thread>1</thread>
  <message>deviceName = samsung SM-A125F (Android 12)</message>
  <nestedLevel>1</nestedLevel>
  <escapedJava>false</escapedJava>
  <property name="deviceName">samsung SM-A125F (Android 12)</property>
</record>
<record>
  <date>2026-01-02T17:11:04</date>
  <millis>1767348664907</millis>
  <sequence>112</sequence>
  <level>RUN_DATA</level>
  <class>com.kms.katalon.core.logging.XmlKeywordLogger</class>
  <method>logMessage</method>
  <thread>1</thread>
  <message>deviceModel = SM-A125F</message>
  <nestedLevel>1</nestedLevel>
  <escapedJava>false</escapedJava>
  <property name="deviceModel">SM-A125F</property>
</record>
<record>
  <date>2026-01-02T17:11:04</date>
  <millis>1767348664907</millis>
  <sequence>113</sequence>
  <level>RUN_DATA</level>
  <class>com.kms.katalon.core.logging.XmlKeywordLogger</class>
  <method>logMessage</method>
  <thread>1</thread>
  <message>deviceManufacturer = samsung</message>
  <nestedLevel>1</nestedLevel>
  <escapedJava>false</escapedJava>
  <property name="deviceManufacturer">samsung</property>
</record>
<record>
  <date>2026-01-02T17:11:04</date>
  <millis>1767348664907</millis>
  <sequence>114</sequence>
  <level>RUN_DATA</level>
  <class>com.kms.katalon.core.logging.XmlKeywordLogger</class>
  <method>logMessage</method>
  <thread>1</thread>
  <message>deviceOS = Android</message>
  <nestedLevel>1</nestedLevel>
  <escapedJava>false</escapedJava>
  <property name="deviceOS">Android</property>
</record>
<record>
  <date>2026-01-02T17:11:04</date>
  <millis>1767348664907</millis>
  <sequence>115</sequence>
  <level>RUN_DATA</level>
  <class>com.kms.katalon.core.logging.XmlKeywordLogger</class>
  <method>logMessage</method>
  <thread>1</thread>
  <message>deviceOSVersion = 12</message>
  <nestedLevel>1</nestedLevel>
  <escapedJava>false</escapedJava>
  <property name="deviceOSVersion">12</property>
</record>
<record>
  <date>2026-01-02T17:11:06</date>
  <millis>1767348666661</millis>
  <sequence>117</sequence>
  <level>PASSED</level>
  <class>com.kms.katalon.core.logging.XmlKeywordLogger</class>
  <method>logMessage</method>
  <thread>1</thread>
  <message>Starting app with application ID: &amp;apos;id.co.labamu.app&amp;apos;</message>
  <nestedLevel>1</nestedLevel>
  <escapedJava>false</escapedJava>
  <property name="testops-method-name">com.kms.katalon.core.mobile.keyword.internal.MobileKeywordMain$runKeyword.call</property>
  <property name="testops-execution-stacktrace">com.kms.katalon.core.logging.KeywordLogger.logPassed(KeywordLogger.java:340)
com.kms.katalon.core.logging.KeywordLogger.logPassed(KeywordLogger.java:334)
com.kms.katalon.core.logging.KeywordLogger$logPassed$1.call(Unknown Source)
com.kms.katalon.core.mobile.keyword.builtin.StartExistingApplicationKeyword$_startApplication_closure1.doCall(StartExistingApplicationKeyword.groovy:51)
com.kms.katalon.core.mobile.keyword.builtin.StartExistingApplicationKeyword$_startApplication_closure1.doCall(StartExistingApplicationKeyword.groovy)
com.kms.katalon.core.mobile.keyword.internal.MobileKeywordMain.runKeyword(MobileKeywordMain.groovy:21)
com.kms.katalon.core.mobile.keyword.internal.MobileKeywordMain$runKeyword.call(Unknown Source)
com.kms.katalon.core.mobile.keyword.builtin.StartExistingApplicationKeyword.startApplication(StartExistingApplicationKeyword.groovy:52)
com.kms.katalon.core.mobile.keyword.builtin.StartExistingApplicationKeyword.execute(StartExistingApplicationKeyword.groovy:37)
com.kms.katalon.core.keyword.internal.KeywordExecutor.executeKeywordForPlatform(KeywordExecutor.groovy:74)
com.kms.katalon.core.mobile.keyword.MobileBuiltInKeywords.startExistingApplication(MobileBuiltInKeywords.groovy:92)
com.kms.katalon.core.mobile.keyword.MobileBuiltInKeywords$startExistingApplication.call(Unknown Source)
Login by Email.run(Login by Email:23)
</property>
</record>
<record>
  <date>2026-01-02T17:11:06</date>
  <millis>1767348666662</millis>
  <sequence>118</sequence>
  <level>END</level>
  <class>com.kms.katalon.core.logging.XmlKeywordLogger</class>
  <method>endKeyword</method>
  <thread>1</thread>
  <message>End action : startExistingApplication(&amp;quot;id.co.labamu.app&amp;quot;)</message>
  <nestedLevel>1</nestedLevel>
  <escapedJava>false</escapedJava>
</record>
<record>
  <date>2026-01-02T17:11:06</date>
  <millis>1767348666662</millis>
  <sequence>119</sequence>
  <level>START</level>
  <class>com.kms.katalon.core.logging.XmlKeywordLogger</class>
  <method>startKeyword</method>
  <thread>1</thread>
  <message>Start action : widget = findTestObject(&amp;quot;Object Repository/btn-Widget-While&amp;quot;)</message>
  <nestedLevel>1</nestedLevel>
  <escapedJava>false</escapedJava>
  <property name="startLine">24</property>
  <property name="stepIndex">2</property>
</record>
<record>
  <date>2026-01-02T17:11:06</date>
  <millis>1767348666703</millis>
  <sequence>121</sequence>
  <level>END</level>
  <class>com.kms.katalon.core.logging.XmlKeywordLogger</class>
  <method>endKeyword</method>
  <thread>1</thread>
  <message>End action : widget = findTestObject(&amp;quot;Object Repository/btn-Widget-While&amp;quot;)</message>
  <nestedLevel>1</nestedLevel>
  <escapedJava>false</escapedJava>
</record>
<record>
  <date>2026-01-02T17:11:06</date>
  <millis>1767348666703</millis>
  <sequence>122</sequence>
  <level>START</level>
  <class>com.kms.katalon.core.logging.XmlKeywordLogger</class>
  <method>startKeyword</method>
  <thread>1</thread>
  <message>Start action : if (waitForElementPresent(widget, 5))</message>
  <nestedLevel>1</nestedLevel>
  <escapedJava>false</escapedJava>
  <property name="startLine">25</property>
  <property name="stepIndex">3</property>
</record>
<record>
  <date>2026-01-02T17:11:11</date>
  <millis>1767348671737</millis>
  <sequence>125</sequence>
  <level>WARNING</level>
  <class>com.kms.katalon.core.logging.XmlKeywordLogger</class>
  <method>logMessage</method>
  <thread>1</thread>
  <message>Object Object Repository/btn-Widget-While not found</message>
  <nestedLevel>1</nestedLevel>
  <escapedJava>false</escapedJava>
</record>
<record>
  <date>2026-01-02T17:11:11</date>
  <millis>1767348671738</millis>
  <sequence>126</sequence>
  <level>END</level>
  <class>com.kms.katalon.core.logging.XmlKeywordLogger</class>
  <method>endKeyword</method>
  <thread>1</thread>
  <message>End action : if (waitForElementPresent(widget, 5))</message>
  <nestedLevel>1</nestedLevel>
  <escapedJava>false</escapedJava>
</record>
<record>
  <date>2026-01-02T17:11:11</date>
  <millis>1767348671738</millis>
  <sequence>127</sequence>
  <level>START</level>
  <class>com.kms.katalon.core.logging.XmlKeywordLogger</class>
  <method>startKeyword</method>
  <thread>1</thread>
  <message>Start action : else</message>
  <nestedLevel>1</nestedLevel>
  <escapedJava>false</escapedJava>
  <property name="startLine">28</property>
  <property name="stepIndex">4</property>
</record>
<record>
  <date>2026-01-02T17:11:11</date>
  <millis>1767348671738</millis>
  <sequence>128</sequence>
  <level>START</level>
  <class>com.kms.katalon.core.logging.XmlKeywordLogger</class>
  <method>startKeyword</method>
  <thread>1</thread>
  <message>Start action : println(&amp;quot;Widget tidak muncul, lanjut step berikutnya&amp;quot;)</message>
  <nestedLevel>2</nestedLevel>
  <escapedJava>false</escapedJava>
  <property name="startLine">29</property>
  <property name="stepIndex">1</property>
</record>
<record>
  <date>2026-01-02T17:11:11</date>
  <millis>1767348671738</millis>
  <sequence>129</sequence>
  <level>END</level>
  <class>com.kms.katalon.core.logging.XmlKeywordLogger</class>
  <method>endKeyword</method>
  <thread>1</thread>
  <message>End action : println(&amp;quot;Widget tidak muncul, lanjut step berikutnya&amp;quot;)</message>
  <nestedLevel>2</nestedLevel>
  <escapedJava>false</escapedJava>
</record>
<record>
  <date>2026-01-02T17:11:11</date>
  <millis>1767348671738</millis>
  <sequence>130</sequence>
  <level>END</level>
  <class>com.kms.katalon.core.logging.XmlKeywordLogger</class>
  <method>endKeyword</method>
  <thread>1</thread>
  <message>End action : else</message>
  <nestedLevel>1</nestedLevel>
  <escapedJava>false</escapedJava>
</record>
<record>
  <date>2026-01-02T17:11:11</date>
  <millis>1767348671738</millis>
  <sequence>131</sequence>
  <level>START</level>
  <class>com.kms.katalon.core.logging.XmlKeywordLogger</class>
  <method>startKeyword</method>
  <thread>1</thread>
  <message>Start action : btnEmailOption = findTestObject(&amp;quot;Object Repository/btn-text-Email-Option&amp;quot;)</message>
  <nestedLevel>1</nestedLevel>
  <escapedJava>false</escapedJava>
  <property name="startLine">31</property>
  <property name="stepIndex">5</property>
</record>
<record>
  <date>2026-01-02T17:11:11</date>
  <millis>1767348671780</millis>
  <sequence>133</sequence>
  <level>END</level>
  <class>com.kms.katalon.core.logging.XmlKeywordLogger</class>
  <method>endKeyword</method>
  <thread>1</thread>
  <message>End action : btnEmailOption = findTestObject(&amp;quot;Object Repository/btn-text-Email-Option&amp;quot;)</message>
  <nestedLevel>1</nestedLevel>
  <escapedJava>false</escapedJava>
</record>
<record>
  <date>2026-01-02T17:11:11</date>
  <millis>1767348671781</millis>
  <sequence>134</sequence>
  <level>START</level>
  <class>com.kms.katalon.core.logging.XmlKeywordLogger</class>
  <method>startKeyword</method>
  <thread>1</thread>
  <message>Start action : inputEmail = findTestObject(&amp;quot;Object Repository/edt-Input-Email&amp;quot;)</message>
  <nestedLevel>1</nestedLevel>
  <escapedJava>false</escapedJava>
  <property name="startLine">32</property>
  <property name="stepIndex">6</property>
</record>
<record>
  <date>2026-01-02T17:11:11</date>
  <millis>1767348671821</millis>
  <sequence>136</sequence>
  <level>END</level>
  <class>com.kms.katalon.core.logging.XmlKeywordLogger</class>
  <method>endKeyword</method>
  <thread>1</thread>
  <message>End action : inputEmail = findTestObject(&amp;quot;Object Repository/edt-Input-Email&amp;quot;)</message>
  <nestedLevel>1</nestedLevel>
  <escapedJava>false</escapedJava>
</record>
<record>
  <date>2026-01-02T17:11:11</date>
  <millis>1767348671822</millis>
  <sequence>137</sequence>
  <level>START</level>
  <class>com.kms.katalon.core.logging.XmlKeywordLogger</class>
  <method>startKeyword</method>
  <thread>1</thread>
  <message>Start action : chkAgreement = findTestObject(&amp;quot;Object Repository/btn-CheckBox&amp;quot;)</message>
  <nestedLevel>1</nestedLevel>
  <escapedJava>false</escapedJava>
  <property name="startLine">33</property>
  <property name="stepIndex">7</property>
</record>
<record>
  <date>2026-01-02T17:11:11</date>
  <millis>1767348671866</millis>
  <sequence>139</sequence>
  <level>END</level>
  <class>com.kms.katalon.core.logging.XmlKeywordLogger</class>
  <method>endKeyword</method>
  <thread>1</thread>
  <message>End action : chkAgreement = findTestObject(&amp;quot;Object Repository/btn-CheckBox&amp;quot;)</message>
  <nestedLevel>1</nestedLevel>
  <escapedJava>false</escapedJava>
</record>
<record>
  <date>2026-01-02T17:11:11</date>
  <millis>1767348671866</millis>
  <sequence>140</sequence>
  <level>START</level>
  <class>com.kms.katalon.core.logging.XmlKeywordLogger</class>
  <method>startKeyword</method>
  <thread>1</thread>
  <message>Start action : btnMasuk = findTestObject(&amp;quot;Object Repository/btn-Masuk&amp;quot;)</message>
  <nestedLevel>1</nestedLevel>
  <escapedJava>false</escapedJava>
  <property name="startLine">34</property>
  <property name="stepIndex">8</property>
</record>
<record>
  <date>2026-01-02T17:11:11</date>
  <millis>1767348671903</millis>
  <sequence>142</sequence>
  <level>END</level>
  <class>com.kms.katalon.core.logging.XmlKeywordLogger</class>
  <method>endKeyword</method>
  <thread>1</thread>
  <message>End action : btnMasuk = findTestObject(&amp;quot;Object Repository/btn-Masuk&amp;quot;)</message>
  <nestedLevel>1</nestedLevel>
  <escapedJava>false</escapedJava>
</record>
<record>
  <date>2026-01-02T17:11:11</date>
  <millis>1767348671903</millis>
  <sequence>143</sequence>
  <level>START</level>
  <class>com.kms.katalon.core.logging.XmlKeywordLogger</class>
  <method>startKeyword</method>
  <thread>1</thread>
  <message>Start action : waitForElementPresent(btnEmailOption, 10)</message>
  <nestedLevel>1</nestedLevel>
  <escapedJava>false</escapedJava>
  <property name="startLine">35</property>
  <property name="stepIndex">9</property>
</record>
<record>
  <date>2026-01-02T17:11:12</date>
  <millis>1767348672211</millis>
  <sequence>146</sequence>
  <level>PASSED</level>
  <class>com.kms.katalon.core.logging.XmlKeywordLogger</class>
  <method>logMessage</method>
  <thread>1</thread>
  <message>Element &amp;apos;Object Repository/btn-text-Email-Option&amp;apos; is present</message>
  <nestedLevel>1</nestedLevel>
  <escapedJava>false</escapedJava>
  <property name="testops-method-name">com.kms.katalon.core.mobile.keyword.builtin.WaitForElementPresentKeyword.waitForElementPresent</property>
  <property name="testops-execution-stacktrace"></property>
</record>
<record>
  <date>2026-01-02T17:11:12</date>
  <millis>1767348672212</millis>
  <sequence>147</sequence>
  <level>END</level>
  <class>com.kms.katalon.core.logging.XmlKeywordLogger</class>
  <method>endKeyword</method>
  <thread>1</thread>
  <message>End action : waitForElementPresent(btnEmailOption, 10)</message>
  <nestedLevel>1</nestedLevel>
  <escapedJava>false</escapedJava>
</record>
<record>
  <date>2026-01-02T17:11:12</date>
  <millis>1767348672212</millis>
  <sequence>148</sequence>
  <level>START</level>
  <class>com.kms.katalon.core.logging.XmlKeywordLogger</class>
  <method>startKeyword</method>
  <thread>1</thread>
  <message>Start action : tap(btnEmailOption, 10)</message>
  <nestedLevel>1</nestedLevel>
  <escapedJava>false</escapedJava>
  <property name="startLine">36</property>
  <property name="stepIndex">10</property>
</record>
<record>
  <date>2026-01-02T17:11:12</date>
  <millis>1767348672582</millis>
  <sequence>151</sequence>
  <level>PASSED</level>
  <class>com.kms.katalon.core.logging.XmlKeywordLogger</class>
  <method>logMessage</method>
  <thread>1</thread>
  <message>Tapped on element &amp;apos;Object Repository/btn-text-Email-Option&amp;apos;</message>
  <nestedLevel>1</nestedLevel>
  <escapedJava>false</escapedJava>
  <property name="testops-method-name">com.kms.katalon.core.mobile.keyword.builtin.TapKeyword.tap</property>
  <property name="testops-execution-stacktrace"></property>
</record>
<record>
  <date>2026-01-02T17:11:12</date>
  <millis>1767348672584</millis>
  <sequence>152</sequence>
  <level>END</level>
  <class>com.kms.katalon.core.logging.XmlKeywordLogger</class>
  <method>endKeyword</method>
  <thread>1</thread>
  <message>End action : tap(btnEmailOption, 10)</message>
  <nestedLevel>1</nestedLevel>
  <escapedJava>false</escapedJava>
</record>
<record>
  <date>2026-01-02T17:11:12</date>
  <millis>1767348672584</millis>
  <sequence>153</sequence>
  <level>START</level>
  <class>com.kms.katalon.core.logging.XmlKeywordLogger</class>
  <method>startKeyword</method>
  <thread>1</thread>
  <message>Start action : waitForElementPresent(inputEmail, 10)</message>
  <nestedLevel>1</nestedLevel>
  <escapedJava>false</escapedJava>
  <property name="startLine">37</property>
  <property name="stepIndex">11</property>
</record>
<record>
  <date>2026-01-02T17:11:13</date>
  <millis>1767348673332</millis>
  <sequence>156</sequence>
  <level>PASSED</level>
  <class>com.kms.katalon.core.logging.XmlKeywordLogger</class>
  <method>logMessage</method>
  <thread>1</thread>
  <message>Element &amp;apos;Object Repository/edt-Input-Email&amp;apos; is present</message>
  <nestedLevel>1</nestedLevel>
  <escapedJava>false</escapedJava>
  <property name="testops-method-name">com.kms.katalon.core.mobile.keyword.builtin.WaitForElementPresentKeyword.waitForElementPresent</property>
  <property name="testops-execution-stacktrace"></property>
</record>
<record>
  <date>2026-01-02T17:11:13</date>
  <millis>1767348673333</millis>
  <sequence>157</sequence>
  <level>END</level>
  <class>com.kms.katalon.core.logging.XmlKeywordLogger</class>
  <method>endKeyword</method>
  <thread>1</thread>
  <message>End action : waitForElementPresent(inputEmail, 10)</message>
  <nestedLevel>1</nestedLevel>
  <escapedJava>false</escapedJava>
</record>
<record>
  <date>2026-01-02T17:11:13</date>
  <millis>1767348673333</millis>
  <sequence>158</sequence>
  <level>START</level>
  <class>com.kms.katalon.core.logging.XmlKeywordLogger</class>
  <method>startKeyword</method>
  <thread>1</thread>
  <message>Start action : tap(inputEmail, 10)</message>
  <nestedLevel>1</nestedLevel>
  <escapedJava>false</escapedJava>
  <property name="startLine">38</property>
  <property name="stepIndex">12</property>
</record>
<record>
  <date>2026-01-02T17:11:13</date>
  <millis>1767348673659</millis>
  <sequence>161</sequence>
  <level>PASSED</level>
  <class>com.kms.katalon.core.logging.XmlKeywordLogger</class>
  <method>logMessage</method>
  <thread>1</thread>
  <message>Tapped on element &amp;apos;Object Repository/edt-Input-Email&amp;apos;</message>
  <nestedLevel>1</nestedLevel>
  <escapedJava>false</escapedJava>
  <property name="testops-method-name">com.kms.katalon.core.mobile.keyword.builtin.TapKeyword.tap</property>
  <property name="testops-execution-stacktrace"></property>
</record>
<record>
  <date>2026-01-02T17:11:13</date>
  <millis>1767348673660</millis>
  <sequence>162</sequence>
  <level>END</level>
  <class>com.kms.katalon.core.logging.XmlKeywordLogger</class>
  <method>endKeyword</method>
  <thread>1</thread>
  <message>End action : tap(inputEmail, 10)</message>
  <nestedLevel>1</nestedLevel>
  <escapedJava>false</escapedJava>
</record>
<record>
  <date>2026-01-02T17:11:13</date>
  <millis>1767348673660</millis>
  <sequence>163</sequence>
  <level>START</level>
  <class>com.kms.katalon.core.logging.XmlKeywordLogger</class>
  <method>startKeyword</method>
  <thread>1</thread>
  <message>Start action : setText(inputEmail, email, 10)</message>
  <nestedLevel>1</nestedLevel>
  <escapedJava>false</escapedJava>
  <property name="startLine">39</property>
  <property name="stepIndex">13</property>
</record>
<record>
  <date>2026-01-02T17:11:15</date>
  <millis>1767348675923</millis>
  <sequence>166</sequence>
  <level>PASSED</level>
  <class>com.kms.katalon.core.logging.XmlKeywordLogger</class>
  <method>logMessage</method>
  <thread>1</thread>
  <message>Text &amp;apos;test@gmail.com&amp;apos; has been set to element &amp;apos;Object Repository/edt-Input-Email&amp;apos;</message>
  <nestedLevel>1</nestedLevel>
  <escapedJava>false</escapedJava>
  <property name="testops-method-name">com.kms.katalon.core.mobile.keyword.builtin.SetTextKeyword.setText</property>
  <property name="testops-execution-stacktrace"></property>
</record>
<record>
  <date>2026-01-02T17:11:15</date>
  <millis>1767348675924</millis>
  <sequence>167</sequence>
  <level>END</level>
  <class>com.kms.katalon.core.logging.XmlKeywordLogger</class>
  <method>endKeyword</method>
  <thread>1</thread>
  <message>End action : setText(inputEmail, email, 10)</message>
  <nestedLevel>1</nestedLevel>
  <escapedJava>false</escapedJava>
</record>
<record>
  <date>2026-01-02T17:11:15</date>
  <millis>1767348675925</millis>
  <sequence>168</sequence>
  <level>START</level>
  <class>com.kms.katalon.core.logging.XmlKeywordLogger</class>
  <method>startKeyword</method>
  <thread>1</thread>
  <message>Start action : tap(chkAgreement, 10)</message>
  <nestedLevel>1</nestedLevel>
  <escapedJava>false</escapedJava>
  <property name="startLine">40</property>
  <property name="stepIndex">14</property>
</record>
<record>
  <date>2026-01-02T17:11:16</date>
  <millis>1767348676706</millis>
  <sequence>171</sequence>
  <level>PASSED</level>
  <class>com.kms.katalon.core.logging.XmlKeywordLogger</class>
  <method>logMessage</method>
  <thread>1</thread>
  <message>Tapped on element &amp;apos;Object Repository/btn-CheckBox&amp;apos;</message>
  <nestedLevel>1</nestedLevel>
  <escapedJava>false</escapedJava>
  <property name="testops-method-name">com.kms.katalon.core.mobile.keyword.builtin.TapKeyword.tap</property>
  <property name="testops-execution-stacktrace"></property>
</record>
<record>
  <date>2026-01-02T17:11:16</date>
  <millis>1767348676706</millis>
  <sequence>172</sequence>
  <level>END</level>
  <class>com.kms.katalon.core.logging.XmlKeywordLogger</class>
  <method>endKeyword</method>
  <thread>1</thread>
  <message>End action : tap(chkAgreement, 10)</message>
  <nestedLevel>1</nestedLevel>
  <escapedJava>false</escapedJava>
</record>
<record>
  <date>2026-01-02T17:11:16</date>
  <millis>1767348676706</millis>
  <sequence>173</sequence>
  <level>START</level>
  <class>com.kms.katalon.core.logging.XmlKeywordLogger</class>
  <method>startKeyword</method>
  <thread>1</thread>
  <message>Start action : waitForElementAttributeValue(btnMasuk, &amp;quot;enabled&amp;quot;, &amp;quot;true&amp;quot;, 10)</message>
  <nestedLevel>1</nestedLevel>
  <escapedJava>false</escapedJava>
  <property name="startLine">41</property>
  <property name="stepIndex">15</property>
</record>
<record>
  <date>2026-01-02T17:11:17</date>
  <millis>1767348677565</millis>
  <sequence>177</sequence>
  <level>PASSED</level>
  <class>com.kms.katalon.core.logging.XmlKeywordLogger</class>
  <method>logMessage</method>
  <thread>1</thread>
  <message>Object &amp;apos;Object Repository/btn-Masuk&amp;apos; has attribute &amp;apos;enabled&amp;apos; with value &amp;apos;true&amp;apos;</message>
  <nestedLevel>1</nestedLevel>
  <escapedJava>false</escapedJava>
  <property name="testops-method-name">com.kms.katalon.core.mobile.keyword.builtin.WaitForElementAttributeValueKeyword.waitForElementAttributeValue</property>
  <property name="testops-execution-stacktrace"></property>
</record>
<record>
  <date>2026-01-02T17:11:17</date>
  <millis>1767348677565</millis>
  <sequence>178</sequence>
  <level>END</level>
  <class>com.kms.katalon.core.logging.XmlKeywordLogger</class>
  <method>endKeyword</method>
  <thread>1</thread>
  <message>End action : waitForElementAttributeValue(btnMasuk, &amp;quot;enabled&amp;quot;, &amp;quot;true&amp;quot;, 10)</message>
  <nestedLevel>1</nestedLevel>
  <escapedJava>false</escapedJava>
</record>
<record>
  <date>2026-01-02T17:11:17</date>
  <millis>1767348677565</millis>
  <sequence>179</sequence>
  <level>START</level>
  <class>com.kms.katalon.core.logging.XmlKeywordLogger</class>
  <method>startKeyword</method>
  <thread>1</thread>
  <message>Start action : verifyElementAttributeValue(btnMasuk, &amp;quot;enabled&amp;quot;, &amp;quot;true&amp;quot;, 10)</message>
  <nestedLevel>1</nestedLevel>
  <escapedJava>false</escapedJava>
  <property name="startLine">47</property>
  <property name="stepIndex">16</property>
</record>
<record>
  <date>2026-01-02T17:11:17</date>
  <millis>1767348677715</millis>
  <sequence>183</sequence>
  <level>PASSED</level>
  <class>com.kms.katalon.core.logging.XmlKeywordLogger</class>
  <method>logMessage</method>
  <thread>1</thread>
  <message>Object &amp;apos;Object Repository/btn-Masuk&amp;apos; has attribute &amp;apos;enabled&amp;apos; with value &amp;apos;true&amp;apos;</message>
  <nestedLevel>1</nestedLevel>
  <escapedJava>false</escapedJava>
  <property name="testops-is-assertion">true</property>
  <property name="testops-method-name">com.kms.katalon.core.mobile.keyword.builtin.VerifyElementAttributeValueKeyword.verifyElementAttributeValue</property>
  <property name="testops-execution-stacktrace"></property>
</record>
<record>
  <date>2026-01-02T17:11:17</date>
  <millis>1767348677716</millis>
  <sequence>184</sequence>
  <level>END</level>
  <class>com.kms.katalon.core.logging.XmlKeywordLogger</class>
  <method>endKeyword</method>
  <thread>1</thread>
  <message>End action : verifyElementAttributeValue(btnMasuk, &amp;quot;enabled&amp;quot;, &amp;quot;true&amp;quot;, 10)</message>
  <nestedLevel>1</nestedLevel>
  <escapedJava>false</escapedJava>
</record>
<record>
  <date>2026-01-02T17:11:17</date>
  <millis>1767348677716</millis>
  <sequence>185</sequence>
  <level>START</level>
  <class>com.kms.katalon.core.logging.XmlKeywordLogger</class>
  <method>startKeyword</method>
  <thread>1</thread>
  <message>Start action : tap(btnMasuk, 10)</message>
  <nestedLevel>1</nestedLevel>
  <escapedJava>false</escapedJava>
  <property name="startLine">53</property>
  <property name="stepIndex">17</property>
</record>
<record>
  <date>2026-01-02T17:11:19</date>
  <millis>1767348679436</millis>
  <sequence>188</sequence>
  <level>PASSED</level>
  <class>com.kms.katalon.core.logging.XmlKeywordLogger</class>
  <method>logMessage</method>
  <thread>1</thread>
  <message>Tapped on element &amp;apos;Object Repository/btn-Masuk&amp;apos;</message>
  <nestedLevel>1</nestedLevel>
  <escapedJava>false</escapedJava>
  <property name="testops-method-name">com.kms.katalon.core.mobile.keyword.builtin.TapKeyword.tap</property>
  <property name="testops-execution-stacktrace"></property>
</record>
<record>
  <date>2026-01-02T17:11:19</date>
  <millis>1767348679437</millis>
  <sequence>189</sequence>
  <level>END</level>
  <class>com.kms.katalon.core.logging.XmlKeywordLogger</class>
  <method>endKeyword</method>
  <thread>1</thread>
  <message>End action : tap(btnMasuk, 10)</message>
  <nestedLevel>1</nestedLevel>
  <escapedJava>false</escapedJava>
</record>
<record>
  <date>2026-01-02T17:11:19</date>
  <millis>1767348679438</millis>
  <sequence>190</sequence>
  <level>START</level>
  <class>com.kms.katalon.core.logging.XmlKeywordLogger</class>
  <method>startKeyword</method>
  <thread>1</thread>
  <message>Start action : closeApplication()</message>
  <nestedLevel>1</nestedLevel>
  <escapedJava>false</escapedJava>
  <property name="startLine">54</property>
  <property name="stepIndex">18</property>
</record>
<record>
  <date>2026-01-02T17:11:19</date>
  <millis>1767348679835</millis>
  <sequence>191</sequence>
  <level>PASSED</level>
  <class>com.kms.katalon.core.logging.XmlKeywordLogger</class>
  <method>logMessage</method>
  <thread>1</thread>
  <message>Close app successfully</message>
  <nestedLevel>1</nestedLevel>
  <escapedJava>false</escapedJava>
  <property name="testops-method-name">com.kms.katalon.core.mobile.keyword.builtin.CloseApplicationKeyword.closeApplication</property>
  <property name="testops-execution-stacktrace"></property>
</record>
<record>
  <date>2026-01-02T17:11:19</date>
  <millis>1767348679836</millis>
  <sequence>192</sequence>
  <level>END</level>
  <class>com.kms.katalon.core.logging.XmlKeywordLogger</class>
  <method>endKeyword</method>
  <thread>1</thread>
  <message>End action : closeApplication()</message>
  <nestedLevel>1</nestedLevel>
  <escapedJava>false</escapedJava>
</record>
<record>
  <date>2026-01-02T17:11:19</date>
  <millis>1767348679836</millis>
  <sequence>193</sequence>
  <level>PASSED</level>
  <class>com.kms.katalon.core.logging.XmlKeywordLogger</class>
  <method>logMessage</method>
  <thread>1</thread>
  <message>Test Cases/Login by Email</message>
  <nestedLevel>1</nestedLevel>
  <escapedJava>false</escapedJava>
</record>
<record>
  <date>2026-01-02T17:11:19</date>
  <millis>1767348679836</millis>
  <sequence>194</sequence>
  <level>END</level>
  <class>com.kms.katalon.core.logging.XmlKeywordLogger</class>
  <method>endTest</method>
  <thread>1</thread>
  <message>End Test Case : Test Cases/Login by Email</message>
  <nestedLevel>0</nestedLevel>
  <escapedJava>false</escapedJava>
  <property name="executionBindingVariables">[
  {
    &quot;displayReportName&quot;: &quot;email&quot;,
    &quot;value&quot;: &quot;test@gmail.com&quot;,
    &quot;name&quot;: &quot;email&quot;,
    &quot;masked&quot;: false
  }
]</property>
  <property name="applitools">false</property>
  <property name="keywordsUsage">{
  &quot;web_ui&quot;: false,
  &quot;web_service&quot;: false,
  &quot;cucumber&quot;: false,
  &quot;builtin&quot;: false,
  &quot;mobile&quot;: true,
  &quot;windows&quot;: false,
  &quot;testng&quot;: false
}</property>
</record>
<record>
  <date>2026-01-02T17:11:19</date>
  <millis>1767348679847</millis>
  <sequence>195</sequence>
  <level>START</level>
  <class>com.kms.katalon.core.logging.XmlKeywordLogger</class>
  <method>startTest</method>
  <thread>1</thread>
  <message>Start Test Case : Test Cases/Login by Email</message>
  <nestedLevel>1</nestedLevel>
  <escapedJava>false</escapedJava>
  <property name="name">Test Cases/Login by Email</property>
  <property name="description"></property>
  <property name="iteration"></property>
  <property name="id">Test Cases/Login by Email</property>
  <property name="source">C:\Users\ichsa\Katalon Studio\Labamu\Test Cases\Login by Email.tc</property>
  <property name="tag"></property>
  <property name="isOptional">false</property>
</record>
<record>
  <date>2026-01-02T17:11:19</date>
  <millis>1767348679853</millis>
  <sequence>197</sequence>
  <level>INFO</level>
  <class>com.kms.katalon.core.logging.XmlKeywordLogger</class>
  <method>logMessage</method>
  <thread>1</thread>
  <message>email = abc@com</message>
  <nestedLevel>1</nestedLevel>
  <escapedJava>false</escapedJava>
</record>
<record>
  <date>2026-01-02T17:11:19</date>
  <millis>1767348679853</millis>
  <sequence>198</sequence>
  <level>START</level>
  <class>com.kms.katalon.core.logging.XmlKeywordLogger</class>
  <method>startKeyword</method>
  <thread>1</thread>
  <message>Start action : startExistingApplication(&amp;quot;id.co.labamu.app&amp;quot;)</message>
  <nestedLevel>1</nestedLevel>
  <escapedJava>false</escapedJava>
  <property name="startLine">23</property>
  <property name="stepIndex">1</property>
</record>
<record>
  <date>2026-01-02T17:11:19</date>
  <millis>1767348679936</millis>
  <sequence>200</sequence>
  <level>INFO</level>
  <class>com.kms.katalon.core.logging.XmlKeywordLogger</class>
  <method>logMessage</method>
  <thread>1</thread>
  <message>Detected NodeJS location: &amp;quot;C:\Program Files\nodejs\node.exe&amp;quot;</message>
  <nestedLevel>1</nestedLevel>
  <escapedJava>false</escapedJava>
</record>
<record>
  <date>2026-01-02T17:11:21</date>
  <millis>1767348681010</millis>
  <sequence>201</sequence>
  <level>INFO</level>
  <class>com.kms.katalon.core.logging.XmlKeywordLogger</class>
  <method>logMessage</method>
  <thread>1</thread>
  <message>Appium server started on port 54,213</message>
  <nestedLevel>1</nestedLevel>
  <escapedJava>false</escapedJava>
</record>
<record>
  <date>2026-01-02T17:11:30</date>
  <millis>1767348690404</millis>
  <sequence>203</sequence>
  <level>RUN_DATA</level>
  <class>com.kms.katalon.core.logging.XmlKeywordLogger</class>
  <method>logMessage</method>
  <thread>1</thread>
  <message>appiumVersion = 1.22.3</message>
  <nestedLevel>1</nestedLevel>
  <escapedJava>false</escapedJava>
  <property name="appiumVersion">1.22.3</property>
</record>
<record>
  <date>2026-01-02T17:11:30</date>
  <millis>1767348690404</millis>
  <sequence>204</sequence>
  <level>RUN_DATA</level>
  <class>com.kms.katalon.core.logging.XmlKeywordLogger</class>
  <method>logMessage</method>
  <thread>1</thread>
  <message>appiumServerStatus = {&amp;quot;value&amp;quot;:{&amp;quot;build&amp;quot;:{&amp;quot;version&amp;quot;:&amp;quot;1.22.3&amp;quot;}},&amp;quot;sessionId&amp;quot;:null,&amp;quot;status&amp;quot;:0}</message>
  <nestedLevel>1</nestedLevel>
  <escapedJava>false</escapedJava>
  <property name="appiumServerStatus">{&quot;value&quot;:{&quot;build&quot;:{&quot;version&quot;:&quot;1.22.3&quot;}},&quot;sessionId&quot;:null,&quot;status&quot;:0}</property>
</record>
<record>
  <date>2026-01-02T17:11:30</date>
  <millis>1767348690416</millis>
  <sequence>205</sequence>
  <level>RUN_DATA</level>
  <class>com.kms.katalon.core.logging.XmlKeywordLogger</class>
  <method>logMessage</method>
  <thread>1</thread>
  <message>deviceId = RR8R5017EJV</message>
  <nestedLevel>1</nestedLevel>
  <escapedJava>false</escapedJava>
  <property name="deviceId">RR8R5017EJV</property>
</record>
<record>
  <date>2026-01-02T17:11:30</date>
  <millis>1767348690416</millis>
  <sequence>206</sequence>
  <level>RUN_DATA</level>
  <class>com.kms.katalon.core.logging.XmlKeywordLogger</class>
  <method>logMessage</method>
  <thread>1</thread>
  <message>deviceName = samsung SM-A125F (Android 12)</message>
  <nestedLevel>1</nestedLevel>
  <escapedJava>false</escapedJava>
  <property name="deviceName">samsung SM-A125F (Android 12)</property>
</record>
<record>
  <date>2026-01-02T17:11:30</date>
  <millis>1767348690416</millis>
  <sequence>207</sequence>
  <level>RUN_DATA</level>
  <class>com.kms.katalon.core.logging.XmlKeywordLogger</class>
  <method>logMessage</method>
  <thread>1</thread>
  <message>deviceModel = SM-A125F</message>
  <nestedLevel>1</nestedLevel>
  <escapedJava>false</escapedJava>
  <property name="deviceModel">SM-A125F</property>
</record>
<record>
  <date>2026-01-02T17:11:30</date>
  <millis>1767348690416</millis>
  <sequence>208</sequence>
  <level>RUN_DATA</level>
  <class>com.kms.katalon.core.logging.XmlKeywordLogger</class>
  <method>logMessage</method>
  <thread>1</thread>
  <message>deviceManufacturer = samsung</message>
  <nestedLevel>1</nestedLevel>
  <escapedJava>false</escapedJava>
  <property name="deviceManufacturer">samsung</property>
</record>
<record>
  <date>2026-01-02T17:11:30</date>
  <millis>1767348690417</millis>
  <sequence>209</sequence>
  <level>RUN_DATA</level>
  <class>com.kms.katalon.core.logging.XmlKeywordLogger</class>
  <method>logMessage</method>
  <thread>1</thread>
  <message>deviceOS = Android</message>
  <nestedLevel>1</nestedLevel>
  <escapedJava>false</escapedJava>
  <property name="deviceOS">Android</property>
</record>
<record>
  <date>2026-01-02T17:11:30</date>
  <millis>1767348690417</millis>
  <sequence>210</sequence>
  <level>RUN_DATA</level>
  <class>com.kms.katalon.core.logging.XmlKeywordLogger</class>
  <method>logMessage</method>
  <thread>1</thread>
  <message>deviceOSVersion = 12</message>
  <nestedLevel>1</nestedLevel>
  <escapedJava>false</escapedJava>
  <property name="deviceOSVersion">12</property>
</record>
<record>
  <date>2026-01-02T17:11:32</date>
  <millis>1767348692322</millis>
  <sequence>212</sequence>
  <level>PASSED</level>
  <class>com.kms.katalon.core.logging.XmlKeywordLogger</class>
  <method>logMessage</method>
  <thread>1</thread>
  <message>Starting app with application ID: &amp;apos;id.co.labamu.app&amp;apos;</message>
  <nestedLevel>1</nestedLevel>
  <escapedJava>false</escapedJava>
  <property name="testops-method-name">com.kms.katalon.core.mobile.keyword.internal.MobileKeywordMain$runKeyword.call</property>
  <property name="testops-execution-stacktrace">com.kms.katalon.core.logging.KeywordLogger.logPassed(KeywordLogger.java:340)
com.kms.katalon.core.logging.KeywordLogger.logPassed(KeywordLogger.java:334)
com.kms.katalon.core.logging.KeywordLogger$logPassed$1.call(Unknown Source)
com.kms.katalon.core.mobile.keyword.builtin.StartExistingApplicationKeyword$_startApplication_closure1.doCall(StartExistingApplicationKeyword.groovy:51)
com.kms.katalon.core.mobile.keyword.builtin.StartExistingApplicationKeyword$_startApplication_closure1.doCall(StartExistingApplicationKeyword.groovy)
com.kms.katalon.core.mobile.keyword.internal.MobileKeywordMain.runKeyword(MobileKeywordMain.groovy:21)
com.kms.katalon.core.mobile.keyword.internal.MobileKeywordMain$runKeyword.call(Unknown Source)
com.kms.katalon.core.mobile.keyword.builtin.StartExistingApplicationKeyword.startApplication(StartExistingApplicationKeyword.groovy:52)
com.kms.katalon.core.mobile.keyword.builtin.StartExistingApplicationKeyword.execute(StartExistingApplicationKeyword.groovy:37)
com.kms.katalon.core.keyword.internal.KeywordExecutor.executeKeywordForPlatform(KeywordExecutor.groovy:74)
com.kms.katalon.core.mobile.keyword.MobileBuiltInKeywords.startExistingApplication(MobileBuiltInKeywords.groovy:92)
com.kms.katalon.core.mobile.keyword.MobileBuiltInKeywords$startExistingApplication.call(Unknown Source)
Login by Email.run(Login by Email:23)
</property>
</record>
<record>
  <date>2026-01-02T17:11:32</date>
  <millis>1767348692323</millis>
  <sequence>213</sequence>
  <level>END</level>
  <class>com.kms.katalon.core.logging.XmlKeywordLogger</class>
  <method>endKeyword</method>
  <thread>1</thread>
  <message>End action : startExistingApplication(&amp;quot;id.co.labamu.app&amp;quot;)</message>
  <nestedLevel>1</nestedLevel>
  <escapedJava>false</escapedJava>
</record>
<record>
  <date>2026-01-02T17:11:32</date>
  <millis>1767348692323</millis>
  <sequence>214</sequence>
  <level>START</level>
  <class>com.kms.katalon.core.logging.XmlKeywordLogger</class>
  <method>startKeyword</method>
  <thread>1</thread>
  <message>Start action : widget = findTestObject(&amp;quot;Object Repository/btn-Widget-While&amp;quot;)</message>
  <nestedLevel>1</nestedLevel>
  <escapedJava>false</escapedJava>
  <property name="startLine">24</property>
  <property name="stepIndex">2</property>
</record>
<record>
  <date>2026-01-02T17:11:32</date>
  <millis>1767348692390</millis>
  <sequence>216</sequence>
  <level>END</level>
  <class>com.kms.katalon.core.logging.XmlKeywordLogger</class>
  <method>endKeyword</method>
  <thread>1</thread>
  <message>End action : widget = findTestObject(&amp;quot;Object Repository/btn-Widget-While&amp;quot;)</message>
  <nestedLevel>1</nestedLevel>
  <escapedJava>false</escapedJava>
</record>
<record>
  <date>2026-01-02T17:11:32</date>
  <millis>1767348692390</millis>
  <sequence>217</sequence>
  <level>START</level>
  <class>com.kms.katalon.core.logging.XmlKeywordLogger</class>
  <method>startKeyword</method>
  <thread>1</thread>
  <message>Start action : if (waitForElementPresent(widget, 5))</message>
  <nestedLevel>1</nestedLevel>
  <escapedJava>false</escapedJava>
  <property name="startLine">25</property>
  <property name="stepIndex">3</property>
</record>
<record>
  <date>2026-01-02T17:11:37</date>
  <millis>1767348697718</millis>
  <sequence>220</sequence>
  <level>WARNING</level>
  <class>com.kms.katalon.core.logging.XmlKeywordLogger</class>
  <method>logMessage</method>
  <thread>1</thread>
  <message>Object Object Repository/btn-Widget-While not found</message>
  <nestedLevel>1</nestedLevel>
  <escapedJava>false</escapedJava>
</record>
<record>
  <date>2026-01-02T17:11:37</date>
  <millis>1767348697718</millis>
  <sequence>221</sequence>
  <level>END</level>
  <class>com.kms.katalon.core.logging.XmlKeywordLogger</class>
  <method>endKeyword</method>
  <thread>1</thread>
  <message>End action : if (waitForElementPresent(widget, 5))</message>
  <nestedLevel>1</nestedLevel>
  <escapedJava>false</escapedJava>
</record>
<record>
  <date>2026-01-02T17:11:37</date>
  <millis>1767348697718</millis>
  <sequence>222</sequence>
  <level>START</level>
  <class>com.kms.katalon.core.logging.XmlKeywordLogger</class>
  <method>startKeyword</method>
  <thread>1</thread>
  <message>Start action : else</message>
  <nestedLevel>1</nestedLevel>
  <escapedJava>false</escapedJava>
  <property name="startLine">28</property>
  <property name="stepIndex">4</property>
</record>
<record>
  <date>2026-01-02T17:11:37</date>
  <millis>1767348697719</millis>
  <sequence>223</sequence>
  <level>START</level>
  <class>com.kms.katalon.core.logging.XmlKeywordLogger</class>
  <method>startKeyword</method>
  <thread>1</thread>
  <message>Start action : println(&amp;quot;Widget tidak muncul, lanjut step berikutnya&amp;quot;)</message>
  <nestedLevel>2</nestedLevel>
  <escapedJava>false</escapedJava>
  <property name="startLine">29</property>
  <property name="stepIndex">1</property>
</record>
<record>
  <date>2026-01-02T17:11:37</date>
  <millis>1767348697719</millis>
  <sequence>224</sequence>
  <level>END</level>
  <class>com.kms.katalon.core.logging.XmlKeywordLogger</class>
  <method>endKeyword</method>
  <thread>1</thread>
  <message>End action : println(&amp;quot;Widget tidak muncul, lanjut step berikutnya&amp;quot;)</message>
  <nestedLevel>2</nestedLevel>
  <escapedJava>false</escapedJava>
</record>
<record>
  <date>2026-01-02T17:11:37</date>
  <millis>1767348697719</millis>
  <sequence>225</sequence>
  <level>END</level>
  <class>com.kms.katalon.core.logging.XmlKeywordLogger</class>
  <method>endKeyword</method>
  <thread>1</thread>
  <message>End action : else</message>
  <nestedLevel>1</nestedLevel>
  <escapedJava>false</escapedJava>
</record>
<record>
  <date>2026-01-02T17:11:37</date>
  <millis>1767348697719</millis>
  <sequence>226</sequence>
  <level>START</level>
  <class>com.kms.katalon.core.logging.XmlKeywordLogger</class>
  <method>startKeyword</method>
  <thread>1</thread>
  <message>Start action : btnEmailOption = findTestObject(&amp;quot;Object Repository/btn-text-Email-Option&amp;quot;)</message>
  <nestedLevel>1</nestedLevel>
  <escapedJava>false</escapedJava>
  <property name="startLine">31</property>
  <property name="stepIndex">5</property>
</record>
<record>
  <date>2026-01-02T17:11:37</date>
  <millis>1767348697770</millis>
  <sequence>228</sequence>
  <level>END</level>
  <class>com.kms.katalon.core.logging.XmlKeywordLogger</class>
  <method>endKeyword</method>
  <thread>1</thread>
  <message>End action : btnEmailOption = findTestObject(&amp;quot;Object Repository/btn-text-Email-Option&amp;quot;)</message>
  <nestedLevel>1</nestedLevel>
  <escapedJava>false</escapedJava>
</record>
<record>
  <date>2026-01-02T17:11:37</date>
  <millis>1767348697771</millis>
  <sequence>229</sequence>
  <level>START</level>
  <class>com.kms.katalon.core.logging.XmlKeywordLogger</class>
  <method>startKeyword</method>
  <thread>1</thread>
  <message>Start action : inputEmail = findTestObject(&amp;quot;Object Repository/edt-Input-Email&amp;quot;)</message>
  <nestedLevel>1</nestedLevel>
  <escapedJava>false</escapedJava>
  <property name="startLine">32</property>
  <property name="stepIndex">6</property>
</record>
<record>
  <date>2026-01-02T17:11:37</date>
  <millis>1767348697821</millis>
  <sequence>231</sequence>
  <level>END</level>
  <class>com.kms.katalon.core.logging.XmlKeywordLogger</class>
  <method>endKeyword</method>
  <thread>1</thread>
  <message>End action : inputEmail = findTestObject(&amp;quot;Object Repository/edt-Input-Email&amp;quot;)</message>
  <nestedLevel>1</nestedLevel>
  <escapedJava>false</escapedJava>
</record>
<record>
  <date>2026-01-02T17:11:37</date>
  <millis>1767348697821</millis>
  <sequence>232</sequence>
  <level>START</level>
  <class>com.kms.katalon.core.logging.XmlKeywordLogger</class>
  <method>startKeyword</method>
  <thread>1</thread>
  <message>Start action : chkAgreement = findTestObject(&amp;quot;Object Repository/btn-CheckBox&amp;quot;)</message>
  <nestedLevel>1</nestedLevel>
  <escapedJava>false</escapedJava>
  <property name="startLine">33</property>
  <property name="stepIndex">7</property>
</record>
<record>
  <date>2026-01-02T17:11:37</date>
  <millis>1767348697885</millis>
  <sequence>234</sequence>
  <level>END</level>
  <class>com.kms.katalon.core.logging.XmlKeywordLogger</class>
  <method>endKeyword</method>
  <thread>1</thread>
  <message>End action : chkAgreement = findTestObject(&amp;quot;Object Repository/btn-CheckBox&amp;quot;)</message>
  <nestedLevel>1</nestedLevel>
  <escapedJava>false</escapedJava>
</record>
<record>
  <date>2026-01-02T17:11:37</date>
  <millis>1767348697887</millis>
  <sequence>235</sequence>
  <level>START</level>
  <class>com.kms.katalon.core.logging.XmlKeywordLogger</class>
  <method>startKeyword</method>
  <thread>1</thread>
  <message>Start action : btnMasuk = findTestObject(&amp;quot;Object Repository/btn-Masuk&amp;quot;)</message>
  <nestedLevel>1</nestedLevel>
  <escapedJava>false</escapedJava>
  <property name="startLine">34</property>
  <property name="stepIndex">8</property>
</record>
<record>
  <date>2026-01-02T17:11:37</date>
  <millis>1767348697961</millis>
  <sequence>237</sequence>
  <level>END</level>
  <class>com.kms.katalon.core.logging.XmlKeywordLogger</class>
  <method>endKeyword</method>
  <thread>1</thread>
  <message>End action : btnMasuk = findTestObject(&amp;quot;Object Repository/btn-Masuk&amp;quot;)</message>
  <nestedLevel>1</nestedLevel>
  <escapedJava>false</escapedJava>
</record>
<record>
  <date>2026-01-02T17:11:37</date>
  <millis>1767348697961</millis>
  <sequence>238</sequence>
  <level>START</level>
  <class>com.kms.katalon.core.logging.XmlKeywordLogger</class>
  <method>startKeyword</method>
  <thread>1</thread>
  <message>Start action : waitForElementPresent(btnEmailOption, 10)</message>
  <nestedLevel>1</nestedLevel>
  <escapedJava>false</escapedJava>
  <property name="startLine">35</property>
  <property name="stepIndex">9</property>
</record>
<record>
  <date>2026-01-02T17:11:38</date>
  <millis>1767348698227</millis>
  <sequence>241</sequence>
  <level>PASSED</level>
  <class>com.kms.katalon.core.logging.XmlKeywordLogger</class>
  <method>logMessage</method>
  <thread>1</thread>
  <message>Element &amp;apos;Object Repository/btn-text-Email-Option&amp;apos; is present</message>
  <nestedLevel>1</nestedLevel>
  <escapedJava>false</escapedJava>
  <property name="testops-method-name">com.kms.katalon.core.mobile.keyword.builtin.WaitForElementPresentKeyword.waitForElementPresent</property>
  <property name="testops-execution-stacktrace"></property>
</record>
<record>
  <date>2026-01-02T17:11:38</date>
  <millis>1767348698228</millis>
  <sequence>242</sequence>
  <level>END</level>
  <class>com.kms.katalon.core.logging.XmlKeywordLogger</class>
  <method>endKeyword</method>
  <thread>1</thread>
  <message>End action : waitForElementPresent(btnEmailOption, 10)</message>
  <nestedLevel>1</nestedLevel>
  <escapedJava>false</escapedJava>
</record>
<record>
  <date>2026-01-02T17:11:38</date>
  <millis>1767348698228</millis>
  <sequence>243</sequence>
  <level>START</level>
  <class>com.kms.katalon.core.logging.XmlKeywordLogger</class>
  <method>startKeyword</method>
  <thread>1</thread>
  <message>Start action : tap(btnEmailOption, 10)</message>
  <nestedLevel>1</nestedLevel>
  <escapedJava>false</escapedJava>
  <property name="startLine">36</property>
  <property name="stepIndex">10</property>
</record>
<record>
  <date>2026-01-02T17:11:38</date>
  <millis>1767348698556</millis>
  <sequence>246</sequence>
  <level>PASSED</level>
  <class>com.kms.katalon.core.logging.XmlKeywordLogger</class>
  <method>logMessage</method>
  <thread>1</thread>
  <message>Tapped on element &amp;apos;Object Repository/btn-text-Email-Option&amp;apos;</message>
  <nestedLevel>1</nestedLevel>
  <escapedJava>false</escapedJava>
  <property name="testops-method-name">com.kms.katalon.core.mobile.keyword.builtin.TapKeyword.tap</property>
  <property name="testops-execution-stacktrace"></property>
</record>
<record>
  <date>2026-01-02T17:11:38</date>
  <millis>1767348698556</millis>
  <sequence>247</sequence>
  <level>END</level>
  <class>com.kms.katalon.core.logging.XmlKeywordLogger</class>
  <method>endKeyword</method>
  <thread>1</thread>
  <message>End action : tap(btnEmailOption, 10)</message>
  <nestedLevel>1</nestedLevel>
  <escapedJava>false</escapedJava>
</record>
<record>
  <date>2026-01-02T17:11:38</date>
  <millis>1767348698556</millis>
  <sequence>248</sequence>
  <level>START</level>
  <class>com.kms.katalon.core.logging.XmlKeywordLogger</class>
  <method>startKeyword</method>
  <thread>1</thread>
  <message>Start action : waitForElementPresent(inputEmail, 10)</message>
  <nestedLevel>1</nestedLevel>
  <escapedJava>false</escapedJava>
  <property name="startLine">37</property>
  <property name="stepIndex">11</property>
</record>
<record>
  <date>2026-01-02T17:11:39</date>
  <millis>1767348699317</millis>
  <sequence>251</sequence>
  <level>PASSED</level>
  <class>com.kms.katalon.core.logging.XmlKeywordLogger</class>
  <method>logMessage</method>
  <thread>1</thread>
  <message>Element &amp;apos;Object Repository/edt-Input-Email&amp;apos; is present</message>
  <nestedLevel>1</nestedLevel>
  <escapedJava>false</escapedJava>
  <property name="testops-method-name">com.kms.katalon.core.mobile.keyword.builtin.WaitForElementPresentKeyword.waitForElementPresent</property>
  <property name="testops-execution-stacktrace"></property>
</record>
<record>
  <date>2026-01-02T17:11:39</date>
  <millis>1767348699318</millis>
  <sequence>252</sequence>
  <level>END</level>
  <class>com.kms.katalon.core.logging.XmlKeywordLogger</class>
  <method>endKeyword</method>
  <thread>1</thread>
  <message>End action : waitForElementPresent(inputEmail, 10)</message>
  <nestedLevel>1</nestedLevel>
  <escapedJava>false</escapedJava>
</record>
<record>
  <date>2026-01-02T17:11:39</date>
  <millis>1767348699318</millis>
  <sequence>253</sequence>
  <level>START</level>
  <class>com.kms.katalon.core.logging.XmlKeywordLogger</class>
  <method>startKeyword</method>
  <thread>1</thread>
  <message>Start action : tap(inputEmail, 10)</message>
  <nestedLevel>1</nestedLevel>
  <escapedJava>false</escapedJava>
  <property name="startLine">38</property>
  <property name="stepIndex">12</property>
</record>
<record>
  <date>2026-01-02T17:11:39</date>
  <millis>1767348699688</millis>
  <sequence>256</sequence>
  <level>PASSED</level>
  <class>com.kms.katalon.core.logging.XmlKeywordLogger</class>
  <method>logMessage</method>
  <thread>1</thread>
  <message>Tapped on element &amp;apos;Object Repository/edt-Input-Email&amp;apos;</message>
  <nestedLevel>1</nestedLevel>
  <escapedJava>false</escapedJava>
  <property name="testops-method-name">com.kms.katalon.core.mobile.keyword.builtin.TapKeyword.tap</property>
  <property name="testops-execution-stacktrace"></property>
</record>
<record>
  <date>2026-01-02T17:11:39</date>
  <millis>1767348699688</millis>
  <sequence>257</sequence>
  <level>END</level>
  <class>com.kms.katalon.core.logging.XmlKeywordLogger</class>
  <method>endKeyword</method>
  <thread>1</thread>
  <message>End action : tap(inputEmail, 10)</message>
  <nestedLevel>1</nestedLevel>
  <escapedJava>false</escapedJava>
</record>
<record>
  <date>2026-01-02T17:11:39</date>
  <millis>1767348699688</millis>
  <sequence>258</sequence>
  <level>START</level>
  <class>com.kms.katalon.core.logging.XmlKeywordLogger</class>
  <method>startKeyword</method>
  <thread>1</thread>
  <message>Start action : setText(inputEmail, email, 10)</message>
  <nestedLevel>1</nestedLevel>
  <escapedJava>false</escapedJava>
  <property name="startLine">39</property>
  <property name="stepIndex">13</property>
</record>
<record>
  <date>2026-01-02T17:11:41</date>
  <millis>1767348701548</millis>
  <sequence>261</sequence>
  <level>PASSED</level>
  <class>com.kms.katalon.core.logging.XmlKeywordLogger</class>
  <method>logMessage</method>
  <thread>1</thread>
  <message>Text &amp;apos;abc@com&amp;apos; has been set to element &amp;apos;Object Repository/edt-Input-Email&amp;apos;</message>
  <nestedLevel>1</nestedLevel>
  <escapedJava>false</escapedJava>
  <property name="testops-method-name">com.kms.katalon.core.mobile.keyword.builtin.SetTextKeyword.setText</property>
  <property name="testops-execution-stacktrace"></property>
</record>
<record>
  <date>2026-01-02T17:11:41</date>
  <millis>1767348701549</millis>
  <sequence>262</sequence>
  <level>END</level>
  <class>com.kms.katalon.core.logging.XmlKeywordLogger</class>
  <method>endKeyword</method>
  <thread>1</thread>
  <message>End action : setText(inputEmail, email, 10)</message>
  <nestedLevel>1</nestedLevel>
  <escapedJava>false</escapedJava>
</record>
<record>
  <date>2026-01-02T17:11:41</date>
  <millis>1767348701549</millis>
  <sequence>263</sequence>
  <level>START</level>
  <class>com.kms.katalon.core.logging.XmlKeywordLogger</class>
  <method>startKeyword</method>
  <thread>1</thread>
  <message>Start action : tap(chkAgreement, 10)</message>
  <nestedLevel>1</nestedLevel>
  <escapedJava>false</escapedJava>
  <property name="startLine">40</property>
  <property name="stepIndex">14</property>
</record>
<record>
  <date>2026-01-02T17:11:42</date>
  <millis>1767348702367</millis>
  <sequence>266</sequence>
  <level>PASSED</level>
  <class>com.kms.katalon.core.logging.XmlKeywordLogger</class>
  <method>logMessage</method>
  <thread>1</thread>
  <message>Tapped on element &amp;apos;Object Repository/btn-CheckBox&amp;apos;</message>
  <nestedLevel>1</nestedLevel>
  <escapedJava>false</escapedJava>
  <property name="testops-method-name">com.kms.katalon.core.mobile.keyword.builtin.TapKeyword.tap</property>
  <property name="testops-execution-stacktrace"></property>
</record>
<record>
  <date>2026-01-02T17:11:42</date>
  <millis>1767348702368</millis>
  <sequence>267</sequence>
  <level>END</level>
  <class>com.kms.katalon.core.logging.XmlKeywordLogger</class>
  <method>endKeyword</method>
  <thread>1</thread>
  <message>End action : tap(chkAgreement, 10)</message>
  <nestedLevel>1</nestedLevel>
  <escapedJava>false</escapedJava>
</record>
<record>
  <date>2026-01-02T17:11:42</date>
  <millis>1767348702368</millis>
  <sequence>268</sequence>
  <level>START</level>
  <class>com.kms.katalon.core.logging.XmlKeywordLogger</class>
  <method>startKeyword</method>
  <thread>1</thread>
  <message>Start action : waitForElementAttributeValue(btnMasuk, &amp;quot;enabled&amp;quot;, &amp;quot;true&amp;quot;, 10)</message>
  <nestedLevel>1</nestedLevel>
  <escapedJava>false</escapedJava>
  <property name="startLine">41</property>
  <property name="stepIndex">15</property>
</record>
<record>
  <date>2026-01-02T17:11:43</date>
  <millis>1767348703213</millis>
  <sequence>272</sequence>
  <level>PASSED</level>
  <class>com.kms.katalon.core.logging.XmlKeywordLogger</class>
  <method>logMessage</method>
  <thread>1</thread>
  <message>Object &amp;apos;Object Repository/btn-Masuk&amp;apos; has attribute &amp;apos;enabled&amp;apos; with value &amp;apos;true&amp;apos;</message>
  <nestedLevel>1</nestedLevel>
  <escapedJava>false</escapedJava>
  <property name="testops-method-name">com.kms.katalon.core.mobile.keyword.builtin.WaitForElementAttributeValueKeyword.waitForElementAttributeValue</property>
  <property name="testops-execution-stacktrace"></property>
</record>
<record>
  <date>2026-01-02T17:11:43</date>
  <millis>1767348703213</millis>
  <sequence>273</sequence>
  <level>END</level>
  <class>com.kms.katalon.core.logging.XmlKeywordLogger</class>
  <method>endKeyword</method>
  <thread>1</thread>
  <message>End action : waitForElementAttributeValue(btnMasuk, &amp;quot;enabled&amp;quot;, &amp;quot;true&amp;quot;, 10)</message>
  <nestedLevel>1</nestedLevel>
  <escapedJava>false</escapedJava>
</record>
<record>
  <date>2026-01-02T17:11:43</date>
  <millis>1767348703213</millis>
  <sequence>274</sequence>
  <level>START</level>
  <class>com.kms.katalon.core.logging.XmlKeywordLogger</class>
  <method>startKeyword</method>
  <thread>1</thread>
  <message>Start action : verifyElementAttributeValue(btnMasuk, &amp;quot;enabled&amp;quot;, &amp;quot;true&amp;quot;, 10)</message>
  <nestedLevel>1</nestedLevel>
  <escapedJava>false</escapedJava>
  <property name="startLine">47</property>
  <property name="stepIndex">16</property>
</record>
<record>
  <date>2026-01-02T17:11:43</date>
  <millis>1767348703347</millis>
  <sequence>278</sequence>
  <level>PASSED</level>
  <class>com.kms.katalon.core.logging.XmlKeywordLogger</class>
  <method>logMessage</method>
  <thread>1</thread>
  <message>Object &amp;apos;Object Repository/btn-Masuk&amp;apos; has attribute &amp;apos;enabled&amp;apos; with value &amp;apos;true&amp;apos;</message>
  <nestedLevel>1</nestedLevel>
  <escapedJava>false</escapedJava>
  <property name="testops-is-assertion">true</property>
  <property name="testops-method-name">com.kms.katalon.core.mobile.keyword.builtin.VerifyElementAttributeValueKeyword.verifyElementAttributeValue</property>
  <property name="testops-execution-stacktrace"></property>
</record>
<record>
  <date>2026-01-02T17:11:43</date>
  <millis>1767348703347</millis>
  <sequence>279</sequence>
  <level>END</level>
  <class>com.kms.katalon.core.logging.XmlKeywordLogger</class>
  <method>endKeyword</method>
  <thread>1</thread>
  <message>End action : verifyElementAttributeValue(btnMasuk, &amp;quot;enabled&amp;quot;, &amp;quot;true&amp;quot;, 10)</message>
  <nestedLevel>1</nestedLevel>
  <escapedJava>false</escapedJava>
</record>
<record>
  <date>2026-01-02T17:11:43</date>
  <millis>1767348703347</millis>
  <sequence>280</sequence>
  <level>START</level>
  <class>com.kms.katalon.core.logging.XmlKeywordLogger</class>
  <method>startKeyword</method>
  <thread>1</thread>
  <message>Start action : tap(btnMasuk, 10)</message>
  <nestedLevel>1</nestedLevel>
  <escapedJava>false</escapedJava>
  <property name="startLine">53</property>
  <property name="stepIndex">17</property>
</record>
<record>
  <date>2026-01-02T17:11:43</date>
  <millis>1767348703600</millis>
  <sequence>283</sequence>
  <level>PASSED</level>
  <class>com.kms.katalon.core.logging.XmlKeywordLogger</class>
  <method>logMessage</method>
  <thread>1</thread>
  <message>Tapped on element &amp;apos;Object Repository/btn-Masuk&amp;apos;</message>
  <nestedLevel>1</nestedLevel>
  <escapedJava>false</escapedJava>
  <property name="testops-method-name">com.kms.katalon.core.mobile.keyword.builtin.TapKeyword.tap</property>
  <property name="testops-execution-stacktrace"></property>
</record>
<record>
  <date>2026-01-02T17:11:43</date>
  <millis>1767348703600</millis>
  <sequence>284</sequence>
  <level>END</level>
  <class>com.kms.katalon.core.logging.XmlKeywordLogger</class>
  <method>endKeyword</method>
  <thread>1</thread>
  <message>End action : tap(btnMasuk, 10)</message>
  <nestedLevel>1</nestedLevel>
  <escapedJava>false</escapedJava>
</record>
<record>
  <date>2026-01-02T17:11:43</date>
  <millis>1767348703600</millis>
  <sequence>285</sequence>
  <level>START</level>
  <class>com.kms.katalon.core.logging.XmlKeywordLogger</class>
  <method>startKeyword</method>
  <thread>1</thread>
  <message>Start action : closeApplication()</message>
  <nestedLevel>1</nestedLevel>
  <escapedJava>false</escapedJava>
  <property name="startLine">54</property>
  <property name="stepIndex">18</property>
</record>
<record>
  <date>2026-01-02T17:11:44</date>
  <millis>1767348704027</millis>
  <sequence>286</sequence>
  <level>PASSED</level>
  <class>com.kms.katalon.core.logging.XmlKeywordLogger</class>
  <method>logMessage</method>
  <thread>1</thread>
  <message>Close app successfully</message>
  <nestedLevel>1</nestedLevel>
  <escapedJava>false</escapedJava>
  <property name="testops-method-name">com.kms.katalon.core.mobile.keyword.builtin.CloseApplicationKeyword.closeApplication</property>
  <property name="testops-execution-stacktrace"></property>
</record>
<record>
  <date>2026-01-02T17:11:44</date>
  <millis>1767348704028</millis>
  <sequence>287</sequence>
  <level>END</level>
  <class>com.kms.katalon.core.logging.XmlKeywordLogger</class>
  <method>endKeyword</method>
  <thread>1</thread>
  <message>End action : closeApplication()</message>
  <nestedLevel>1</nestedLevel>
  <escapedJava>false</escapedJava>
</record>
<record>
  <date>2026-01-02T17:11:44</date>
  <millis>1767348704028</millis>
  <sequence>288</sequence>
  <level>PASSED</level>
  <class>com.kms.katalon.core.logging.XmlKeywordLogger</class>
  <method>logMessage</method>
  <thread>1</thread>
  <message>Test Cases/Login by Email</message>
  <nestedLevel>1</nestedLevel>
  <escapedJava>false</escapedJava>
</record>
<record>
  <date>2026-01-02T17:11:44</date>
  <millis>1767348704028</millis>
  <sequence>289</sequence>
  <level>END</level>
  <class>com.kms.katalon.core.logging.XmlKeywordLogger</class>
  <method>endTest</method>
  <thread>1</thread>
  <message>End Test Case : Test Cases/Login by Email</message>
  <nestedLevel>0</nestedLevel>
  <escapedJava>false</escapedJava>
  <property name="executionBindingVariables">[
  {
    &quot;displayReportName&quot;: &quot;email&quot;,
    &quot;value&quot;: &quot;abc@com&quot;,
    &quot;name&quot;: &quot;email&quot;,
    &quot;masked&quot;: false
  }
]</property>
  <property name="applitools">false</property>
  <property name="keywordsUsage">{
  &quot;web_ui&quot;: false,
  &quot;web_service&quot;: false,
  &quot;cucumber&quot;: false,
  &quot;builtin&quot;: false,
  &quot;mobile&quot;: true,
  &quot;windows&quot;: false,
  &quot;testng&quot;: false
}</property>
</record>
<record>
  <date>2026-01-02T17:11:44</date>
  <millis>1767348704046</millis>
  <sequence>290</sequence>
  <level>START</level>
  <class>com.kms.katalon.core.logging.XmlKeywordLogger</class>
  <method>startTest</method>
  <thread>1</thread>
  <message>Start Test Case : Test Cases/Login by Email</message>
  <nestedLevel>1</nestedLevel>
  <escapedJava>false</escapedJava>
  <property name="name">Test Cases/Login by Email</property>
  <property name="description"></property>
  <property name="iteration"></property>
  <property name="id">Test Cases/Login by Email</property>
  <property name="source">C:\Users\ichsa\Katalon Studio\Labamu\Test Cases\Login by Email.tc</property>
  <property name="tag"></property>
  <property name="isOptional">false</property>
</record>
<record>
  <date>2026-01-02T17:11:44</date>
  <millis>1767348704050</millis>
  <sequence>292</sequence>
  <level>INFO</level>
  <class>com.kms.katalon.core.logging.XmlKeywordLogger</class>
  <method>logMessage</method>
  <thread>1</thread>
  <message>email = prod@gmail</message>
  <nestedLevel>1</nestedLevel>
  <escapedJava>false</escapedJava>
</record>
<record>
  <date>2026-01-02T17:11:44</date>
  <millis>1767348704050</millis>
  <sequence>293</sequence>
  <level>START</level>
  <class>com.kms.katalon.core.logging.XmlKeywordLogger</class>
  <method>startKeyword</method>
  <thread>1</thread>
  <message>Start action : startExistingApplication(&amp;quot;id.co.labamu.app&amp;quot;)</message>
  <nestedLevel>1</nestedLevel>
  <escapedJava>false</escapedJava>
  <property name="startLine">23</property>
  <property name="stepIndex">1</property>
</record>
<record>
  <date>2026-01-02T17:11:44</date>
  <millis>1767348704136</millis>
  <sequence>295</sequence>
  <level>INFO</level>
  <class>com.kms.katalon.core.logging.XmlKeywordLogger</class>
  <method>logMessage</method>
  <thread>1</thread>
  <message>Detected NodeJS location: &amp;quot;C:\Program Files\nodejs\node.exe&amp;quot;</message>
  <nestedLevel>1</nestedLevel>
  <escapedJava>false</escapedJava>
</record>
<record>
  <date>2026-01-02T17:11:45</date>
  <millis>1767348705207</millis>
  <sequence>296</sequence>
  <level>INFO</level>
  <class>com.kms.katalon.core.logging.XmlKeywordLogger</class>
  <method>logMessage</method>
  <thread>1</thread>
  <message>Appium server started on port 61,634</message>
  <nestedLevel>1</nestedLevel>
  <escapedJava>false</escapedJava>
</record>
<record>
  <date>2026-01-02T17:11:54</date>
  <millis>1767348714843</millis>
  <sequence>298</sequence>
  <level>RUN_DATA</level>
  <class>com.kms.katalon.core.logging.XmlKeywordLogger</class>
  <method>logMessage</method>
  <thread>1</thread>
  <message>appiumVersion = 1.22.3</message>
  <nestedLevel>1</nestedLevel>
  <escapedJava>false</escapedJava>
  <property name="appiumVersion">1.22.3</property>
</record>
<record>
  <date>2026-01-02T17:11:54</date>
  <millis>1767348714844</millis>
  <sequence>299</sequence>
  <level>RUN_DATA</level>
  <class>com.kms.katalon.core.logging.XmlKeywordLogger</class>
  <method>logMessage</method>
  <thread>1</thread>
  <message>appiumServerStatus = {&amp;quot;value&amp;quot;:{&amp;quot;build&amp;quot;:{&amp;quot;version&amp;quot;:&amp;quot;1.22.3&amp;quot;}},&amp;quot;sessionId&amp;quot;:null,&amp;quot;status&amp;quot;:0}</message>
  <nestedLevel>1</nestedLevel>
  <escapedJava>false</escapedJava>
  <property name="appiumServerStatus">{&quot;value&quot;:{&quot;build&quot;:{&quot;version&quot;:&quot;1.22.3&quot;}},&quot;sessionId&quot;:null,&quot;status&quot;:0}</property>
</record>
<record>
  <date>2026-01-02T17:11:54</date>
  <millis>1767348714869</millis>
  <sequence>300</sequence>
  <level>RUN_DATA</level>
  <class>com.kms.katalon.core.logging.XmlKeywordLogger</class>
  <method>logMessage</method>
  <thread>1</thread>
  <message>deviceId = RR8R5017EJV</message>
  <nestedLevel>1</nestedLevel>
  <escapedJava>false</escapedJava>
  <property name="deviceId">RR8R5017EJV</property>
</record>
<record>
  <date>2026-01-02T17:11:54</date>
  <millis>1767348714869</millis>
  <sequence>301</sequence>
  <level>RUN_DATA</level>
  <class>com.kms.katalon.core.logging.XmlKeywordLogger</class>
  <method>logMessage</method>
  <thread>1</thread>
  <message>deviceName = samsung SM-A125F (Android 12)</message>
  <nestedLevel>1</nestedLevel>
  <escapedJava>false</escapedJava>
  <property name="deviceName">samsung SM-A125F (Android 12)</property>
</record>
<record>
  <date>2026-01-02T17:11:54</date>
  <millis>1767348714870</millis>
  <sequence>302</sequence>
  <level>RUN_DATA</level>
  <class>com.kms.katalon.core.logging.XmlKeywordLogger</class>
  <method>logMessage</method>
  <thread>1</thread>
  <message>deviceModel = SM-A125F</message>
  <nestedLevel>1</nestedLevel>
  <escapedJava>false</escapedJava>
  <property name="deviceModel">SM-A125F</property>
</record>
<record>
  <date>2026-01-02T17:11:54</date>
  <millis>1767348714870</millis>
  <sequence>303</sequence>
  <level>RUN_DATA</level>
  <class>com.kms.katalon.core.logging.XmlKeywordLogger</class>
  <method>logMessage</method>
  <thread>1</thread>
  <message>deviceManufacturer = samsung</message>
  <nestedLevel>1</nestedLevel>
  <escapedJava>false</escapedJava>
  <property name="deviceManufacturer">samsung</property>
</record>
<record>
  <date>2026-01-02T17:11:54</date>
  <millis>1767348714870</millis>
  <sequence>304</sequence>
  <level>RUN_DATA</level>
  <class>com.kms.katalon.core.logging.XmlKeywordLogger</class>
  <method>logMessage</method>
  <thread>1</thread>
  <message>deviceOS = Android</message>
  <nestedLevel>1</nestedLevel>
  <escapedJava>false</escapedJava>
  <property name="deviceOS">Android</property>
</record>
<record>
  <date>2026-01-02T17:11:54</date>
  <millis>1767348714870</millis>
  <sequence>305</sequence>
  <level>RUN_DATA</level>
  <class>com.kms.katalon.core.logging.XmlKeywordLogger</class>
  <method>logMessage</method>
  <thread>1</thread>
  <message>deviceOSVersion = 12</message>
  <nestedLevel>1</nestedLevel>
  <escapedJava>false</escapedJava>
  <property name="deviceOSVersion">12</property>
</record>
<record>
  <date>2026-01-02T17:11:56</date>
  <millis>1767348716738</millis>
  <sequence>307</sequence>
  <level>PASSED</level>
  <class>com.kms.katalon.core.logging.XmlKeywordLogger</class>
  <method>logMessage</method>
  <thread>1</thread>
  <message>Starting app with application ID: &amp;apos;id.co.labamu.app&amp;apos;</message>
  <nestedLevel>1</nestedLevel>
  <escapedJava>false</escapedJava>
  <property name="testops-method-name">com.kms.katalon.core.mobile.keyword.internal.MobileKeywordMain$runKeyword.call</property>
  <property name="testops-execution-stacktrace">com.kms.katalon.core.logging.KeywordLogger.logPassed(KeywordLogger.java:340)
com.kms.katalon.core.logging.KeywordLogger.logPassed(KeywordLogger.java:334)
com.kms.katalon.core.logging.KeywordLogger$logPassed$1.call(Unknown Source)
com.kms.katalon.core.mobile.keyword.builtin.StartExistingApplicationKeyword$_startApplication_closure1.doCall(StartExistingApplicationKeyword.groovy:51)
com.kms.katalon.core.mobile.keyword.builtin.StartExistingApplicationKeyword$_startApplication_closure1.doCall(StartExistingApplicationKeyword.groovy)
com.kms.katalon.core.mobile.keyword.internal.MobileKeywordMain.runKeyword(MobileKeywordMain.groovy:21)
com.kms.katalon.core.mobile.keyword.internal.MobileKeywordMain$runKeyword.call(Unknown Source)
com.kms.katalon.core.mobile.keyword.builtin.StartExistingApplicationKeyword.startApplication(StartExistingApplicationKeyword.groovy:52)
com.kms.katalon.core.mobile.keyword.builtin.StartExistingApplicationKeyword.execute(StartExistingApplicationKeyword.groovy:37)
com.kms.katalon.core.keyword.internal.KeywordExecutor.executeKeywordForPlatform(KeywordExecutor.groovy:74)
com.kms.katalon.core.mobile.keyword.MobileBuiltInKeywords.startExistingApplication(MobileBuiltInKeywords.groovy:92)
com.kms.katalon.core.mobile.keyword.MobileBuiltInKeywords$startExistingApplication.call(Unknown Source)
Login by Email.run(Login by Email:23)
</property>
</record>
<record>
  <date>2026-01-02T17:11:56</date>
  <millis>1767348716738</millis>
  <sequence>308</sequence>
  <level>END</level>
  <class>com.kms.katalon.core.logging.XmlKeywordLogger</class>
  <method>endKeyword</method>
  <thread>1</thread>
  <message>End action : startExistingApplication(&amp;quot;id.co.labamu.app&amp;quot;)</message>
  <nestedLevel>1</nestedLevel>
  <escapedJava>false</escapedJava>
</record>
<record>
  <date>2026-01-02T17:11:56</date>
  <millis>1767348716738</millis>
  <sequence>309</sequence>
  <level>START</level>
  <class>com.kms.katalon.core.logging.XmlKeywordLogger</class>
  <method>startKeyword</method>
  <thread>1</thread>
  <message>Start action : widget = findTestObject(&amp;quot;Object Repository/btn-Widget-While&amp;quot;)</message>
  <nestedLevel>1</nestedLevel>
  <escapedJava>false</escapedJava>
  <property name="startLine">24</property>
  <property name="stepIndex">2</property>
</record>
<record>
  <date>2026-01-02T17:11:56</date>
  <millis>1767348716780</millis>
  <sequence>311</sequence>
  <level>END</level>
  <class>com.kms.katalon.core.logging.XmlKeywordLogger</class>
  <method>endKeyword</method>
  <thread>1</thread>
  <message>End action : widget = findTestObject(&amp;quot;Object Repository/btn-Widget-While&amp;quot;)</message>
  <nestedLevel>1</nestedLevel>
  <escapedJava>false</escapedJava>
</record>
<record>
  <date>2026-01-02T17:11:56</date>
  <millis>1767348716780</millis>
  <sequence>312</sequence>
  <level>START</level>
  <class>com.kms.katalon.core.logging.XmlKeywordLogger</class>
  <method>startKeyword</method>
  <thread>1</thread>
  <message>Start action : if (waitForElementPresent(widget, 5))</message>
  <nestedLevel>1</nestedLevel>
  <escapedJava>false</escapedJava>
  <property name="startLine">25</property>
  <property name="stepIndex">3</property>
</record>
<record>
  <date>2026-01-02T17:12:01</date>
  <millis>1767348721871</millis>
  <sequence>315</sequence>
  <level>WARNING</level>
  <class>com.kms.katalon.core.logging.XmlKeywordLogger</class>
  <method>logMessage</method>
  <thread>1</thread>
  <message>Object Object Repository/btn-Widget-While not found</message>
  <nestedLevel>1</nestedLevel>
  <escapedJava>false</escapedJava>
</record>
<record>
  <date>2026-01-02T17:12:01</date>
  <millis>1767348721872</millis>
  <sequence>316</sequence>
  <level>END</level>
  <class>com.kms.katalon.core.logging.XmlKeywordLogger</class>
  <method>endKeyword</method>
  <thread>1</thread>
  <message>End action : if (waitForElementPresent(widget, 5))</message>
  <nestedLevel>1</nestedLevel>
  <escapedJava>false</escapedJava>
</record>
<record>
  <date>2026-01-02T17:12:01</date>
  <millis>1767348721872</millis>
  <sequence>317</sequence>
  <level>START</level>
  <class>com.kms.katalon.core.logging.XmlKeywordLogger</class>
  <method>startKeyword</method>
  <thread>1</thread>
  <message>Start action : else</message>
  <nestedLevel>1</nestedLevel>
  <escapedJava>false</escapedJava>
  <property name="startLine">28</property>
  <property name="stepIndex">4</property>
</record>
<record>
  <date>2026-01-02T17:12:01</date>
  <millis>1767348721872</millis>
  <sequence>318</sequence>
  <level>START</level>
  <class>com.kms.katalon.core.logging.XmlKeywordLogger</class>
  <method>startKeyword</method>
  <thread>1</thread>
  <message>Start action : println(&amp;quot;Widget tidak muncul, lanjut step berikutnya&amp;quot;)</message>
  <nestedLevel>2</nestedLevel>
  <escapedJava>false</escapedJava>
  <property name="startLine">29</property>
  <property name="stepIndex">1</property>
</record>
<record>
  <date>2026-01-02T17:12:01</date>
  <millis>1767348721872</millis>
  <sequence>319</sequence>
  <level>END</level>
  <class>com.kms.katalon.core.logging.XmlKeywordLogger</class>
  <method>endKeyword</method>
  <thread>1</thread>
  <message>End action : println(&amp;quot;Widget tidak muncul, lanjut step berikutnya&amp;quot;)</message>
  <nestedLevel>2</nestedLevel>
  <escapedJava>false</escapedJava>
</record>
<record>
  <date>2026-01-02T17:12:01</date>
  <millis>1767348721872</millis>
  <sequence>320</sequence>
  <level>END</level>
  <class>com.kms.katalon.core.logging.XmlKeywordLogger</class>
  <method>endKeyword</method>
  <thread>1</thread>
  <message>End action : else</message>
  <nestedLevel>1</nestedLevel>
  <escapedJava>false</escapedJava>
</record>
<record>
  <date>2026-01-02T17:12:01</date>
  <millis>1767348721872</millis>
  <sequence>321</sequence>
  <level>START</level>
  <class>com.kms.katalon.core.logging.XmlKeywordLogger</class>
  <method>startKeyword</method>
  <thread>1</thread>
  <message>Start action : btnEmailOption = findTestObject(&amp;quot;Object Repository/btn-text-Email-Option&amp;quot;)</message>
  <nestedLevel>1</nestedLevel>
  <escapedJava>false</escapedJava>
  <property name="startLine">31</property>
  <property name="stepIndex">5</property>
</record>
<record>
  <date>2026-01-02T17:12:01</date>
  <millis>1767348721912</millis>
  <sequence>323</sequence>
  <level>END</level>
  <class>com.kms.katalon.core.logging.XmlKeywordLogger</class>
  <method>endKeyword</method>
  <thread>1</thread>
  <message>End action : btnEmailOption = findTestObject(&amp;quot;Object Repository/btn-text-Email-Option&amp;quot;)</message>
  <nestedLevel>1</nestedLevel>
  <escapedJava>false</escapedJava>
</record>
<record>
  <date>2026-01-02T17:12:01</date>
  <millis>1767348721912</millis>
  <sequence>324</sequence>
  <level>START</level>
  <class>com.kms.katalon.core.logging.XmlKeywordLogger</class>
  <method>startKeyword</method>
  <thread>1</thread>
  <message>Start action : inputEmail = findTestObject(&amp;quot;Object Repository/edt-Input-Email&amp;quot;)</message>
  <nestedLevel>1</nestedLevel>
  <escapedJava>false</escapedJava>
  <property name="startLine">32</property>
  <property name="stepIndex">6</property>
</record>
<record>
  <date>2026-01-02T17:12:01</date>
  <millis>1767348721950</millis>
  <sequence>326</sequence>
  <level>END</level>
  <class>com.kms.katalon.core.logging.XmlKeywordLogger</class>
  <method>endKeyword</method>
  <thread>1</thread>
  <message>End action : inputEmail = findTestObject(&amp;quot;Object Repository/edt-Input-Email&amp;quot;)</message>
  <nestedLevel>1</nestedLevel>
  <escapedJava>false</escapedJava>
</record>
<record>
  <date>2026-01-02T17:12:01</date>
  <millis>1767348721950</millis>
  <sequence>327</sequence>
  <level>START</level>
  <class>com.kms.katalon.core.logging.XmlKeywordLogger</class>
  <method>startKeyword</method>
  <thread>1</thread>
  <message>Start action : chkAgreement = findTestObject(&amp;quot;Object Repository/btn-CheckBox&amp;quot;)</message>
  <nestedLevel>1</nestedLevel>
  <escapedJava>false</escapedJava>
  <property name="startLine">33</property>
  <property name="stepIndex">7</property>
</record>
<record>
  <date>2026-01-02T17:12:01</date>
  <millis>1767348721987</millis>
  <sequence>329</sequence>
  <level>END</level>
  <class>com.kms.katalon.core.logging.XmlKeywordLogger</class>
  <method>endKeyword</method>
  <thread>1</thread>
  <message>End action : chkAgreement = findTestObject(&amp;quot;Object Repository/btn-CheckBox&amp;quot;)</message>
  <nestedLevel>1</nestedLevel>
  <escapedJava>false</escapedJava>
</record>
<record>
  <date>2026-01-02T17:12:01</date>
  <millis>1767348721988</millis>
  <sequence>330</sequence>
  <level>START</level>
  <class>com.kms.katalon.core.logging.XmlKeywordLogger</class>
  <method>startKeyword</method>
  <thread>1</thread>
  <message>Start action : btnMasuk = findTestObject(&amp;quot;Object Repository/btn-Masuk&amp;quot;)</message>
  <nestedLevel>1</nestedLevel>
  <escapedJava>false</escapedJava>
  <property name="startLine">34</property>
  <property name="stepIndex">8</property>
</record>
<record>
  <date>2026-01-02T17:12:02</date>
  <millis>1767348722024</millis>
  <sequence>332</sequence>
  <level>END</level>
  <class>com.kms.katalon.core.logging.XmlKeywordLogger</class>
  <method>endKeyword</method>
  <thread>1</thread>
  <message>End action : btnMasuk = findTestObject(&amp;quot;Object Repository/btn-Masuk&amp;quot;)</message>
  <nestedLevel>1</nestedLevel>
  <escapedJava>false</escapedJava>
</record>
<record>
  <date>2026-01-02T17:12:02</date>
  <millis>1767348722024</millis>
  <sequence>333</sequence>
  <level>START</level>
  <class>com.kms.katalon.core.logging.XmlKeywordLogger</class>
  <method>startKeyword</method>
  <thread>1</thread>
  <message>Start action : waitForElementPresent(btnEmailOption, 10)</message>
  <nestedLevel>1</nestedLevel>
  <escapedJava>false</escapedJava>
  <property name="startLine">35</property>
  <property name="stepIndex">9</property>
</record>
<record>
  <date>2026-01-02T17:12:02</date>
  <millis>1767348722292</millis>
  <sequence>336</sequence>
  <level>PASSED</level>
  <class>com.kms.katalon.core.logging.XmlKeywordLogger</class>
  <method>logMessage</method>
  <thread>1</thread>
  <message>Element &amp;apos;Object Repository/btn-text-Email-Option&amp;apos; is present</message>
  <nestedLevel>1</nestedLevel>
  <escapedJava>false</escapedJava>
  <property name="testops-method-name">com.kms.katalon.core.mobile.keyword.builtin.WaitForElementPresentKeyword.waitForElementPresent</property>
  <property name="testops-execution-stacktrace"></property>
</record>
<record>
  <date>2026-01-02T17:12:02</date>
  <millis>1767348722292</millis>
  <sequence>337</sequence>
  <level>END</level>
  <class>com.kms.katalon.core.logging.XmlKeywordLogger</class>
  <method>endKeyword</method>
  <thread>1</thread>
  <message>End action : waitForElementPresent(btnEmailOption, 10)</message>
  <nestedLevel>1</nestedLevel>
  <escapedJava>false</escapedJava>
</record>
<record>
  <date>2026-01-02T17:12:02</date>
  <millis>1767348722292</millis>
  <sequence>338</sequence>
  <level>START</level>
  <class>com.kms.katalon.core.logging.XmlKeywordLogger</class>
  <method>startKeyword</method>
  <thread>1</thread>
  <message>Start action : tap(btnEmailOption, 10)</message>
  <nestedLevel>1</nestedLevel>
  <escapedJava>false</escapedJava>
  <property name="startLine">36</property>
  <property name="stepIndex">10</property>
</record>
<record>
  <date>2026-01-02T17:12:03</date>
  <millis>1767348723175</millis>
  <sequence>341</sequence>
  <level>PASSED</level>
  <class>com.kms.katalon.core.logging.XmlKeywordLogger</class>
  <method>logMessage</method>
  <thread>1</thread>
  <message>Tapped on element &amp;apos;Object Repository/btn-text-Email-Option&amp;apos;</message>
  <nestedLevel>1</nestedLevel>
  <escapedJava>false</escapedJava>
  <property name="testops-method-name">com.kms.katalon.core.mobile.keyword.builtin.TapKeyword.tap</property>
  <property name="testops-execution-stacktrace"></property>
</record>
<record>
  <date>2026-01-02T17:12:03</date>
  <millis>1767348723175</millis>
  <sequence>342</sequence>
  <level>END</level>
  <class>com.kms.katalon.core.logging.XmlKeywordLogger</class>
  <method>endKeyword</method>
  <thread>1</thread>
  <message>End action : tap(btnEmailOption, 10)</message>
  <nestedLevel>1</nestedLevel>
  <escapedJava>false</escapedJava>
</record>
<record>
  <date>2026-01-02T17:12:03</date>
  <millis>1767348723175</millis>
  <sequence>343</sequence>
  <level>START</level>
  <class>com.kms.katalon.core.logging.XmlKeywordLogger</class>
  <method>startKeyword</method>
  <thread>1</thread>
  <message>Start action : waitForElementPresent(inputEmail, 10)</message>
  <nestedLevel>1</nestedLevel>
  <escapedJava>false</escapedJava>
  <property name="startLine">37</property>
  <property name="stepIndex">11</property>
</record>
<record>
  <date>2026-01-02T17:12:03</date>
  <millis>1767348723435</millis>
  <sequence>346</sequence>
  <level>PASSED</level>
  <class>com.kms.katalon.core.logging.XmlKeywordLogger</class>
  <method>logMessage</method>
  <thread>1</thread>
  <message>Element &amp;apos;Object Repository/edt-Input-Email&amp;apos; is present</message>
  <nestedLevel>1</nestedLevel>
  <escapedJava>false</escapedJava>
  <property name="testops-method-name">com.kms.katalon.core.mobile.keyword.builtin.WaitForElementPresentKeyword.waitForElementPresent</property>
  <property name="testops-execution-stacktrace"></property>
</record>
<record>
  <date>2026-01-02T17:12:03</date>
  <millis>1767348723437</millis>
  <sequence>347</sequence>
  <level>END</level>
  <class>com.kms.katalon.core.logging.XmlKeywordLogger</class>
  <method>endKeyword</method>
  <thread>1</thread>
  <message>End action : waitForElementPresent(inputEmail, 10)</message>
  <nestedLevel>1</nestedLevel>
  <escapedJava>false</escapedJava>
</record>
<record>
  <date>2026-01-02T17:12:03</date>
  <millis>1767348723437</millis>
  <sequence>348</sequence>
  <level>START</level>
  <class>com.kms.katalon.core.logging.XmlKeywordLogger</class>
  <method>startKeyword</method>
  <thread>1</thread>
  <message>Start action : tap(inputEmail, 10)</message>
  <nestedLevel>1</nestedLevel>
  <escapedJava>false</escapedJava>
  <property name="startLine">38</property>
  <property name="stepIndex">12</property>
</record>
<record>
  <date>2026-01-02T17:12:03</date>
  <millis>1767348723801</millis>
  <sequence>351</sequence>
  <level>PASSED</level>
  <class>com.kms.katalon.core.logging.XmlKeywordLogger</class>
  <method>logMessage</method>
  <thread>1</thread>
  <message>Tapped on element &amp;apos;Object Repository/edt-Input-Email&amp;apos;</message>
  <nestedLevel>1</nestedLevel>
  <escapedJava>false</escapedJava>
  <property name="testops-method-name">com.kms.katalon.core.mobile.keyword.builtin.TapKeyword.tap</property>
  <property name="testops-execution-stacktrace"></property>
</record>
<record>
  <date>2026-01-02T17:12:03</date>
  <millis>1767348723801</millis>
  <sequence>352</sequence>
  <level>END</level>
  <class>com.kms.katalon.core.logging.XmlKeywordLogger</class>
  <method>endKeyword</method>
  <thread>1</thread>
  <message>End action : tap(inputEmail, 10)</message>
  <nestedLevel>1</nestedLevel>
  <escapedJava>false</escapedJava>
</record>
<record>
  <date>2026-01-02T17:12:03</date>
  <millis>1767348723801</millis>
  <sequence>353</sequence>
  <level>START</level>
  <class>com.kms.katalon.core.logging.XmlKeywordLogger</class>
  <method>startKeyword</method>
  <thread>1</thread>
  <message>Start action : setText(inputEmail, email, 10)</message>
  <nestedLevel>1</nestedLevel>
  <escapedJava>false</escapedJava>
  <property name="startLine">39</property>
  <property name="stepIndex">13</property>
</record>
<record>
  <date>2026-01-02T17:12:05</date>
  <millis>1767348725609</millis>
  <sequence>356</sequence>
  <level>PASSED</level>
  <class>com.kms.katalon.core.logging.XmlKeywordLogger</class>
  <method>logMessage</method>
  <thread>1</thread>
  <message>Text &amp;apos;prod@gmail&amp;apos; has been set to element &amp;apos;Object Repository/edt-Input-Email&amp;apos;</message>
  <nestedLevel>1</nestedLevel>
  <escapedJava>false</escapedJava>
  <property name="testops-method-name">com.kms.katalon.core.mobile.keyword.builtin.SetTextKeyword.setText</property>
  <property name="testops-execution-stacktrace"></property>
</record>
<record>
  <date>2026-01-02T17:12:05</date>
  <millis>1767348725609</millis>
  <sequence>357</sequence>
  <level>END</level>
  <class>com.kms.katalon.core.logging.XmlKeywordLogger</class>
  <method>endKeyword</method>
  <thread>1</thread>
  <message>End action : setText(inputEmail, email, 10)</message>
  <nestedLevel>1</nestedLevel>
  <escapedJava>false</escapedJava>
</record>
<record>
  <date>2026-01-02T17:12:05</date>
  <millis>1767348725609</millis>
  <sequence>358</sequence>
  <level>START</level>
  <class>com.kms.katalon.core.logging.XmlKeywordLogger</class>
  <method>startKeyword</method>
  <thread>1</thread>
  <message>Start action : tap(chkAgreement, 10)</message>
  <nestedLevel>1</nestedLevel>
  <escapedJava>false</escapedJava>
  <property name="startLine">40</property>
  <property name="stepIndex">14</property>
</record>
<record>
  <date>2026-01-02T17:12:06</date>
  <millis>1767348726398</millis>
  <sequence>361</sequence>
  <level>PASSED</level>
  <class>com.kms.katalon.core.logging.XmlKeywordLogger</class>
  <method>logMessage</method>
  <thread>1</thread>
  <message>Tapped on element &amp;apos;Object Repository/btn-CheckBox&amp;apos;</message>
  <nestedLevel>1</nestedLevel>
  <escapedJava>false</escapedJava>
  <property name="testops-method-name">com.kms.katalon.core.mobile.keyword.builtin.TapKeyword.tap</property>
  <property name="testops-execution-stacktrace"></property>
</record>
<record>
  <date>2026-01-02T17:12:06</date>
  <millis>1767348726398</millis>
  <sequence>362</sequence>
  <level>END</level>
  <class>com.kms.katalon.core.logging.XmlKeywordLogger</class>
  <method>endKeyword</method>
  <thread>1</thread>
  <message>End action : tap(chkAgreement, 10)</message>
  <nestedLevel>1</nestedLevel>
  <escapedJava>false</escapedJava>
</record>
<record>
  <date>2026-01-02T17:12:06</date>
  <millis>1767348726398</millis>
  <sequence>363</sequence>
  <level>START</level>
  <class>com.kms.katalon.core.logging.XmlKeywordLogger</class>
  <method>startKeyword</method>
  <thread>1</thread>
  <message>Start action : waitForElementAttributeValue(btnMasuk, &amp;quot;enabled&amp;quot;, &amp;quot;true&amp;quot;, 10)</message>
  <nestedLevel>1</nestedLevel>
  <escapedJava>false</escapedJava>
  <property name="startLine">41</property>
  <property name="stepIndex">15</property>
</record>
<record>
  <date>2026-01-02T17:12:07</date>
  <millis>1767348727200</millis>
  <sequence>367</sequence>
  <level>PASSED</level>
  <class>com.kms.katalon.core.logging.XmlKeywordLogger</class>
  <method>logMessage</method>
  <thread>1</thread>
  <message>Object &amp;apos;Object Repository/btn-Masuk&amp;apos; has attribute &amp;apos;enabled&amp;apos; with value &amp;apos;true&amp;apos;</message>
  <nestedLevel>1</nestedLevel>
  <escapedJava>false</escapedJava>
  <property name="testops-method-name">com.kms.katalon.core.mobile.keyword.builtin.WaitForElementAttributeValueKeyword.waitForElementAttributeValue</property>
  <property name="testops-execution-stacktrace"></property>
</record>
<record>
  <date>2026-01-02T17:12:07</date>
  <millis>1767348727201</millis>
  <sequence>368</sequence>
  <level>END</level>
  <class>com.kms.katalon.core.logging.XmlKeywordLogger</class>
  <method>endKeyword</method>
  <thread>1</thread>
  <message>End action : waitForElementAttributeValue(btnMasuk, &amp;quot;enabled&amp;quot;, &amp;quot;true&amp;quot;, 10)</message>
  <nestedLevel>1</nestedLevel>
  <escapedJava>false</escapedJava>
</record>
<record>
  <date>2026-01-02T17:12:07</date>
  <millis>1767348727201</millis>
  <sequence>369</sequence>
  <level>START</level>
  <class>com.kms.katalon.core.logging.XmlKeywordLogger</class>
  <method>startKeyword</method>
  <thread>1</thread>
  <message>Start action : verifyElementAttributeValue(btnMasuk, &amp;quot;enabled&amp;quot;, &amp;quot;true&amp;quot;, 10)</message>
  <nestedLevel>1</nestedLevel>
  <escapedJava>false</escapedJava>
  <property name="startLine">47</property>
  <property name="stepIndex">16</property>
</record>
<record>
  <date>2026-01-02T17:12:07</date>
  <millis>1767348727339</millis>
  <sequence>373</sequence>
  <level>PASSED</level>
  <class>com.kms.katalon.core.logging.XmlKeywordLogger</class>
  <method>logMessage</method>
  <thread>1</thread>
  <message>Object &amp;apos;Object Repository/btn-Masuk&amp;apos; has attribute &amp;apos;enabled&amp;apos; with value &amp;apos;true&amp;apos;</message>
  <nestedLevel>1</nestedLevel>
  <escapedJava>false</escapedJava>
  <property name="testops-is-assertion">true</property>
  <property name="testops-method-name">com.kms.katalon.core.mobile.keyword.builtin.VerifyElementAttributeValueKeyword.verifyElementAttributeValue</property>
  <property name="testops-execution-stacktrace"></property>
</record>
<record>
  <date>2026-01-02T17:12:07</date>
  <millis>1767348727339</millis>
  <sequence>374</sequence>
  <level>END</level>
  <class>com.kms.katalon.core.logging.XmlKeywordLogger</class>
  <method>endKeyword</method>
  <thread>1</thread>
  <message>End action : verifyElementAttributeValue(btnMasuk, &amp;quot;enabled&amp;quot;, &amp;quot;true&amp;quot;, 10)</message>
  <nestedLevel>1</nestedLevel>
  <escapedJava>false</escapedJava>
</record>
<record>
  <date>2026-01-02T17:12:07</date>
  <millis>1767348727339</millis>
  <sequence>375</sequence>
  <level>START</level>
  <class>com.kms.katalon.core.logging.XmlKeywordLogger</class>
  <method>startKeyword</method>
  <thread>1</thread>
  <message>Start action : tap(btnMasuk, 10)</message>
  <nestedLevel>1</nestedLevel>
  <escapedJava>false</escapedJava>
  <property name="startLine">53</property>
  <property name="stepIndex">17</property>
</record>
<record>
  <date>2026-01-02T17:12:07</date>
  <millis>1767348727530</millis>
  <sequence>378</sequence>
  <level>PASSED</level>
  <class>com.kms.katalon.core.logging.XmlKeywordLogger</class>
  <method>logMessage</method>
  <thread>1</thread>
  <message>Tapped on element &amp;apos;Object Repository/btn-Masuk&amp;apos;</message>
  <nestedLevel>1</nestedLevel>
  <escapedJava>false</escapedJava>
  <property name="testops-method-name">com.kms.katalon.core.mobile.keyword.builtin.TapKeyword.tap</property>
  <property name="testops-execution-stacktrace"></property>
</record>
<record>
  <date>2026-01-02T17:12:07</date>
  <millis>1767348727530</millis>
  <sequence>379</sequence>
  <level>END</level>
  <class>com.kms.katalon.core.logging.XmlKeywordLogger</class>
  <method>endKeyword</method>
  <thread>1</thread>
  <message>End action : tap(btnMasuk, 10)</message>
  <nestedLevel>1</nestedLevel>
  <escapedJava>false</escapedJava>
</record>
<record>
  <date>2026-01-02T17:12:07</date>
  <millis>1767348727530</millis>
  <sequence>380</sequence>
  <level>START</level>
  <class>com.kms.katalon.core.logging.XmlKeywordLogger</class>
  <method>startKeyword</method>
  <thread>1</thread>
  <message>Start action : closeApplication()</message>
  <nestedLevel>1</nestedLevel>
  <escapedJava>false</escapedJava>
  <property name="startLine">54</property>
  <property name="stepIndex">18</property>
</record>
<record>
  <date>2026-01-02T17:12:08</date>
  <millis>1767348728022</millis>
  <sequence>381</sequence>
  <level>PASSED</level>
  <class>com.kms.katalon.core.logging.XmlKeywordLogger</class>
  <method>logMessage</method>
  <thread>1</thread>
  <message>Close app successfully</message>
  <nestedLevel>1</nestedLevel>
  <escapedJava>false</escapedJava>
  <property name="testops-method-name">com.kms.katalon.core.mobile.keyword.builtin.CloseApplicationKeyword.closeApplication</property>
  <property name="testops-execution-stacktrace"></property>
</record>
<record>
  <date>2026-01-02T17:12:08</date>
  <millis>1767348728022</millis>
  <sequence>382</sequence>
  <level>END</level>
  <class>com.kms.katalon.core.logging.XmlKeywordLogger</class>
  <method>endKeyword</method>
  <thread>1</thread>
  <message>End action : closeApplication()</message>
  <nestedLevel>1</nestedLevel>
  <escapedJava>false</escapedJava>
</record>
<record>
  <date>2026-01-02T17:12:08</date>
  <millis>1767348728022</millis>
  <sequence>383</sequence>
  <level>PASSED</level>
  <class>com.kms.katalon.core.logging.XmlKeywordLogger</class>
  <method>logMessage</method>
  <thread>1</thread>
  <message>Test Cases/Login by Email</message>
  <nestedLevel>1</nestedLevel>
  <escapedJava>false</escapedJava>
</record>
<record>
  <date>2026-01-02T17:12:08</date>
  <millis>1767348728023</millis>
  <sequence>384</sequence>
  <level>END</level>
  <class>com.kms.katalon.core.logging.XmlKeywordLogger</class>
  <method>endTest</method>
  <thread>1</thread>
  <message>End Test Case : Test Cases/Login by Email</message>
  <nestedLevel>0</nestedLevel>
  <escapedJava>false</escapedJava>
  <property name="executionBindingVariables">[
  {
    &quot;displayReportName&quot;: &quot;email&quot;,
    &quot;value&quot;: &quot;prod@gmail&quot;,
    &quot;name&quot;: &quot;email&quot;,
    &quot;masked&quot;: false
  }
]</property>
  <property name="applitools">false</property>
  <property name="keywordsUsage">{
  &quot;web_ui&quot;: false,
  &quot;web_service&quot;: false,
  &quot;cucumber&quot;: false,
  &quot;builtin&quot;: false,
  &quot;mobile&quot;: true,
  &quot;windows&quot;: false,
  &quot;testng&quot;: false
}</property>
</record>
<record>
  <date>2026-01-02T17:12:08</date>
  <millis>1767348728034</millis>
  <sequence>385</sequence>
  <level>START</level>
  <class>com.kms.katalon.core.logging.XmlKeywordLogger</class>
  <method>startTest</method>
  <thread>1</thread>
  <message>Start Test Case : Test Cases/Login by WA</message>
  <nestedLevel>1</nestedLevel>
  <escapedJava>false</escapedJava>
  <property name="name">Test Cases/Login by WA</property>
  <property name="description"></property>
  <property name="iteration"></property>
  <property name="id">Test Cases/Login by WA</property>
  <property name="source">C:\Users\ichsa\Katalon Studio\Labamu\Test Cases\Login by WA.tc</property>
  <property name="tag"></property>
  <property name="isOptional">false</property>
</record>
<record>
  <date>2026-01-02T17:12:08</date>
  <millis>1767348728038</millis>
  <sequence>387</sequence>
  <level>INFO</level>
  <class>com.kms.katalon.core.logging.XmlKeywordLogger</class>
  <method>logMessage</method>
  <thread>1</thread>
  <message>wa = 8380718912</message>
  <nestedLevel>1</nestedLevel>
  <escapedJava>false</escapedJava>
</record>
<record>
  <date>2026-01-02T17:12:08</date>
  <millis>1767348728270</millis>
  <sequence>388</sequence>
  <level>START</level>
  <class>com.kms.katalon.core.logging.XmlKeywordLogger</class>
  <method>startKeyword</method>
  <thread>1</thread>
  <message>Start action : startExistingApplication(&amp;quot;id.co.labamu.app&amp;quot;)</message>
  <nestedLevel>1</nestedLevel>
  <escapedJava>false</escapedJava>
  <property name="startLine">23</property>
  <property name="stepIndex">1</property>
</record>
<record>
  <date>2026-01-02T17:12:08</date>
  <millis>1767348728352</millis>
  <sequence>390</sequence>
  <level>INFO</level>
  <class>com.kms.katalon.core.logging.XmlKeywordLogger</class>
  <method>logMessage</method>
  <thread>1</thread>
  <message>Detected NodeJS location: &amp;quot;C:\Program Files\nodejs\node.exe&amp;quot;</message>
  <nestedLevel>1</nestedLevel>
  <escapedJava>false</escapedJava>
</record>
<record>
  <date>2026-01-02T17:12:09</date>
  <millis>1767348729444</millis>
  <sequence>391</sequence>
  <level>INFO</level>
  <class>com.kms.katalon.core.logging.XmlKeywordLogger</class>
  <method>logMessage</method>
  <thread>1</thread>
  <message>Appium server started on port 49,540</message>
  <nestedLevel>1</nestedLevel>
  <escapedJava>false</escapedJava>
</record>
<record>
  <date>2026-01-02T17:12:19</date>
  <millis>1767348739317</millis>
  <sequence>393</sequence>
  <level>RUN_DATA</level>
  <class>com.kms.katalon.core.logging.XmlKeywordLogger</class>
  <method>logMessage</method>
  <thread>1</thread>
  <message>appiumVersion = 1.22.3</message>
  <nestedLevel>1</nestedLevel>
  <escapedJava>false</escapedJava>
  <property name="appiumVersion">1.22.3</property>
</record>
<record>
  <date>2026-01-02T17:12:19</date>
  <millis>1767348739317</millis>
  <sequence>394</sequence>
  <level>RUN_DATA</level>
  <class>com.kms.katalon.core.logging.XmlKeywordLogger</class>
  <method>logMessage</method>
  <thread>1</thread>
  <message>appiumServerStatus = {&amp;quot;value&amp;quot;:{&amp;quot;build&amp;quot;:{&amp;quot;version&amp;quot;:&amp;quot;1.22.3&amp;quot;}},&amp;quot;sessionId&amp;quot;:null,&amp;quot;status&amp;quot;:0}</message>
  <nestedLevel>1</nestedLevel>
  <escapedJava>false</escapedJava>
  <property name="appiumServerStatus">{&quot;value&quot;:{&quot;build&quot;:{&quot;version&quot;:&quot;1.22.3&quot;}},&quot;sessionId&quot;:null,&quot;status&quot;:0}</property>
</record>
<record>
  <date>2026-01-02T17:12:19</date>
  <millis>1767348739327</millis>
  <sequence>395</sequence>
  <level>RUN_DATA</level>
  <class>com.kms.katalon.core.logging.XmlKeywordLogger</class>
  <method>logMessage</method>
  <thread>1</thread>
  <message>deviceId = RR8R5017EJV</message>
  <nestedLevel>1</nestedLevel>
  <escapedJava>false</escapedJava>
  <property name="deviceId">RR8R5017EJV</property>
</record>
<record>
  <date>2026-01-02T17:12:19</date>
  <millis>1767348739327</millis>
  <sequence>396</sequence>
  <level>RUN_DATA</level>
  <class>com.kms.katalon.core.logging.XmlKeywordLogger</class>
  <method>logMessage</method>
  <thread>1</thread>
  <message>deviceName = samsung SM-A125F (Android 12)</message>
  <nestedLevel>1</nestedLevel>
  <escapedJava>false</escapedJava>
  <property name="deviceName">samsung SM-A125F (Android 12)</property>
</record>
<record>
  <date>2026-01-02T17:12:19</date>
  <millis>1767348739328</millis>
  <sequence>397</sequence>
  <level>RUN_DATA</level>
  <class>com.kms.katalon.core.logging.XmlKeywordLogger</class>
  <method>logMessage</method>
  <thread>1</thread>
  <message>deviceModel = SM-A125F</message>
  <nestedLevel>1</nestedLevel>
  <escapedJava>false</escapedJava>
  <property name="deviceModel">SM-A125F</property>
</record>
<record>
  <date>2026-01-02T17:12:19</date>
  <millis>1767348739328</millis>
  <sequence>398</sequence>
  <level>RUN_DATA</level>
  <class>com.kms.katalon.core.logging.XmlKeywordLogger</class>
  <method>logMessage</method>
  <thread>1</thread>
  <message>deviceManufacturer = samsung</message>
  <nestedLevel>1</nestedLevel>
  <escapedJava>false</escapedJava>
  <property name="deviceManufacturer">samsung</property>
</record>
<record>
  <date>2026-01-02T17:12:19</date>
  <millis>1767348739328</millis>
  <sequence>399</sequence>
  <level>RUN_DATA</level>
  <class>com.kms.katalon.core.logging.XmlKeywordLogger</class>
  <method>logMessage</method>
  <thread>1</thread>
  <message>deviceOS = Android</message>
  <nestedLevel>1</nestedLevel>
  <escapedJava>false</escapedJava>
  <property name="deviceOS">Android</property>
</record>
<record>
  <date>2026-01-02T17:12:19</date>
  <millis>1767348739328</millis>
  <sequence>400</sequence>
  <level>RUN_DATA</level>
  <class>com.kms.katalon.core.logging.XmlKeywordLogger</class>
  <method>logMessage</method>
  <thread>1</thread>
  <message>deviceOSVersion = 12</message>
  <nestedLevel>1</nestedLevel>
  <escapedJava>false</escapedJava>
  <property name="deviceOSVersion">12</property>
</record>
<record>
  <date>2026-01-02T17:12:21</date>
  <millis>1767348741223</millis>
  <sequence>402</sequence>
  <level>PASSED</level>
  <class>com.kms.katalon.core.logging.XmlKeywordLogger</class>
  <method>logMessage</method>
  <thread>1</thread>
  <message>Starting app with application ID: &amp;apos;id.co.labamu.app&amp;apos;</message>
  <nestedLevel>1</nestedLevel>
  <escapedJava>false</escapedJava>
  <property name="testops-method-name">com.kms.katalon.core.mobile.keyword.internal.MobileKeywordMain$runKeyword.call</property>
  <property name="testops-execution-stacktrace">com.kms.katalon.core.logging.KeywordLogger.logPassed(KeywordLogger.java:340)
com.kms.katalon.core.logging.KeywordLogger.logPassed(KeywordLogger.java:334)
com.kms.katalon.core.logging.KeywordLogger$logPassed$1.call(Unknown Source)
com.kms.katalon.core.mobile.keyword.builtin.StartExistingApplicationKeyword$_startApplication_closure1.doCall(StartExistingApplicationKeyword.groovy:51)
com.kms.katalon.core.mobile.keyword.builtin.StartExistingApplicationKeyword$_startApplication_closure1.doCall(StartExistingApplicationKeyword.groovy)
com.kms.katalon.core.mobile.keyword.internal.MobileKeywordMain.runKeyword(MobileKeywordMain.groovy:21)
com.kms.katalon.core.mobile.keyword.internal.MobileKeywordMain$runKeyword.call(Unknown Source)
com.kms.katalon.core.mobile.keyword.builtin.StartExistingApplicationKeyword.startApplication(StartExistingApplicationKeyword.groovy:52)
com.kms.katalon.core.mobile.keyword.builtin.StartExistingApplicationKeyword.execute(StartExistingApplicationKeyword.groovy:37)
com.kms.katalon.core.keyword.internal.KeywordExecutor.executeKeywordForPlatform(KeywordExecutor.groovy:74)
com.kms.katalon.core.mobile.keyword.MobileBuiltInKeywords.startExistingApplication(MobileBuiltInKeywords.groovy:92)
com.kms.katalon.core.mobile.keyword.MobileBuiltInKeywords$startExistingApplication.call(Unknown Source)
Login by WA.run(Login by WA:23)
</property>
</record>
<record>
  <date>2026-01-02T17:12:21</date>
  <millis>1767348741223</millis>
  <sequence>403</sequence>
  <level>END</level>
  <class>com.kms.katalon.core.logging.XmlKeywordLogger</class>
  <method>endKeyword</method>
  <thread>1</thread>
  <message>End action : startExistingApplication(&amp;quot;id.co.labamu.app&amp;quot;)</message>
  <nestedLevel>1</nestedLevel>
  <escapedJava>false</escapedJava>
</record>
<record>
  <date>2026-01-02T17:12:21</date>
  <millis>1767348741223</millis>
  <sequence>404</sequence>
  <level>START</level>
  <class>com.kms.katalon.core.logging.XmlKeywordLogger</class>
  <method>startKeyword</method>
  <thread>1</thread>
  <message>Start action : widget = findTestObject(&amp;quot;Object Repository/btn-Widget-While&amp;quot;)</message>
  <nestedLevel>1</nestedLevel>
  <escapedJava>false</escapedJava>
  <property name="startLine">24</property>
  <property name="stepIndex">2</property>
</record>
<record>
  <date>2026-01-02T17:12:21</date>
  <millis>1767348741262</millis>
  <sequence>406</sequence>
  <level>END</level>
  <class>com.kms.katalon.core.logging.XmlKeywordLogger</class>
  <method>endKeyword</method>
  <thread>1</thread>
  <message>End action : widget = findTestObject(&amp;quot;Object Repository/btn-Widget-While&amp;quot;)</message>
  <nestedLevel>1</nestedLevel>
  <escapedJava>false</escapedJava>
</record>
<record>
  <date>2026-01-02T17:12:21</date>
  <millis>1767348741262</millis>
  <sequence>407</sequence>
  <level>START</level>
  <class>com.kms.katalon.core.logging.XmlKeywordLogger</class>
  <method>startKeyword</method>
  <thread>1</thread>
  <message>Start action : if (waitForElementPresent(widget, 5))</message>
  <nestedLevel>1</nestedLevel>
  <escapedJava>false</escapedJava>
  <property name="startLine">25</property>
  <property name="stepIndex">3</property>
</record>
<record>
  <date>2026-01-02T17:12:26</date>
  <millis>1767348746350</millis>
  <sequence>410</sequence>
  <level>WARNING</level>
  <class>com.kms.katalon.core.logging.XmlKeywordLogger</class>
  <method>logMessage</method>
  <thread>1</thread>
  <message>Object Object Repository/btn-Widget-While not found</message>
  <nestedLevel>1</nestedLevel>
  <escapedJava>false</escapedJava>
</record>
<record>
  <date>2026-01-02T17:12:26</date>
  <millis>1767348746350</millis>
  <sequence>411</sequence>
  <level>END</level>
  <class>com.kms.katalon.core.logging.XmlKeywordLogger</class>
  <method>endKeyword</method>
  <thread>1</thread>
  <message>End action : if (waitForElementPresent(widget, 5))</message>
  <nestedLevel>1</nestedLevel>
  <escapedJava>false</escapedJava>
</record>
<record>
  <date>2026-01-02T17:12:26</date>
  <millis>1767348746350</millis>
  <sequence>412</sequence>
  <level>START</level>
  <class>com.kms.katalon.core.logging.XmlKeywordLogger</class>
  <method>startKeyword</method>
  <thread>1</thread>
  <message>Start action : else</message>
  <nestedLevel>1</nestedLevel>
  <escapedJava>false</escapedJava>
  <property name="startLine">28</property>
  <property name="stepIndex">4</property>
</record>
<record>
  <date>2026-01-02T17:12:26</date>
  <millis>1767348746351</millis>
  <sequence>413</sequence>
  <level>START</level>
  <class>com.kms.katalon.core.logging.XmlKeywordLogger</class>
  <method>startKeyword</method>
  <thread>1</thread>
  <message>Start action : println(&amp;quot;Widget tidak muncul, lanjut step berikutnya&amp;quot;)</message>
  <nestedLevel>2</nestedLevel>
  <escapedJava>false</escapedJava>
  <property name="startLine">29</property>
  <property name="stepIndex">1</property>
</record>
<record>
  <date>2026-01-02T17:12:26</date>
  <millis>1767348746351</millis>
  <sequence>414</sequence>
  <level>END</level>
  <class>com.kms.katalon.core.logging.XmlKeywordLogger</class>
  <method>endKeyword</method>
  <thread>1</thread>
  <message>End action : println(&amp;quot;Widget tidak muncul, lanjut step berikutnya&amp;quot;)</message>
  <nestedLevel>2</nestedLevel>
  <escapedJava>false</escapedJava>
</record>
<record>
  <date>2026-01-02T17:12:26</date>
  <millis>1767348746351</millis>
  <sequence>415</sequence>
  <level>END</level>
  <class>com.kms.katalon.core.logging.XmlKeywordLogger</class>
  <method>endKeyword</method>
  <thread>1</thread>
  <message>End action : else</message>
  <nestedLevel>1</nestedLevel>
  <escapedJava>false</escapedJava>
</record>
<record>
  <date>2026-01-02T17:12:26</date>
  <millis>1767348746351</millis>
  <sequence>416</sequence>
  <level>START</level>
  <class>com.kms.katalon.core.logging.XmlKeywordLogger</class>
  <method>startKeyword</method>
  <thread>1</thread>
  <message>Start action : edtWA = findTestObject(&amp;quot;Object Repository/edt-WA&amp;quot;)</message>
  <nestedLevel>1</nestedLevel>
  <escapedJava>false</escapedJava>
  <property name="startLine">31</property>
  <property name="stepIndex">5</property>
</record>
<record>
  <date>2026-01-02T17:12:26</date>
  <millis>1767348746396</millis>
  <sequence>418</sequence>
  <level>END</level>
  <class>com.kms.katalon.core.logging.XmlKeywordLogger</class>
  <method>endKeyword</method>
  <thread>1</thread>
  <message>End action : edtWA = findTestObject(&amp;quot;Object Repository/edt-WA&amp;quot;)</message>
  <nestedLevel>1</nestedLevel>
  <escapedJava>false</escapedJava>
</record>
<record>
  <date>2026-01-02T17:12:26</date>
  <millis>1767348746396</millis>
  <sequence>419</sequence>
  <level>START</level>
  <class>com.kms.katalon.core.logging.XmlKeywordLogger</class>
  <method>startKeyword</method>
  <thread>1</thread>
  <message>Start action : chkAgreement = findTestObject(&amp;quot;Object Repository/btn-CheckBox&amp;quot;)</message>
  <nestedLevel>1</nestedLevel>
  <escapedJava>false</escapedJava>
  <property name="startLine">32</property>
  <property name="stepIndex">6</property>
</record>
<record>
  <date>2026-01-02T17:12:26</date>
  <millis>1767348746445</millis>
  <sequence>421</sequence>
  <level>END</level>
  <class>com.kms.katalon.core.logging.XmlKeywordLogger</class>
  <method>endKeyword</method>
  <thread>1</thread>
  <message>End action : chkAgreement = findTestObject(&amp;quot;Object Repository/btn-CheckBox&amp;quot;)</message>
  <nestedLevel>1</nestedLevel>
  <escapedJava>false</escapedJava>
</record>
<record>
  <date>2026-01-02T17:12:26</date>
  <millis>1767348746446</millis>
  <sequence>422</sequence>
  <level>START</level>
  <class>com.kms.katalon.core.logging.XmlKeywordLogger</class>
  <method>startKeyword</method>
  <thread>1</thread>
  <message>Start action : btnMasuk = findTestObject(&amp;quot;Object Repository/btn-Masuk&amp;quot;)</message>
  <nestedLevel>1</nestedLevel>
  <escapedJava>false</escapedJava>
  <property name="startLine">33</property>
  <property name="stepIndex">7</property>
</record>
<record>
  <date>2026-01-02T17:12:26</date>
  <millis>1767348746494</millis>
  <sequence>424</sequence>
  <level>END</level>
  <class>com.kms.katalon.core.logging.XmlKeywordLogger</class>
  <method>endKeyword</method>
  <thread>1</thread>
  <message>End action : btnMasuk = findTestObject(&amp;quot;Object Repository/btn-Masuk&amp;quot;)</message>
  <nestedLevel>1</nestedLevel>
  <escapedJava>false</escapedJava>
</record>
<record>
  <date>2026-01-02T17:12:26</date>
  <millis>1767348746494</millis>
  <sequence>425</sequence>
  <level>START</level>
  <class>com.kms.katalon.core.logging.XmlKeywordLogger</class>
  <method>startKeyword</method>
  <thread>1</thread>
  <message>Start action : waitForElementPresent(edtWA, 10)</message>
  <nestedLevel>1</nestedLevel>
  <escapedJava>false</escapedJava>
  <property name="startLine">34</property>
  <property name="stepIndex">8</property>
</record>
<record>
  <date>2026-01-02T17:12:26</date>
  <millis>1767348746773</millis>
  <sequence>428</sequence>
  <level>PASSED</level>
  <class>com.kms.katalon.core.logging.XmlKeywordLogger</class>
  <method>logMessage</method>
  <thread>1</thread>
  <message>Element &amp;apos;Object Repository/edt-WA&amp;apos; is present</message>
  <nestedLevel>1</nestedLevel>
  <escapedJava>false</escapedJava>
  <property name="testops-method-name">com.kms.katalon.core.mobile.keyword.builtin.WaitForElementPresentKeyword.waitForElementPresent</property>
  <property name="testops-execution-stacktrace"></property>
</record>
<record>
  <date>2026-01-02T17:12:26</date>
  <millis>1767348746774</millis>
  <sequence>429</sequence>
  <level>END</level>
  <class>com.kms.katalon.core.logging.XmlKeywordLogger</class>
  <method>endKeyword</method>
  <thread>1</thread>
  <message>End action : waitForElementPresent(edtWA, 10)</message>
  <nestedLevel>1</nestedLevel>
  <escapedJava>false</escapedJava>
</record>
<record>
  <date>2026-01-02T17:12:26</date>
  <millis>1767348746774</millis>
  <sequence>430</sequence>
  <level>START</level>
  <class>com.kms.katalon.core.logging.XmlKeywordLogger</class>
  <method>startKeyword</method>
  <thread>1</thread>
  <message>Start action : tap(edtWA, 10)</message>
  <nestedLevel>1</nestedLevel>
  <escapedJava>false</escapedJava>
  <property name="startLine">35</property>
  <property name="stepIndex">9</property>
</record>
<record>
  <date>2026-01-02T17:12:27</date>
  <millis>1767348747099</millis>
  <sequence>433</sequence>
  <level>PASSED</level>
  <class>com.kms.katalon.core.logging.XmlKeywordLogger</class>
  <method>logMessage</method>
  <thread>1</thread>
  <message>Tapped on element &amp;apos;Object Repository/edt-WA&amp;apos;</message>
  <nestedLevel>1</nestedLevel>
  <escapedJava>false</escapedJava>
  <property name="testops-method-name">com.kms.katalon.core.mobile.keyword.builtin.TapKeyword.tap</property>
  <property name="testops-execution-stacktrace"></property>
</record>
<record>
  <date>2026-01-02T17:12:27</date>
  <millis>1767348747099</millis>
  <sequence>434</sequence>
  <level>END</level>
  <class>com.kms.katalon.core.logging.XmlKeywordLogger</class>
  <method>endKeyword</method>
  <thread>1</thread>
  <message>End action : tap(edtWA, 10)</message>
  <nestedLevel>1</nestedLevel>
  <escapedJava>false</escapedJava>
</record>
<record>
  <date>2026-01-02T17:12:27</date>
  <millis>1767348747099</millis>
  <sequence>435</sequence>
  <level>START</level>
  <class>com.kms.katalon.core.logging.XmlKeywordLogger</class>
  <method>startKeyword</method>
  <thread>1</thread>
  <message>Start action : setText(edtWA, wa, 10)</message>
  <nestedLevel>1</nestedLevel>
  <escapedJava>false</escapedJava>
  <property name="startLine">36</property>
  <property name="stepIndex">10</property>
</record>
<record>
  <date>2026-01-02T17:12:28</date>
  <millis>1767348748480</millis>
  <sequence>438</sequence>
  <level>PASSED</level>
  <class>com.kms.katalon.core.logging.XmlKeywordLogger</class>
  <method>logMessage</method>
  <thread>1</thread>
  <message>Text &amp;apos;8380718912&amp;apos; has been set to element &amp;apos;Object Repository/edt-WA&amp;apos;</message>
  <nestedLevel>1</nestedLevel>
  <escapedJava>false</escapedJava>
  <property name="testops-method-name">com.kms.katalon.core.mobile.keyword.builtin.SetTextKeyword.setText</property>
  <property name="testops-execution-stacktrace"></property>
</record>
<record>
  <date>2026-01-02T17:12:28</date>
  <millis>1767348748480</millis>
  <sequence>439</sequence>
  <level>END</level>
  <class>com.kms.katalon.core.logging.XmlKeywordLogger</class>
  <method>endKeyword</method>
  <thread>1</thread>
  <message>End action : setText(edtWA, wa, 10)</message>
  <nestedLevel>1</nestedLevel>
  <escapedJava>false</escapedJava>
</record>
<record>
  <date>2026-01-02T17:12:28</date>
  <millis>1767348748480</millis>
  <sequence>440</sequence>
  <level>START</level>
  <class>com.kms.katalon.core.logging.XmlKeywordLogger</class>
  <method>startKeyword</method>
  <thread>1</thread>
  <message>Start action : tap(chkAgreement, 10)</message>
  <nestedLevel>1</nestedLevel>
  <escapedJava>false</escapedJava>
  <property name="startLine">37</property>
  <property name="stepIndex">11</property>
</record>
<record>
  <date>2026-01-02T17:12:30</date>
  <millis>1767348750215</millis>
  <sequence>443</sequence>
  <level>PASSED</level>
  <class>com.kms.katalon.core.logging.XmlKeywordLogger</class>
  <method>logMessage</method>
  <thread>1</thread>
  <message>Tapped on element &amp;apos;Object Repository/btn-CheckBox&amp;apos;</message>
  <nestedLevel>1</nestedLevel>
  <escapedJava>false</escapedJava>
  <property name="testops-method-name">com.kms.katalon.core.mobile.keyword.builtin.TapKeyword.tap</property>
  <property name="testops-execution-stacktrace"></property>
</record>
<record>
  <date>2026-01-02T17:12:30</date>
  <millis>1767348750216</millis>
  <sequence>444</sequence>
  <level>END</level>
  <class>com.kms.katalon.core.logging.XmlKeywordLogger</class>
  <method>endKeyword</method>
  <thread>1</thread>
  <message>End action : tap(chkAgreement, 10)</message>
  <nestedLevel>1</nestedLevel>
  <escapedJava>false</escapedJava>
</record>
<record>
  <date>2026-01-02T17:12:30</date>
  <millis>1767348750217</millis>
  <sequence>445</sequence>
  <level>START</level>
  <class>com.kms.katalon.core.logging.XmlKeywordLogger</class>
  <method>startKeyword</method>
  <thread>1</thread>
  <message>Start action : waitForElementAttributeValue(btnMasuk, &amp;quot;enabled&amp;quot;, &amp;quot;true&amp;quot;, 10)</message>
  <nestedLevel>1</nestedLevel>
  <escapedJava>false</escapedJava>
  <property name="startLine">38</property>
  <property name="stepIndex">12</property>
</record>
<record>
  <date>2026-01-02T17:12:31</date>
  <millis>1767348751033</millis>
  <sequence>449</sequence>
  <level>PASSED</level>
  <class>com.kms.katalon.core.logging.XmlKeywordLogger</class>
  <method>logMessage</method>
  <thread>1</thread>
  <message>Object &amp;apos;Object Repository/btn-Masuk&amp;apos; has attribute &amp;apos;enabled&amp;apos; with value &amp;apos;true&amp;apos;</message>
  <nestedLevel>1</nestedLevel>
  <escapedJava>false</escapedJava>
  <property name="testops-method-name">com.kms.katalon.core.mobile.keyword.builtin.WaitForElementAttributeValueKeyword.waitForElementAttributeValue</property>
  <property name="testops-execution-stacktrace"></property>
</record>
<record>
  <date>2026-01-02T17:12:31</date>
  <millis>1767348751033</millis>
  <sequence>450</sequence>
  <level>END</level>
  <class>com.kms.katalon.core.logging.XmlKeywordLogger</class>
  <method>endKeyword</method>
  <thread>1</thread>
  <message>End action : waitForElementAttributeValue(btnMasuk, &amp;quot;enabled&amp;quot;, &amp;quot;true&amp;quot;, 10)</message>
  <nestedLevel>1</nestedLevel>
  <escapedJava>false</escapedJava>
</record>
<record>
  <date>2026-01-02T17:12:31</date>
  <millis>1767348751033</millis>
  <sequence>451</sequence>
  <level>START</level>
  <class>com.kms.katalon.core.logging.XmlKeywordLogger</class>
  <method>startKeyword</method>
  <thread>1</thread>
  <message>Start action : verifyElementAttributeValue(btnMasuk, &amp;quot;enabled&amp;quot;, &amp;quot;true&amp;quot;, 0)</message>
  <nestedLevel>1</nestedLevel>
  <escapedJava>false</escapedJava>
  <property name="startLine">44</property>
  <property name="stepIndex">13</property>
</record>
<record>
  <date>2026-01-02T17:12:31</date>
  <millis>1767348751035</millis>
  <sequence>455</sequence>
  <level>WARNING</level>
  <class>com.kms.katalon.core.logging.XmlKeywordLogger</class>
  <method>logMessage</method>
  <thread>1</thread>
  <message>Timeout &amp;apos;0&amp;apos; is invalid. Using default page load timeout: &amp;apos;30&amp;apos;</message>
  <nestedLevel>1</nestedLevel>
  <escapedJava>false</escapedJava>
</record>
<record>
  <date>2026-01-02T17:12:31</date>
  <millis>1767348751226</millis>
  <sequence>456</sequence>
  <level>PASSED</level>
  <class>com.kms.katalon.core.logging.XmlKeywordLogger</class>
  <method>logMessage</method>
  <thread>1</thread>
  <message>Object &amp;apos;Object Repository/btn-Masuk&amp;apos; has attribute &amp;apos;enabled&amp;apos; with value &amp;apos;true&amp;apos;</message>
  <nestedLevel>1</nestedLevel>
  <escapedJava>false</escapedJava>
  <property name="testops-is-assertion">true</property>
  <property name="testops-method-name">com.kms.katalon.core.mobile.keyword.builtin.VerifyElementAttributeValueKeyword.verifyElementAttributeValue</property>
  <property name="testops-execution-stacktrace"></property>
</record>
<record>
  <date>2026-01-02T17:12:31</date>
  <millis>1767348751227</millis>
  <sequence>457</sequence>
  <level>END</level>
  <class>com.kms.katalon.core.logging.XmlKeywordLogger</class>
  <method>endKeyword</method>
  <thread>1</thread>
  <message>End action : verifyElementAttributeValue(btnMasuk, &amp;quot;enabled&amp;quot;, &amp;quot;true&amp;quot;, 0)</message>
  <nestedLevel>1</nestedLevel>
  <escapedJava>false</escapedJava>
</record>
<record>
  <date>2026-01-02T17:12:31</date>
  <millis>1767348751228</millis>
  <sequence>458</sequence>
  <level>START</level>
  <class>com.kms.katalon.core.logging.XmlKeywordLogger</class>
  <method>startKeyword</method>
  <thread>1</thread>
  <message>Start action : tap(btnMasuk, 10)</message>
  <nestedLevel>1</nestedLevel>
  <escapedJava>false</escapedJava>
  <property name="startLine">50</property>
  <property name="stepIndex">14</property>
</record>
<record>
  <date>2026-01-02T17:12:31</date>
  <millis>1767348751430</millis>
  <sequence>461</sequence>
  <level>PASSED</level>
  <class>com.kms.katalon.core.logging.XmlKeywordLogger</class>
  <method>logMessage</method>
  <thread>1</thread>
  <message>Tapped on element &amp;apos;Object Repository/btn-Masuk&amp;apos;</message>
  <nestedLevel>1</nestedLevel>
  <escapedJava>false</escapedJava>
  <property name="testops-method-name">com.kms.katalon.core.mobile.keyword.builtin.TapKeyword.tap</property>
  <property name="testops-execution-stacktrace"></property>
</record>
<record>
  <date>2026-01-02T17:12:31</date>
  <millis>1767348751431</millis>
  <sequence>462</sequence>
  <level>END</level>
  <class>com.kms.katalon.core.logging.XmlKeywordLogger</class>
  <method>endKeyword</method>
  <thread>1</thread>
  <message>End action : tap(btnMasuk, 10)</message>
  <nestedLevel>1</nestedLevel>
  <escapedJava>false</escapedJava>
</record>
<record>
  <date>2026-01-02T17:12:31</date>
  <millis>1767348751431</millis>
  <sequence>463</sequence>
  <level>START</level>
  <class>com.kms.katalon.core.logging.XmlKeywordLogger</class>
  <method>startKeyword</method>
  <thread>1</thread>
  <message>Start action : closeApplication()</message>
  <nestedLevel>1</nestedLevel>
  <escapedJava>false</escapedJava>
  <property name="startLine">51</property>
  <property name="stepIndex">15</property>
</record>
<record>
  <date>2026-01-02T17:12:31</date>
  <millis>1767348751816</millis>
  <sequence>464</sequence>
  <level>PASSED</level>
  <class>com.kms.katalon.core.logging.XmlKeywordLogger</class>
  <method>logMessage</method>
  <thread>1</thread>
  <message>Close app successfully</message>
  <nestedLevel>1</nestedLevel>
  <escapedJava>false</escapedJava>
  <property name="testops-method-name">com.kms.katalon.core.mobile.keyword.builtin.CloseApplicationKeyword.closeApplication</property>
  <property name="testops-execution-stacktrace"></property>
</record>
<record>
  <date>2026-01-02T17:12:31</date>
  <millis>1767348751816</millis>
  <sequence>465</sequence>
  <level>END</level>
  <class>com.kms.katalon.core.logging.XmlKeywordLogger</class>
  <method>endKeyword</method>
  <thread>1</thread>
  <message>End action : closeApplication()</message>
  <nestedLevel>1</nestedLevel>
  <escapedJava>false</escapedJava>
</record>
<record>
  <date>2026-01-02T17:12:31</date>
  <millis>1767348751817</millis>
  <sequence>466</sequence>
  <level>PASSED</level>
  <class>com.kms.katalon.core.logging.XmlKeywordLogger</class>
  <method>logMessage</method>
  <thread>1</thread>
  <message>Test Cases/Login by WA</message>
  <nestedLevel>1</nestedLevel>
  <escapedJava>false</escapedJava>
</record>
<record>
  <date>2026-01-02T17:12:31</date>
  <millis>1767348751818</millis>
  <sequence>467</sequence>
  <level>END</level>
  <class>com.kms.katalon.core.logging.XmlKeywordLogger</class>
  <method>endTest</method>
  <thread>1</thread>
  <message>End Test Case : Test Cases/Login by WA</message>
  <nestedLevel>0</nestedLevel>
  <escapedJava>false</escapedJava>
  <property name="executionBindingVariables">[
  {
    &quot;displayReportName&quot;: &quot;wa&quot;,
    &quot;value&quot;: &quot;8380718912&quot;,
    &quot;name&quot;: &quot;wa&quot;,
    &quot;masked&quot;: false
  }
]</property>
  <property name="applitools">false</property>
  <property name="keywordsUsage">{
  &quot;web_ui&quot;: false,
  &quot;web_service&quot;: false,
  &quot;cucumber&quot;: false,
  &quot;builtin&quot;: false,
  &quot;mobile&quot;: true,
  &quot;windows&quot;: false,
  &quot;testng&quot;: false
}</property>
</record>
<record>
  <date>2026-01-02T17:12:31</date>
  <millis>1767348751825</millis>
  <sequence>468</sequence>
  <level>START</level>
  <class>com.kms.katalon.core.logging.XmlKeywordLogger</class>
  <method>startTest</method>
  <thread>1</thread>
  <message>Start Test Case : Test Cases/Login by WA</message>
  <nestedLevel>1</nestedLevel>
  <escapedJava>false</escapedJava>
  <property name="name">Test Cases/Login by WA</property>
  <property name="description"></property>
  <property name="iteration"></property>
  <property name="id">Test Cases/Login by WA</property>
  <property name="source">C:\Users\ichsa\Katalon Studio\Labamu\Test Cases\Login by WA.tc</property>
  <property name="tag"></property>
  <property name="isOptional">false</property>
</record>
<record>
  <date>2026-01-02T17:12:31</date>
  <millis>1767348751830</millis>
  <sequence>470</sequence>
  <level>INFO</level>
  <class>com.kms.katalon.core.logging.XmlKeywordLogger</class>
  <method>logMessage</method>
  <thread>1</thread>
  <message>wa = 8129301980</message>
  <nestedLevel>1</nestedLevel>
  <escapedJava>false</escapedJava>
</record>
<record>
  <date>2026-01-02T17:12:31</date>
  <millis>1767348751830</millis>
  <sequence>471</sequence>
  <level>START</level>
  <class>com.kms.katalon.core.logging.XmlKeywordLogger</class>
  <method>startKeyword</method>
  <thread>1</thread>
  <message>Start action : startExistingApplication(&amp;quot;id.co.labamu.app&amp;quot;)</message>
  <nestedLevel>1</nestedLevel>
  <escapedJava>false</escapedJava>
  <property name="startLine">23</property>
  <property name="stepIndex">1</property>
</record>
<record>
  <date>2026-01-02T17:12:31</date>
  <millis>1767348751911</millis>
  <sequence>473</sequence>
  <level>INFO</level>
  <class>com.kms.katalon.core.logging.XmlKeywordLogger</class>
  <method>logMessage</method>
  <thread>1</thread>
  <message>Detected NodeJS location: &amp;quot;C:\Program Files\nodejs\node.exe&amp;quot;</message>
  <nestedLevel>1</nestedLevel>
  <escapedJava>false</escapedJava>
</record>
<record>
  <date>2026-01-02T17:12:32</date>
  <millis>1767348752995</millis>
  <sequence>474</sequence>
  <level>INFO</level>
  <class>com.kms.katalon.core.logging.XmlKeywordLogger</class>
  <method>logMessage</method>
  <thread>1</thread>
  <message>Appium server started on port 49,184</message>
  <nestedLevel>1</nestedLevel>
  <escapedJava>false</escapedJava>
</record>
<record>
  <date>2026-01-02T17:12:43</date>
  <millis>1767348763039</millis>
  <sequence>476</sequence>
  <level>RUN_DATA</level>
  <class>com.kms.katalon.core.logging.XmlKeywordLogger</class>
  <method>logMessage</method>
  <thread>1</thread>
  <message>appiumVersion = 1.22.3</message>
  <nestedLevel>1</nestedLevel>
  <escapedJava>false</escapedJava>
  <property name="appiumVersion">1.22.3</property>
</record>
<record>
  <date>2026-01-02T17:12:43</date>
  <millis>1767348763039</millis>
  <sequence>477</sequence>
  <level>RUN_DATA</level>
  <class>com.kms.katalon.core.logging.XmlKeywordLogger</class>
  <method>logMessage</method>
  <thread>1</thread>
  <message>appiumServerStatus = {&amp;quot;value&amp;quot;:{&amp;quot;build&amp;quot;:{&amp;quot;version&amp;quot;:&amp;quot;1.22.3&amp;quot;}},&amp;quot;sessionId&amp;quot;:null,&amp;quot;status&amp;quot;:0}</message>
  <nestedLevel>1</nestedLevel>
  <escapedJava>false</escapedJava>
  <property name="appiumServerStatus">{&quot;value&quot;:{&quot;build&quot;:{&quot;version&quot;:&quot;1.22.3&quot;}},&quot;sessionId&quot;:null,&quot;status&quot;:0}</property>
</record>
<record>
  <date>2026-01-02T17:12:43</date>
  <millis>1767348763043</millis>
  <sequence>478</sequence>
  <level>RUN_DATA</level>
  <class>com.kms.katalon.core.logging.XmlKeywordLogger</class>
  <method>logMessage</method>
  <thread>1</thread>
  <message>deviceId = RR8R5017EJV</message>
  <nestedLevel>1</nestedLevel>
  <escapedJava>false</escapedJava>
  <property name="deviceId">RR8R5017EJV</property>
</record>
<record>
  <date>2026-01-02T17:12:43</date>
  <millis>1767348763043</millis>
  <sequence>479</sequence>
  <level>RUN_DATA</level>
  <class>com.kms.katalon.core.logging.XmlKeywordLogger</class>
  <method>logMessage</method>
  <thread>1</thread>
  <message>deviceName = samsung SM-A125F (Android 12)</message>
  <nestedLevel>1</nestedLevel>
  <escapedJava>false</escapedJava>
  <property name="deviceName">samsung SM-A125F (Android 12)</property>
</record>
<record>
  <date>2026-01-02T17:12:43</date>
  <millis>1767348763043</millis>
  <sequence>480</sequence>
  <level>RUN_DATA</level>
  <class>com.kms.katalon.core.logging.XmlKeywordLogger</class>
  <method>logMessage</method>
  <thread>1</thread>
  <message>deviceModel = SM-A125F</message>
  <nestedLevel>1</nestedLevel>
  <escapedJava>false</escapedJava>
  <property name="deviceModel">SM-A125F</property>
</record>
<record>
  <date>2026-01-02T17:12:43</date>
  <millis>1767348763043</millis>
  <sequence>481</sequence>
  <level>RUN_DATA</level>
  <class>com.kms.katalon.core.logging.XmlKeywordLogger</class>
  <method>logMessage</method>
  <thread>1</thread>
  <message>deviceManufacturer = samsung</message>
  <nestedLevel>1</nestedLevel>
  <escapedJava>false</escapedJava>
  <property name="deviceManufacturer">samsung</property>
</record>
<record>
  <date>2026-01-02T17:12:43</date>
  <millis>1767348763043</millis>
  <sequence>482</sequence>
  <level>RUN_DATA</level>
  <class>com.kms.katalon.core.logging.XmlKeywordLogger</class>
  <method>logMessage</method>
  <thread>1</thread>
  <message>deviceOS = Android</message>
  <nestedLevel>1</nestedLevel>
  <escapedJava>false</escapedJava>
  <property name="deviceOS">Android</property>
</record>
<record>
  <date>2026-01-02T17:12:43</date>
  <millis>1767348763043</millis>
  <sequence>483</sequence>
  <level>RUN_DATA</level>
  <class>com.kms.katalon.core.logging.XmlKeywordLogger</class>
  <method>logMessage</method>
  <thread>1</thread>
  <message>deviceOSVersion = 12</message>
  <nestedLevel>1</nestedLevel>
  <escapedJava>false</escapedJava>
  <property name="deviceOSVersion">12</property>
</record>
<record>
  <date>2026-01-02T17:12:44</date>
  <millis>1767348764904</millis>
  <sequence>485</sequence>
  <level>PASSED</level>
  <class>com.kms.katalon.core.logging.XmlKeywordLogger</class>
  <method>logMessage</method>
  <thread>1</thread>
  <message>Starting app with application ID: &amp;apos;id.co.labamu.app&amp;apos;</message>
  <nestedLevel>1</nestedLevel>
  <escapedJava>false</escapedJava>
  <property name="testops-method-name">com.kms.katalon.core.mobile.keyword.internal.MobileKeywordMain$runKeyword.call</property>
  <property name="testops-execution-stacktrace">com.kms.katalon.core.logging.KeywordLogger.logPassed(KeywordLogger.java:340)
com.kms.katalon.core.logging.KeywordLogger.logPassed(KeywordLogger.java:334)
com.kms.katalon.core.logging.KeywordLogger$logPassed$1.call(Unknown Source)
com.kms.katalon.core.mobile.keyword.builtin.StartExistingApplicationKeyword$_startApplication_closure1.doCall(StartExistingApplicationKeyword.groovy:51)
com.kms.katalon.core.mobile.keyword.builtin.StartExistingApplicationKeyword$_startApplication_closure1.doCall(StartExistingApplicationKeyword.groovy)
com.kms.katalon.core.mobile.keyword.internal.MobileKeywordMain.runKeyword(MobileKeywordMain.groovy:21)
com.kms.katalon.core.mobile.keyword.internal.MobileKeywordMain$runKeyword.call(Unknown Source)
com.kms.katalon.core.mobile.keyword.builtin.StartExistingApplicationKeyword.startApplication(StartExistingApplicationKeyword.groovy:52)
com.kms.katalon.core.mobile.keyword.builtin.StartExistingApplicationKeyword.execute(StartExistingApplicationKeyword.groovy:37)
com.kms.katalon.core.keyword.internal.KeywordExecutor.executeKeywordForPlatform(KeywordExecutor.groovy:74)
com.kms.katalon.core.mobile.keyword.MobileBuiltInKeywords.startExistingApplication(MobileBuiltInKeywords.groovy:92)
com.kms.katalon.core.mobile.keyword.MobileBuiltInKeywords$startExistingApplication.call(Unknown Source)
Login by WA.run(Login by WA:23)
</property>
</record>
<record>
  <date>2026-01-02T17:12:44</date>
  <millis>1767348764904</millis>
  <sequence>486</sequence>
  <level>END</level>
  <class>com.kms.katalon.core.logging.XmlKeywordLogger</class>
  <method>endKeyword</method>
  <thread>1</thread>
  <message>End action : startExistingApplication(&amp;quot;id.co.labamu.app&amp;quot;)</message>
  <nestedLevel>1</nestedLevel>
  <escapedJava>false</escapedJava>
</record>
<record>
  <date>2026-01-02T17:12:44</date>
  <millis>1767348764904</millis>
  <sequence>487</sequence>
  <level>START</level>
  <class>com.kms.katalon.core.logging.XmlKeywordLogger</class>
  <method>startKeyword</method>
  <thread>1</thread>
  <message>Start action : widget = findTestObject(&amp;quot;Object Repository/btn-Widget-While&amp;quot;)</message>
  <nestedLevel>1</nestedLevel>
  <escapedJava>false</escapedJava>
  <property name="startLine">24</property>
  <property name="stepIndex">2</property>
</record>
<record>
  <date>2026-01-02T17:12:44</date>
  <millis>1767348764947</millis>
  <sequence>489</sequence>
  <level>END</level>
  <class>com.kms.katalon.core.logging.XmlKeywordLogger</class>
  <method>endKeyword</method>
  <thread>1</thread>
  <message>End action : widget = findTestObject(&amp;quot;Object Repository/btn-Widget-While&amp;quot;)</message>
  <nestedLevel>1</nestedLevel>
  <escapedJava>false</escapedJava>
</record>
<record>
  <date>2026-01-02T17:12:44</date>
  <millis>1767348764947</millis>
  <sequence>490</sequence>
  <level>START</level>
  <class>com.kms.katalon.core.logging.XmlKeywordLogger</class>
  <method>startKeyword</method>
  <thread>1</thread>
  <message>Start action : if (waitForElementPresent(widget, 5))</message>
  <nestedLevel>1</nestedLevel>
  <escapedJava>false</escapedJava>
  <property name="startLine">25</property>
  <property name="stepIndex">3</property>
</record>
<record>
  <date>2026-01-02T17:12:49</date>
  <millis>1767348769978</millis>
  <sequence>493</sequence>
  <level>WARNING</level>
  <class>com.kms.katalon.core.logging.XmlKeywordLogger</class>
  <method>logMessage</method>
  <thread>1</thread>
  <message>Object Object Repository/btn-Widget-While not found</message>
  <nestedLevel>1</nestedLevel>
  <escapedJava>false</escapedJava>
</record>
<record>
  <date>2026-01-02T17:12:49</date>
  <millis>1767348769979</millis>
  <sequence>494</sequence>
  <level>END</level>
  <class>com.kms.katalon.core.logging.XmlKeywordLogger</class>
  <method>endKeyword</method>
  <thread>1</thread>
  <message>End action : if (waitForElementPresent(widget, 5))</message>
  <nestedLevel>1</nestedLevel>
  <escapedJava>false</escapedJava>
</record>
<record>
  <date>2026-01-02T17:12:49</date>
  <millis>1767348769979</millis>
  <sequence>495</sequence>
  <level>START</level>
  <class>com.kms.katalon.core.logging.XmlKeywordLogger</class>
  <method>startKeyword</method>
  <thread>1</thread>
  <message>Start action : else</message>
  <nestedLevel>1</nestedLevel>
  <escapedJava>false</escapedJava>
  <property name="startLine">28</property>
  <property name="stepIndex">4</property>
</record>
<record>
  <date>2026-01-02T17:12:49</date>
  <millis>1767348769980</millis>
  <sequence>496</sequence>
  <level>START</level>
  <class>com.kms.katalon.core.logging.XmlKeywordLogger</class>
  <method>startKeyword</method>
  <thread>1</thread>
  <message>Start action : println(&amp;quot;Widget tidak muncul, lanjut step berikutnya&amp;quot;)</message>
  <nestedLevel>2</nestedLevel>
  <escapedJava>false</escapedJava>
  <property name="startLine">29</property>
  <property name="stepIndex">1</property>
</record>
<record>
  <date>2026-01-02T17:12:49</date>
  <millis>1767348769980</millis>
  <sequence>497</sequence>
  <level>END</level>
  <class>com.kms.katalon.core.logging.XmlKeywordLogger</class>
  <method>endKeyword</method>
  <thread>1</thread>
  <message>End action : println(&amp;quot;Widget tidak muncul, lanjut step berikutnya&amp;quot;)</message>
  <nestedLevel>2</nestedLevel>
  <escapedJava>false</escapedJava>
</record>
<record>
  <date>2026-01-02T17:12:49</date>
  <millis>1767348769980</millis>
  <sequence>498</sequence>
  <level>END</level>
  <class>com.kms.katalon.core.logging.XmlKeywordLogger</class>
  <method>endKeyword</method>
  <thread>1</thread>
  <message>End action : else</message>
  <nestedLevel>1</nestedLevel>
  <escapedJava>false</escapedJava>
</record>
<record>
  <date>2026-01-02T17:12:49</date>
  <millis>1767348769980</millis>
  <sequence>499</sequence>
  <level>START</level>
  <class>com.kms.katalon.core.logging.XmlKeywordLogger</class>
  <method>startKeyword</method>
  <thread>1</thread>
  <message>Start action : edtWA = findTestObject(&amp;quot;Object Repository/edt-WA&amp;quot;)</message>
  <nestedLevel>1</nestedLevel>
  <escapedJava>false</escapedJava>
  <property name="startLine">31</property>
  <property name="stepIndex">5</property>
</record>
<record>
  <date>2026-01-02T17:12:50</date>
  <millis>1767348770028</millis>
  <sequence>501</sequence>
  <level>END</level>
  <class>com.kms.katalon.core.logging.XmlKeywordLogger</class>
  <method>endKeyword</method>
  <thread>1</thread>
  <message>End action : edtWA = findTestObject(&amp;quot;Object Repository/edt-WA&amp;quot;)</message>
  <nestedLevel>1</nestedLevel>
  <escapedJava>false</escapedJava>
</record>
<record>
  <date>2026-01-02T17:12:50</date>
  <millis>1767348770028</millis>
  <sequence>502</sequence>
  <level>START</level>
  <class>com.kms.katalon.core.logging.XmlKeywordLogger</class>
  <method>startKeyword</method>
  <thread>1</thread>
  <message>Start action : chkAgreement = findTestObject(&amp;quot;Object Repository/btn-CheckBox&amp;quot;)</message>
  <nestedLevel>1</nestedLevel>
  <escapedJava>false</escapedJava>
  <property name="startLine">32</property>
  <property name="stepIndex">6</property>
</record>
<record>
  <date>2026-01-02T17:12:50</date>
  <millis>1767348770067</millis>
  <sequence>504</sequence>
  <level>END</level>
  <class>com.kms.katalon.core.logging.XmlKeywordLogger</class>
  <method>endKeyword</method>
  <thread>1</thread>
  <message>End action : chkAgreement = findTestObject(&amp;quot;Object Repository/btn-CheckBox&amp;quot;)</message>
  <nestedLevel>1</nestedLevel>
  <escapedJava>false</escapedJava>
</record>
<record>
  <date>2026-01-02T17:12:50</date>
  <millis>1767348770067</millis>
  <sequence>505</sequence>
  <level>START</level>
  <class>com.kms.katalon.core.logging.XmlKeywordLogger</class>
  <method>startKeyword</method>
  <thread>1</thread>
  <message>Start action : btnMasuk = findTestObject(&amp;quot;Object Repository/btn-Masuk&amp;quot;)</message>
  <nestedLevel>1</nestedLevel>
  <escapedJava>false</escapedJava>
  <property name="startLine">33</property>
  <property name="stepIndex">7</property>
</record>
<record>
  <date>2026-01-02T17:12:50</date>
  <millis>1767348770105</millis>
  <sequence>507</sequence>
  <level>END</level>
  <class>com.kms.katalon.core.logging.XmlKeywordLogger</class>
  <method>endKeyword</method>
  <thread>1</thread>
  <message>End action : btnMasuk = findTestObject(&amp;quot;Object Repository/btn-Masuk&amp;quot;)</message>
  <nestedLevel>1</nestedLevel>
  <escapedJava>false</escapedJava>
</record>
<record>
  <date>2026-01-02T17:12:50</date>
  <millis>1767348770105</millis>
  <sequence>508</sequence>
  <level>START</level>
  <class>com.kms.katalon.core.logging.XmlKeywordLogger</class>
  <method>startKeyword</method>
  <thread>1</thread>
  <message>Start action : waitForElementPresent(edtWA, 10)</message>
  <nestedLevel>1</nestedLevel>
  <escapedJava>false</escapedJava>
  <property name="startLine">34</property>
  <property name="stepIndex">8</property>
</record>
<record>
  <date>2026-01-02T17:12:50</date>
  <millis>1767348770398</millis>
  <sequence>511</sequence>
  <level>PASSED</level>
  <class>com.kms.katalon.core.logging.XmlKeywordLogger</class>
  <method>logMessage</method>
  <thread>1</thread>
  <message>Element &amp;apos;Object Repository/edt-WA&amp;apos; is present</message>
  <nestedLevel>1</nestedLevel>
  <escapedJava>false</escapedJava>
  <property name="testops-method-name">com.kms.katalon.core.mobile.keyword.builtin.WaitForElementPresentKeyword.waitForElementPresent</property>
  <property name="testops-execution-stacktrace"></property>
</record>
<record>
  <date>2026-01-02T17:12:50</date>
  <millis>1767348770399</millis>
  <sequence>512</sequence>
  <level>END</level>
  <class>com.kms.katalon.core.logging.XmlKeywordLogger</class>
  <method>endKeyword</method>
  <thread>1</thread>
  <message>End action : waitForElementPresent(edtWA, 10)</message>
  <nestedLevel>1</nestedLevel>
  <escapedJava>false</escapedJava>
</record>
<record>
  <date>2026-01-02T17:12:50</date>
  <millis>1767348770399</millis>
  <sequence>513</sequence>
  <level>START</level>
  <class>com.kms.katalon.core.logging.XmlKeywordLogger</class>
  <method>startKeyword</method>
  <thread>1</thread>
  <message>Start action : tap(edtWA, 10)</message>
  <nestedLevel>1</nestedLevel>
  <escapedJava>false</escapedJava>
  <property name="startLine">35</property>
  <property name="stepIndex">9</property>
</record>
<record>
  <date>2026-01-02T17:12:50</date>
  <millis>1767348770752</millis>
  <sequence>516</sequence>
  <level>PASSED</level>
  <class>com.kms.katalon.core.logging.XmlKeywordLogger</class>
  <method>logMessage</method>
  <thread>1</thread>
  <message>Tapped on element &amp;apos;Object Repository/edt-WA&amp;apos;</message>
  <nestedLevel>1</nestedLevel>
  <escapedJava>false</escapedJava>
  <property name="testops-method-name">com.kms.katalon.core.mobile.keyword.builtin.TapKeyword.tap</property>
  <property name="testops-execution-stacktrace"></property>
</record>
<record>
  <date>2026-01-02T17:12:50</date>
  <millis>1767348770752</millis>
  <sequence>517</sequence>
  <level>END</level>
  <class>com.kms.katalon.core.logging.XmlKeywordLogger</class>
  <method>endKeyword</method>
  <thread>1</thread>
  <message>End action : tap(edtWA, 10)</message>
  <nestedLevel>1</nestedLevel>
  <escapedJava>false</escapedJava>
</record>
<record>
  <date>2026-01-02T17:12:50</date>
  <millis>1767348770753</millis>
  <sequence>518</sequence>
  <level>START</level>
  <class>com.kms.katalon.core.logging.XmlKeywordLogger</class>
  <method>startKeyword</method>
  <thread>1</thread>
  <message>Start action : setText(edtWA, wa, 10)</message>
  <nestedLevel>1</nestedLevel>
  <escapedJava>false</escapedJava>
  <property name="startLine">36</property>
  <property name="stepIndex">10</property>
</record>
<record>
  <date>2026-01-02T17:12:52</date>
  <millis>1767348772140</millis>
  <sequence>521</sequence>
  <level>PASSED</level>
  <class>com.kms.katalon.core.logging.XmlKeywordLogger</class>
  <method>logMessage</method>
  <thread>1</thread>
  <message>Text &amp;apos;8129301980&amp;apos; has been set to element &amp;apos;Object Repository/edt-WA&amp;apos;</message>
  <nestedLevel>1</nestedLevel>
  <escapedJava>false</escapedJava>
  <property name="testops-method-name">com.kms.katalon.core.mobile.keyword.builtin.SetTextKeyword.setText</property>
  <property name="testops-execution-stacktrace"></property>
</record>
<record>
  <date>2026-01-02T17:12:52</date>
  <millis>1767348772141</millis>
  <sequence>522</sequence>
  <level>END</level>
  <class>com.kms.katalon.core.logging.XmlKeywordLogger</class>
  <method>endKeyword</method>
  <thread>1</thread>
  <message>End action : setText(edtWA, wa, 10)</message>
  <nestedLevel>1</nestedLevel>
  <escapedJava>false</escapedJava>
</record>
<record>
  <date>2026-01-02T17:12:52</date>
  <millis>1767348772142</millis>
  <sequence>523</sequence>
  <level>START</level>
  <class>com.kms.katalon.core.logging.XmlKeywordLogger</class>
  <method>startKeyword</method>
  <thread>1</thread>
  <message>Start action : tap(chkAgreement, 10)</message>
  <nestedLevel>1</nestedLevel>
  <escapedJava>false</escapedJava>
  <property name="startLine">37</property>
  <property name="stepIndex">11</property>
</record>
<record>
  <date>2026-01-02T17:12:54</date>
  <millis>1767348774093</millis>
  <sequence>526</sequence>
  <level>PASSED</level>
  <class>com.kms.katalon.core.logging.XmlKeywordLogger</class>
  <method>logMessage</method>
  <thread>1</thread>
  <message>Tapped on element &amp;apos;Object Repository/btn-CheckBox&amp;apos;</message>
  <nestedLevel>1</nestedLevel>
  <escapedJava>false</escapedJava>
  <property name="testops-method-name">com.kms.katalon.core.mobile.keyword.builtin.TapKeyword.tap</property>
  <property name="testops-execution-stacktrace"></property>
</record>
<record>
  <date>2026-01-02T17:12:54</date>
  <millis>1767348774093</millis>
  <sequence>527</sequence>
  <level>END</level>
  <class>com.kms.katalon.core.logging.XmlKeywordLogger</class>
  <method>endKeyword</method>
  <thread>1</thread>
  <message>End action : tap(chkAgreement, 10)</message>
  <nestedLevel>1</nestedLevel>
  <escapedJava>false</escapedJava>
</record>
<record>
  <date>2026-01-02T17:12:54</date>
  <millis>1767348774093</millis>
  <sequence>528</sequence>
  <level>START</level>
  <class>com.kms.katalon.core.logging.XmlKeywordLogger</class>
  <method>startKeyword</method>
  <thread>1</thread>
  <message>Start action : waitForElementAttributeValue(btnMasuk, &amp;quot;enabled&amp;quot;, &amp;quot;true&amp;quot;, 10)</message>
  <nestedLevel>1</nestedLevel>
  <escapedJava>false</escapedJava>
  <property name="startLine">38</property>
  <property name="stepIndex">12</property>
</record>
<record>
  <date>2026-01-02T17:12:54</date>
  <millis>1767348774924</millis>
  <sequence>532</sequence>
  <level>PASSED</level>
  <class>com.kms.katalon.core.logging.XmlKeywordLogger</class>
  <method>logMessage</method>
  <thread>1</thread>
  <message>Object &amp;apos;Object Repository/btn-Masuk&amp;apos; has attribute &amp;apos;enabled&amp;apos; with value &amp;apos;true&amp;apos;</message>
  <nestedLevel>1</nestedLevel>
  <escapedJava>false</escapedJava>
  <property name="testops-method-name">com.kms.katalon.core.mobile.keyword.builtin.WaitForElementAttributeValueKeyword.waitForElementAttributeValue</property>
  <property name="testops-execution-stacktrace"></property>
</record>
<record>
  <date>2026-01-02T17:12:54</date>
  <millis>1767348774924</millis>
  <sequence>533</sequence>
  <level>END</level>
  <class>com.kms.katalon.core.logging.XmlKeywordLogger</class>
  <method>endKeyword</method>
  <thread>1</thread>
  <message>End action : waitForElementAttributeValue(btnMasuk, &amp;quot;enabled&amp;quot;, &amp;quot;true&amp;quot;, 10)</message>
  <nestedLevel>1</nestedLevel>
  <escapedJava>false</escapedJava>
</record>
<record>
  <date>2026-01-02T17:12:54</date>
  <millis>1767348774924</millis>
  <sequence>534</sequence>
  <level>START</level>
  <class>com.kms.katalon.core.logging.XmlKeywordLogger</class>
  <method>startKeyword</method>
  <thread>1</thread>
  <message>Start action : verifyElementAttributeValue(btnMasuk, &amp;quot;enabled&amp;quot;, &amp;quot;true&amp;quot;, 0)</message>
  <nestedLevel>1</nestedLevel>
  <escapedJava>false</escapedJava>
  <property name="startLine">44</property>
  <property name="stepIndex">13</property>
</record>
<record>
  <date>2026-01-02T17:12:54</date>
  <millis>1767348774926</millis>
  <sequence>538</sequence>
  <level>WARNING</level>
  <class>com.kms.katalon.core.logging.XmlKeywordLogger</class>
  <method>logMessage</method>
  <thread>1</thread>
  <message>Timeout &amp;apos;0&amp;apos; is invalid. Using default page load timeout: &amp;apos;30&amp;apos;</message>
  <nestedLevel>1</nestedLevel>
  <escapedJava>false</escapedJava>
</record>
<record>
  <date>2026-01-02T17:12:55</date>
  <millis>1767348775087</millis>
  <sequence>539</sequence>
  <level>PASSED</level>
  <class>com.kms.katalon.core.logging.XmlKeywordLogger</class>
  <method>logMessage</method>
  <thread>1</thread>
  <message>Object &amp;apos;Object Repository/btn-Masuk&amp;apos; has attribute &amp;apos;enabled&amp;apos; with value &amp;apos;true&amp;apos;</message>
  <nestedLevel>1</nestedLevel>
  <escapedJava>false</escapedJava>
  <property name="testops-is-assertion">true</property>
  <property name="testops-method-name">com.kms.katalon.core.mobile.keyword.builtin.VerifyElementAttributeValueKeyword.verifyElementAttributeValue</property>
  <property name="testops-execution-stacktrace"></property>
</record>
<record>
  <date>2026-01-02T17:12:55</date>
  <millis>1767348775088</millis>
  <sequence>540</sequence>
  <level>END</level>
  <class>com.kms.katalon.core.logging.XmlKeywordLogger</class>
  <method>endKeyword</method>
  <thread>1</thread>
  <message>End action : verifyElementAttributeValue(btnMasuk, &amp;quot;enabled&amp;quot;, &amp;quot;true&amp;quot;, 0)</message>
  <nestedLevel>1</nestedLevel>
  <escapedJava>false</escapedJava>
</record>
<record>
  <date>2026-01-02T17:12:55</date>
  <millis>1767348775088</millis>
  <sequence>541</sequence>
  <level>START</level>
  <class>com.kms.katalon.core.logging.XmlKeywordLogger</class>
  <method>startKeyword</method>
  <thread>1</thread>
  <message>Start action : tap(btnMasuk, 10)</message>
  <nestedLevel>1</nestedLevel>
  <escapedJava>false</escapedJava>
  <property name="startLine">50</property>
  <property name="stepIndex">14</property>
</record>
<record>
  <date>2026-01-02T17:12:56</date>
  <millis>1767348776899</millis>
  <sequence>544</sequence>
  <level>PASSED</level>
  <class>com.kms.katalon.core.logging.XmlKeywordLogger</class>
  <method>logMessage</method>
  <thread>1</thread>
  <message>Tapped on element &amp;apos;Object Repository/btn-Masuk&amp;apos;</message>
  <nestedLevel>1</nestedLevel>
  <escapedJava>false</escapedJava>
  <property name="testops-method-name">com.kms.katalon.core.mobile.keyword.builtin.TapKeyword.tap</property>
  <property name="testops-execution-stacktrace"></property>
</record>
<record>
  <date>2026-01-02T17:12:56</date>
  <millis>1767348776900</millis>
  <sequence>545</sequence>
  <level>END</level>
  <class>com.kms.katalon.core.logging.XmlKeywordLogger</class>
  <method>endKeyword</method>
  <thread>1</thread>
  <message>End action : tap(btnMasuk, 10)</message>
  <nestedLevel>1</nestedLevel>
  <escapedJava>false</escapedJava>
</record>
<record>
  <date>2026-01-02T17:12:56</date>
  <millis>1767348776900</millis>
  <sequence>546</sequence>
  <level>START</level>
  <class>com.kms.katalon.core.logging.XmlKeywordLogger</class>
  <method>startKeyword</method>
  <thread>1</thread>
  <message>Start action : closeApplication()</message>
  <nestedLevel>1</nestedLevel>
  <escapedJava>false</escapedJava>
  <property name="startLine">51</property>
  <property name="stepIndex">15</property>
</record>
<record>
  <date>2026-01-02T17:12:57</date>
  <millis>1767348777344</millis>
  <sequence>547</sequence>
  <level>PASSED</level>
  <class>com.kms.katalon.core.logging.XmlKeywordLogger</class>
  <method>logMessage</method>
  <thread>1</thread>
  <message>Close app successfully</message>
  <nestedLevel>1</nestedLevel>
  <escapedJava>false</escapedJava>
  <property name="testops-method-name">com.kms.katalon.core.mobile.keyword.builtin.CloseApplicationKeyword.closeApplication</property>
  <property name="testops-execution-stacktrace"></property>
</record>
<record>
  <date>2026-01-02T17:12:57</date>
  <millis>1767348777344</millis>
  <sequence>548</sequence>
  <level>END</level>
  <class>com.kms.katalon.core.logging.XmlKeywordLogger</class>
  <method>endKeyword</method>
  <thread>1</thread>
  <message>End action : closeApplication()</message>
  <nestedLevel>1</nestedLevel>
  <escapedJava>false</escapedJava>
</record>
<record>
  <date>2026-01-02T17:12:57</date>
  <millis>1767348777344</millis>
  <sequence>549</sequence>
  <level>PASSED</level>
  <class>com.kms.katalon.core.logging.XmlKeywordLogger</class>
  <method>logMessage</method>
  <thread>1</thread>
  <message>Test Cases/Login by WA</message>
  <nestedLevel>1</nestedLevel>
  <escapedJava>false</escapedJava>
</record>
<record>
  <date>2026-01-02T17:12:57</date>
  <millis>1767348777344</millis>
  <sequence>550</sequence>
  <level>END</level>
  <class>com.kms.katalon.core.logging.XmlKeywordLogger</class>
  <method>endTest</method>
  <thread>1</thread>
  <message>End Test Case : Test Cases/Login by WA</message>
  <nestedLevel>0</nestedLevel>
  <escapedJava>false</escapedJava>
  <property name="executionBindingVariables">[
  {
    &quot;displayReportName&quot;: &quot;wa&quot;,
    &quot;value&quot;: &quot;8129301980&quot;,
    &quot;name&quot;: &quot;wa&quot;,
    &quot;masked&quot;: false
  }
]</property>
  <property name="applitools">false</property>
  <property name="keywordsUsage">{
  &quot;web_ui&quot;: false,
  &quot;web_service&quot;: false,
  &quot;cucumber&quot;: false,
  &quot;builtin&quot;: false,
  &quot;mobile&quot;: true,
  &quot;windows&quot;: false,
  &quot;testng&quot;: false
}</property>
</record>
<record>
  <date>2026-01-02T17:12:57</date>
  <millis>1767348777358</millis>
  <sequence>551</sequence>
  <level>START</level>
  <class>com.kms.katalon.core.logging.XmlKeywordLogger</class>
  <method>startTest</method>
  <thread>1</thread>
  <message>Start Test Case : Test Cases/Login by WA</message>
  <nestedLevel>1</nestedLevel>
  <escapedJava>false</escapedJava>
  <property name="name">Test Cases/Login by WA</property>
  <property name="description"></property>
  <property name="iteration"></property>
  <property name="id">Test Cases/Login by WA</property>
  <property name="source">C:\Users\ichsa\Katalon Studio\Labamu\Test Cases\Login by WA.tc</property>
  <property name="tag"></property>
  <property name="isOptional">false</property>
</record>
<record>
  <date>2026-01-02T17:12:57</date>
  <millis>1767348777363</millis>
  <sequence>553</sequence>
  <level>INFO</level>
  <class>com.kms.katalon.core.logging.XmlKeywordLogger</class>
  <method>logMessage</method>
  <thread>1</thread>
  <message>wa = 87871296344</message>
  <nestedLevel>1</nestedLevel>
  <escapedJava>false</escapedJava>
</record>
<record>
  <date>2026-01-02T17:12:57</date>
  <millis>1767348777363</millis>
  <sequence>554</sequence>
  <level>START</level>
  <class>com.kms.katalon.core.logging.XmlKeywordLogger</class>
  <method>startKeyword</method>
  <thread>1</thread>
  <message>Start action : startExistingApplication(&amp;quot;id.co.labamu.app&amp;quot;)</message>
  <nestedLevel>1</nestedLevel>
  <escapedJava>false</escapedJava>
  <property name="startLine">23</property>
  <property name="stepIndex">1</property>
</record>
<record>
  <date>2026-01-02T17:12:57</date>
  <millis>1767348777449</millis>
  <sequence>556</sequence>
  <level>INFO</level>
  <class>com.kms.katalon.core.logging.XmlKeywordLogger</class>
  <method>logMessage</method>
  <thread>1</thread>
  <message>Detected NodeJS location: &amp;quot;C:\Program Files\nodejs\node.exe&amp;quot;</message>
  <nestedLevel>1</nestedLevel>
  <escapedJava>false</escapedJava>
</record>
<record>
  <date>2026-01-02T17:12:58</date>
  <millis>1767348778547</millis>
  <sequence>557</sequence>
  <level>INFO</level>
  <class>com.kms.katalon.core.logging.XmlKeywordLogger</class>
  <method>logMessage</method>
  <thread>1</thread>
  <message>Appium server started on port 58,521</message>
  <nestedLevel>1</nestedLevel>
  <escapedJava>false</escapedJava>
</record>
<record>
  <date>2026-01-02T17:13:08</date>
  <millis>1767348788377</millis>
  <sequence>559</sequence>
  <level>RUN_DATA</level>
  <class>com.kms.katalon.core.logging.XmlKeywordLogger</class>
  <method>logMessage</method>
  <thread>1</thread>
  <message>appiumVersion = 1.22.3</message>
  <nestedLevel>1</nestedLevel>
  <escapedJava>false</escapedJava>
  <property name="appiumVersion">1.22.3</property>
</record>
<record>
  <date>2026-01-02T17:13:08</date>
  <millis>1767348788377</millis>
  <sequence>560</sequence>
  <level>RUN_DATA</level>
  <class>com.kms.katalon.core.logging.XmlKeywordLogger</class>
  <method>logMessage</method>
  <thread>1</thread>
  <message>appiumServerStatus = {&amp;quot;value&amp;quot;:{&amp;quot;build&amp;quot;:{&amp;quot;version&amp;quot;:&amp;quot;1.22.3&amp;quot;}},&amp;quot;sessionId&amp;quot;:null,&amp;quot;status&amp;quot;:0}</message>
  <nestedLevel>1</nestedLevel>
  <escapedJava>false</escapedJava>
  <property name="appiumServerStatus">{&quot;value&quot;:{&quot;build&quot;:{&quot;version&quot;:&quot;1.22.3&quot;}},&quot;sessionId&quot;:null,&quot;status&quot;:0}</property>
</record>
<record>
  <date>2026-01-02T17:13:08</date>
  <millis>1767348788388</millis>
  <sequence>561</sequence>
  <level>RUN_DATA</level>
  <class>com.kms.katalon.core.logging.XmlKeywordLogger</class>
  <method>logMessage</method>
  <thread>1</thread>
  <message>deviceId = RR8R5017EJV</message>
  <nestedLevel>1</nestedLevel>
  <escapedJava>false</escapedJava>
  <property name="deviceId">RR8R5017EJV</property>
</record>
<record>
  <date>2026-01-02T17:13:08</date>
  <millis>1767348788388</millis>
  <sequence>562</sequence>
  <level>RUN_DATA</level>
  <class>com.kms.katalon.core.logging.XmlKeywordLogger</class>
  <method>logMessage</method>
  <thread>1</thread>
  <message>deviceName = samsung SM-A125F (Android 12)</message>
  <nestedLevel>1</nestedLevel>
  <escapedJava>false</escapedJava>
  <property name="deviceName">samsung SM-A125F (Android 12)</property>
</record>
<record>
  <date>2026-01-02T17:13:08</date>
  <millis>1767348788388</millis>
  <sequence>563</sequence>
  <level>RUN_DATA</level>
  <class>com.kms.katalon.core.logging.XmlKeywordLogger</class>
  <method>logMessage</method>
  <thread>1</thread>
  <message>deviceModel = SM-A125F</message>
  <nestedLevel>1</nestedLevel>
  <escapedJava>false</escapedJava>
  <property name="deviceModel">SM-A125F</property>
</record>
<record>
  <date>2026-01-02T17:13:08</date>
  <millis>1767348788388</millis>
  <sequence>564</sequence>
  <level>RUN_DATA</level>
  <class>com.kms.katalon.core.logging.XmlKeywordLogger</class>
  <method>logMessage</method>
  <thread>1</thread>
  <message>deviceManufacturer = samsung</message>
  <nestedLevel>1</nestedLevel>
  <escapedJava>false</escapedJava>
  <property name="deviceManufacturer">samsung</property>
</record>
<record>
  <date>2026-01-02T17:13:08</date>
  <millis>1767348788389</millis>
  <sequence>565</sequence>
  <level>RUN_DATA</level>
  <class>com.kms.katalon.core.logging.XmlKeywordLogger</class>
  <method>logMessage</method>
  <thread>1</thread>
  <message>deviceOS = Android</message>
  <nestedLevel>1</nestedLevel>
  <escapedJava>false</escapedJava>
  <property name="deviceOS">Android</property>
</record>
<record>
  <date>2026-01-02T17:13:08</date>
  <millis>1767348788389</millis>
  <sequence>566</sequence>
  <level>RUN_DATA</level>
  <class>com.kms.katalon.core.logging.XmlKeywordLogger</class>
  <method>logMessage</method>
  <thread>1</thread>
  <message>deviceOSVersion = 12</message>
  <nestedLevel>1</nestedLevel>
  <escapedJava>false</escapedJava>
  <property name="deviceOSVersion">12</property>
</record>
<record>
  <date>2026-01-02T17:13:10</date>
  <millis>1767348790238</millis>
  <sequence>568</sequence>
  <level>PASSED</level>
  <class>com.kms.katalon.core.logging.XmlKeywordLogger</class>
  <method>logMessage</method>
  <thread>1</thread>
  <message>Starting app with application ID: &amp;apos;id.co.labamu.app&amp;apos;</message>
  <nestedLevel>1</nestedLevel>
  <escapedJava>false</escapedJava>
  <property name="testops-method-name">com.kms.katalon.core.mobile.keyword.internal.MobileKeywordMain$runKeyword.call</property>
  <property name="testops-execution-stacktrace">com.kms.katalon.core.logging.KeywordLogger.logPassed(KeywordLogger.java:340)
com.kms.katalon.core.logging.KeywordLogger.logPassed(KeywordLogger.java:334)
com.kms.katalon.core.logging.KeywordLogger$logPassed$1.call(Unknown Source)
com.kms.katalon.core.mobile.keyword.builtin.StartExistingApplicationKeyword$_startApplication_closure1.doCall(StartExistingApplicationKeyword.groovy:51)
com.kms.katalon.core.mobile.keyword.builtin.StartExistingApplicationKeyword$_startApplication_closure1.doCall(StartExistingApplicationKeyword.groovy)
com.kms.katalon.core.mobile.keyword.internal.MobileKeywordMain.runKeyword(MobileKeywordMain.groovy:21)
com.kms.katalon.core.mobile.keyword.internal.MobileKeywordMain$runKeyword.call(Unknown Source)
com.kms.katalon.core.mobile.keyword.builtin.StartExistingApplicationKeyword.startApplication(StartExistingApplicationKeyword.groovy:52)
com.kms.katalon.core.mobile.keyword.builtin.StartExistingApplicationKeyword.execute(StartExistingApplicationKeyword.groovy:37)
com.kms.katalon.core.keyword.internal.KeywordExecutor.executeKeywordForPlatform(KeywordExecutor.groovy:74)
com.kms.katalon.core.mobile.keyword.MobileBuiltInKeywords.startExistingApplication(MobileBuiltInKeywords.groovy:92)
com.kms.katalon.core.mobile.keyword.MobileBuiltInKeywords$startExistingApplication.call(Unknown Source)
Login by WA.run(Login by WA:23)
</property>
</record>
<record>
  <date>2026-01-02T17:13:10</date>
  <millis>1767348790238</millis>
  <sequence>569</sequence>
  <level>END</level>
  <class>com.kms.katalon.core.logging.XmlKeywordLogger</class>
  <method>endKeyword</method>
  <thread>1</thread>
  <message>End action : startExistingApplication(&amp;quot;id.co.labamu.app&amp;quot;)</message>
  <nestedLevel>1</nestedLevel>
  <escapedJava>false</escapedJava>
</record>
<record>
  <date>2026-01-02T17:13:10</date>
  <millis>1767348790238</millis>
  <sequence>570</sequence>
  <level>START</level>
  <class>com.kms.katalon.core.logging.XmlKeywordLogger</class>
  <method>startKeyword</method>
  <thread>1</thread>
  <message>Start action : widget = findTestObject(&amp;quot;Object Repository/btn-Widget-While&amp;quot;)</message>
  <nestedLevel>1</nestedLevel>
  <escapedJava>false</escapedJava>
  <property name="startLine">24</property>
  <property name="stepIndex">2</property>
</record>
<record>
  <date>2026-01-02T17:13:10</date>
  <millis>1767348790281</millis>
  <sequence>572</sequence>
  <level>END</level>
  <class>com.kms.katalon.core.logging.XmlKeywordLogger</class>
  <method>endKeyword</method>
  <thread>1</thread>
  <message>End action : widget = findTestObject(&amp;quot;Object Repository/btn-Widget-While&amp;quot;)</message>
  <nestedLevel>1</nestedLevel>
  <escapedJava>false</escapedJava>
</record>
<record>
  <date>2026-01-02T17:13:10</date>
  <millis>1767348790281</millis>
  <sequence>573</sequence>
  <level>START</level>
  <class>com.kms.katalon.core.logging.XmlKeywordLogger</class>
  <method>startKeyword</method>
  <thread>1</thread>
  <message>Start action : if (waitForElementPresent(widget, 5))</message>
  <nestedLevel>1</nestedLevel>
  <escapedJava>false</escapedJava>
  <property name="startLine">25</property>
  <property name="stepIndex">3</property>
</record>
<record>
  <date>2026-01-02T17:13:15</date>
  <millis>1767348795462</millis>
  <sequence>576</sequence>
  <level>WARNING</level>
  <class>com.kms.katalon.core.logging.XmlKeywordLogger</class>
  <method>logMessage</method>
  <thread>1</thread>
  <message>Object Object Repository/btn-Widget-While not found</message>
  <nestedLevel>1</nestedLevel>
  <escapedJava>false</escapedJava>
</record>
<record>
  <date>2026-01-02T17:13:15</date>
  <millis>1767348795462</millis>
  <sequence>577</sequence>
  <level>END</level>
  <class>com.kms.katalon.core.logging.XmlKeywordLogger</class>
  <method>endKeyword</method>
  <thread>1</thread>
  <message>End action : if (waitForElementPresent(widget, 5))</message>
  <nestedLevel>1</nestedLevel>
  <escapedJava>false</escapedJava>
</record>
<record>
  <date>2026-01-02T17:13:15</date>
  <millis>1767348795462</millis>
  <sequence>578</sequence>
  <level>START</level>
  <class>com.kms.katalon.core.logging.XmlKeywordLogger</class>
  <method>startKeyword</method>
  <thread>1</thread>
  <message>Start action : else</message>
  <nestedLevel>1</nestedLevel>
  <escapedJava>false</escapedJava>
  <property name="startLine">28</property>
  <property name="stepIndex">4</property>
</record>
<record>
  <date>2026-01-02T17:13:15</date>
  <millis>1767348795462</millis>
  <sequence>579</sequence>
  <level>START</level>
  <class>com.kms.katalon.core.logging.XmlKeywordLogger</class>
  <method>startKeyword</method>
  <thread>1</thread>
  <message>Start action : println(&amp;quot;Widget tidak muncul, lanjut step berikutnya&amp;quot;)</message>
  <nestedLevel>2</nestedLevel>
  <escapedJava>false</escapedJava>
  <property name="startLine">29</property>
  <property name="stepIndex">1</property>
</record>
<record>
  <date>2026-01-02T17:13:15</date>
  <millis>1767348795463</millis>
  <sequence>580</sequence>
  <level>END</level>
  <class>com.kms.katalon.core.logging.XmlKeywordLogger</class>
  <method>endKeyword</method>
  <thread>1</thread>
  <message>End action : println(&amp;quot;Widget tidak muncul, lanjut step berikutnya&amp;quot;)</message>
  <nestedLevel>2</nestedLevel>
  <escapedJava>false</escapedJava>
</record>
<record>
  <date>2026-01-02T17:13:15</date>
  <millis>1767348795463</millis>
  <sequence>581</sequence>
  <level>END</level>
  <class>com.kms.katalon.core.logging.XmlKeywordLogger</class>
  <method>endKeyword</method>
  <thread>1</thread>
  <message>End action : else</message>
  <nestedLevel>1</nestedLevel>
  <escapedJava>false</escapedJava>
</record>
<record>
  <date>2026-01-02T17:13:15</date>
  <millis>1767348795463</millis>
  <sequence>582</sequence>
  <level>START</level>
  <class>com.kms.katalon.core.logging.XmlKeywordLogger</class>
  <method>startKeyword</method>
  <thread>1</thread>
  <message>Start action : edtWA = findTestObject(&amp;quot;Object Repository/edt-WA&amp;quot;)</message>
  <nestedLevel>1</nestedLevel>
  <escapedJava>false</escapedJava>
  <property name="startLine">31</property>
  <property name="stepIndex">5</property>
</record>
<record>
  <date>2026-01-02T17:13:15</date>
  <millis>1767348795501</millis>
  <sequence>584</sequence>
  <level>END</level>
  <class>com.kms.katalon.core.logging.XmlKeywordLogger</class>
  <method>endKeyword</method>
  <thread>1</thread>
  <message>End action : edtWA = findTestObject(&amp;quot;Object Repository/edt-WA&amp;quot;)</message>
  <nestedLevel>1</nestedLevel>
  <escapedJava>false</escapedJava>
</record>
<record>
  <date>2026-01-02T17:13:15</date>
  <millis>1767348795501</millis>
  <sequence>585</sequence>
  <level>START</level>
  <class>com.kms.katalon.core.logging.XmlKeywordLogger</class>
  <method>startKeyword</method>
  <thread>1</thread>
  <message>Start action : chkAgreement = findTestObject(&amp;quot;Object Repository/btn-CheckBox&amp;quot;)</message>
  <nestedLevel>1</nestedLevel>
  <escapedJava>false</escapedJava>
  <property name="startLine">32</property>
  <property name="stepIndex">6</property>
</record>
<record>
  <date>2026-01-02T17:13:15</date>
  <millis>1767348795540</millis>
  <sequence>587</sequence>
  <level>END</level>
  <class>com.kms.katalon.core.logging.XmlKeywordLogger</class>
  <method>endKeyword</method>
  <thread>1</thread>
  <message>End action : chkAgreement = findTestObject(&amp;quot;Object Repository/btn-CheckBox&amp;quot;)</message>
  <nestedLevel>1</nestedLevel>
  <escapedJava>false</escapedJava>
</record>
<record>
  <date>2026-01-02T17:13:15</date>
  <millis>1767348795540</millis>
  <sequence>588</sequence>
  <level>START</level>
  <class>com.kms.katalon.core.logging.XmlKeywordLogger</class>
  <method>startKeyword</method>
  <thread>1</thread>
  <message>Start action : btnMasuk = findTestObject(&amp;quot;Object Repository/btn-Masuk&amp;quot;)</message>
  <nestedLevel>1</nestedLevel>
  <escapedJava>false</escapedJava>
  <property name="startLine">33</property>
  <property name="stepIndex">7</property>
</record>
<record>
  <date>2026-01-02T17:13:15</date>
  <millis>1767348795580</millis>
  <sequence>590</sequence>
  <level>END</level>
  <class>com.kms.katalon.core.logging.XmlKeywordLogger</class>
  <method>endKeyword</method>
  <thread>1</thread>
  <message>End action : btnMasuk = findTestObject(&amp;quot;Object Repository/btn-Masuk&amp;quot;)</message>
  <nestedLevel>1</nestedLevel>
  <escapedJava>false</escapedJava>
</record>
<record>
  <date>2026-01-02T17:13:15</date>
  <millis>1767348795580</millis>
  <sequence>591</sequence>
  <level>START</level>
  <class>com.kms.katalon.core.logging.XmlKeywordLogger</class>
  <method>startKeyword</method>
  <thread>1</thread>
  <message>Start action : waitForElementPresent(edtWA, 10)</message>
  <nestedLevel>1</nestedLevel>
  <escapedJava>false</escapedJava>
  <property name="startLine">34</property>
  <property name="stepIndex">8</property>
</record>
<record>
  <date>2026-01-02T17:13:15</date>
  <millis>1767348795827</millis>
  <sequence>594</sequence>
  <level>PASSED</level>
  <class>com.kms.katalon.core.logging.XmlKeywordLogger</class>
  <method>logMessage</method>
  <thread>1</thread>
  <message>Element &amp;apos;Object Repository/edt-WA&amp;apos; is present</message>
  <nestedLevel>1</nestedLevel>
  <escapedJava>false</escapedJava>
  <property name="testops-method-name">com.kms.katalon.core.mobile.keyword.builtin.WaitForElementPresentKeyword.waitForElementPresent</property>
  <property name="testops-execution-stacktrace"></property>
</record>
<record>
  <date>2026-01-02T17:13:15</date>
  <millis>1767348795827</millis>
  <sequence>595</sequence>
  <level>END</level>
  <class>com.kms.katalon.core.logging.XmlKeywordLogger</class>
  <method>endKeyword</method>
  <thread>1</thread>
  <message>End action : waitForElementPresent(edtWA, 10)</message>
  <nestedLevel>1</nestedLevel>
  <escapedJava>false</escapedJava>
</record>
<record>
  <date>2026-01-02T17:13:15</date>
  <millis>1767348795827</millis>
  <sequence>596</sequence>
  <level>START</level>
  <class>com.kms.katalon.core.logging.XmlKeywordLogger</class>
  <method>startKeyword</method>
  <thread>1</thread>
  <message>Start action : tap(edtWA, 10)</message>
  <nestedLevel>1</nestedLevel>
  <escapedJava>false</escapedJava>
  <property name="startLine">35</property>
  <property name="stepIndex">9</property>
</record>
<record>
  <date>2026-01-02T17:13:16</date>
  <millis>1767348796159</millis>
  <sequence>599</sequence>
  <level>PASSED</level>
  <class>com.kms.katalon.core.logging.XmlKeywordLogger</class>
  <method>logMessage</method>
  <thread>1</thread>
  <message>Tapped on element &amp;apos;Object Repository/edt-WA&amp;apos;</message>
  <nestedLevel>1</nestedLevel>
  <escapedJava>false</escapedJava>
  <property name="testops-method-name">com.kms.katalon.core.mobile.keyword.builtin.TapKeyword.tap</property>
  <property name="testops-execution-stacktrace"></property>
</record>
<record>
  <date>2026-01-02T17:13:16</date>
  <millis>1767348796159</millis>
  <sequence>600</sequence>
  <level>END</level>
  <class>com.kms.katalon.core.logging.XmlKeywordLogger</class>
  <method>endKeyword</method>
  <thread>1</thread>
  <message>End action : tap(edtWA, 10)</message>
  <nestedLevel>1</nestedLevel>
  <escapedJava>false</escapedJava>
</record>
<record>
  <date>2026-01-02T17:13:16</date>
  <millis>1767348796159</millis>
  <sequence>601</sequence>
  <level>START</level>
  <class>com.kms.katalon.core.logging.XmlKeywordLogger</class>
  <method>startKeyword</method>
  <thread>1</thread>
  <message>Start action : setText(edtWA, wa, 10)</message>
  <nestedLevel>1</nestedLevel>
  <escapedJava>false</escapedJava>
  <property name="startLine">36</property>
  <property name="stepIndex">10</property>
</record>
<record>
  <date>2026-01-02T17:13:17</date>
  <millis>1767348797531</millis>
  <sequence>604</sequence>
  <level>PASSED</level>
  <class>com.kms.katalon.core.logging.XmlKeywordLogger</class>
  <method>logMessage</method>
  <thread>1</thread>
  <message>Text &amp;apos;87871296344&amp;apos; has been set to element &amp;apos;Object Repository/edt-WA&amp;apos;</message>
  <nestedLevel>1</nestedLevel>
  <escapedJava>false</escapedJava>
  <property name="testops-method-name">com.kms.katalon.core.mobile.keyword.builtin.SetTextKeyword.setText</property>
  <property name="testops-execution-stacktrace"></property>
</record>
<record>
  <date>2026-01-02T17:13:17</date>
  <millis>1767348797531</millis>
  <sequence>605</sequence>
  <level>END</level>
  <class>com.kms.katalon.core.logging.XmlKeywordLogger</class>
  <method>endKeyword</method>
  <thread>1</thread>
  <message>End action : setText(edtWA, wa, 10)</message>
  <nestedLevel>1</nestedLevel>
  <escapedJava>false</escapedJava>
</record>
<record>
  <date>2026-01-02T17:13:17</date>
  <millis>1767348797532</millis>
  <sequence>606</sequence>
  <level>START</level>
  <class>com.kms.katalon.core.logging.XmlKeywordLogger</class>
  <method>startKeyword</method>
  <thread>1</thread>
  <message>Start action : tap(chkAgreement, 10)</message>
  <nestedLevel>1</nestedLevel>
  <escapedJava>false</escapedJava>
  <property name="startLine">37</property>
  <property name="stepIndex">11</property>
</record>
<record>
  <date>2026-01-02T17:13:19</date>
  <millis>1767348799441</millis>
  <sequence>609</sequence>
  <level>PASSED</level>
  <class>com.kms.katalon.core.logging.XmlKeywordLogger</class>
  <method>logMessage</method>
  <thread>1</thread>
  <message>Tapped on element &amp;apos;Object Repository/btn-CheckBox&amp;apos;</message>
  <nestedLevel>1</nestedLevel>
  <escapedJava>false</escapedJava>
  <property name="testops-method-name">com.kms.katalon.core.mobile.keyword.builtin.TapKeyword.tap</property>
  <property name="testops-execution-stacktrace"></property>
</record>
<record>
  <date>2026-01-02T17:13:19</date>
  <millis>1767348799442</millis>
  <sequence>610</sequence>
  <level>END</level>
  <class>com.kms.katalon.core.logging.XmlKeywordLogger</class>
  <method>endKeyword</method>
  <thread>1</thread>
  <message>End action : tap(chkAgreement, 10)</message>
  <nestedLevel>1</nestedLevel>
  <escapedJava>false</escapedJava>
</record>
<record>
  <date>2026-01-02T17:13:19</date>
  <millis>1767348799442</millis>
  <sequence>611</sequence>
  <level>START</level>
  <class>com.kms.katalon.core.logging.XmlKeywordLogger</class>
  <method>startKeyword</method>
  <thread>1</thread>
  <message>Start action : waitForElementAttributeValue(btnMasuk, &amp;quot;enabled&amp;quot;, &amp;quot;true&amp;quot;, 10)</message>
  <nestedLevel>1</nestedLevel>
  <escapedJava>false</escapedJava>
  <property name="startLine">38</property>
  <property name="stepIndex">12</property>
</record>
<record>
  <date>2026-01-02T17:13:20</date>
  <millis>1767348800266</millis>
  <sequence>615</sequence>
  <level>PASSED</level>
  <class>com.kms.katalon.core.logging.XmlKeywordLogger</class>
  <method>logMessage</method>
  <thread>1</thread>
  <message>Object &amp;apos;Object Repository/btn-Masuk&amp;apos; has attribute &amp;apos;enabled&amp;apos; with value &amp;apos;true&amp;apos;</message>
  <nestedLevel>1</nestedLevel>
  <escapedJava>false</escapedJava>
  <property name="testops-method-name">com.kms.katalon.core.mobile.keyword.builtin.WaitForElementAttributeValueKeyword.waitForElementAttributeValue</property>
  <property name="testops-execution-stacktrace"></property>
</record>
<record>
  <date>2026-01-02T17:13:20</date>
  <millis>1767348800266</millis>
  <sequence>616</sequence>
  <level>END</level>
  <class>com.kms.katalon.core.logging.XmlKeywordLogger</class>
  <method>endKeyword</method>
  <thread>1</thread>
  <message>End action : waitForElementAttributeValue(btnMasuk, &amp;quot;enabled&amp;quot;, &amp;quot;true&amp;quot;, 10)</message>
  <nestedLevel>1</nestedLevel>
  <escapedJava>false</escapedJava>
</record>
<record>
  <date>2026-01-02T17:13:20</date>
  <millis>1767348800266</millis>
  <sequence>617</sequence>
  <level>START</level>
  <class>com.kms.katalon.core.logging.XmlKeywordLogger</class>
  <method>startKeyword</method>
  <thread>1</thread>
  <message>Start action : verifyElementAttributeValue(btnMasuk, &amp;quot;enabled&amp;quot;, &amp;quot;true&amp;quot;, 0)</message>
  <nestedLevel>1</nestedLevel>
  <escapedJava>false</escapedJava>
  <property name="startLine">44</property>
  <property name="stepIndex">13</property>
</record>
<record>
  <date>2026-01-02T17:13:20</date>
  <millis>1767348800267</millis>
  <sequence>621</sequence>
  <level>WARNING</level>
  <class>com.kms.katalon.core.logging.XmlKeywordLogger</class>
  <method>logMessage</method>
  <thread>1</thread>
  <message>Timeout &amp;apos;0&amp;apos; is invalid. Using default page load timeout: &amp;apos;30&amp;apos;</message>
  <nestedLevel>1</nestedLevel>
  <escapedJava>false</escapedJava>
</record>
<record>
  <date>2026-01-02T17:13:20</date>
  <millis>1767348800394</millis>
  <sequence>622</sequence>
  <level>PASSED</level>
  <class>com.kms.katalon.core.logging.XmlKeywordLogger</class>
  <method>logMessage</method>
  <thread>1</thread>
  <message>Object &amp;apos;Object Repository/btn-Masuk&amp;apos; has attribute &amp;apos;enabled&amp;apos; with value &amp;apos;true&amp;apos;</message>
  <nestedLevel>1</nestedLevel>
  <escapedJava>false</escapedJava>
  <property name="testops-is-assertion">true</property>
  <property name="testops-method-name">com.kms.katalon.core.mobile.keyword.builtin.VerifyElementAttributeValueKeyword.verifyElementAttributeValue</property>
  <property name="testops-execution-stacktrace"></property>
</record>
<record>
  <date>2026-01-02T17:13:20</date>
  <millis>1767348800394</millis>
  <sequence>623</sequence>
  <level>END</level>
  <class>com.kms.katalon.core.logging.XmlKeywordLogger</class>
  <method>endKeyword</method>
  <thread>1</thread>
  <message>End action : verifyElementAttributeValue(btnMasuk, &amp;quot;enabled&amp;quot;, &amp;quot;true&amp;quot;, 0)</message>
  <nestedLevel>1</nestedLevel>
  <escapedJava>false</escapedJava>
</record>
<record>
  <date>2026-01-02T17:13:20</date>
  <millis>1767348800394</millis>
  <sequence>624</sequence>
  <level>START</level>
  <class>com.kms.katalon.core.logging.XmlKeywordLogger</class>
  <method>startKeyword</method>
  <thread>1</thread>
  <message>Start action : tap(btnMasuk, 10)</message>
  <nestedLevel>1</nestedLevel>
  <escapedJava>false</escapedJava>
  <property name="startLine">50</property>
  <property name="stepIndex">14</property>
</record>
<record>
  <date>2026-01-02T17:13:20</date>
  <millis>1767348800621</millis>
  <sequence>627</sequence>
  <level>PASSED</level>
  <class>com.kms.katalon.core.logging.XmlKeywordLogger</class>
  <method>logMessage</method>
  <thread>1</thread>
  <message>Tapped on element &amp;apos;Object Repository/btn-Masuk&amp;apos;</message>
  <nestedLevel>1</nestedLevel>
  <escapedJava>false</escapedJava>
  <property name="testops-method-name">com.kms.katalon.core.mobile.keyword.builtin.TapKeyword.tap</property>
  <property name="testops-execution-stacktrace"></property>
</record>
<record>
  <date>2026-01-02T17:13:20</date>
  <millis>1767348800621</millis>
  <sequence>628</sequence>
  <level>END</level>
  <class>com.kms.katalon.core.logging.XmlKeywordLogger</class>
  <method>endKeyword</method>
  <thread>1</thread>
  <message>End action : tap(btnMasuk, 10)</message>
  <nestedLevel>1</nestedLevel>
  <escapedJava>false</escapedJava>
</record>
<record>
  <date>2026-01-02T17:13:20</date>
  <millis>1767348800621</millis>
  <sequence>629</sequence>
  <level>START</level>
  <class>com.kms.katalon.core.logging.XmlKeywordLogger</class>
  <method>startKeyword</method>
  <thread>1</thread>
  <message>Start action : closeApplication()</message>
  <nestedLevel>1</nestedLevel>
  <escapedJava>false</escapedJava>
  <property name="startLine">51</property>
  <property name="stepIndex">15</property>
</record>
<record>
  <date>2026-01-02T17:13:20</date>
  <millis>1767348800990</millis>
  <sequence>630</sequence>
  <level>PASSED</level>
  <class>com.kms.katalon.core.logging.XmlKeywordLogger</class>
  <method>logMessage</method>
  <thread>1</thread>
  <message>Close app successfully</message>
  <nestedLevel>1</nestedLevel>
  <escapedJava>false</escapedJava>
  <property name="testops-method-name">com.kms.katalon.core.mobile.keyword.builtin.CloseApplicationKeyword.closeApplication</property>
  <property name="testops-execution-stacktrace"></property>
</record>
<record>
  <date>2026-01-02T17:13:20</date>
  <millis>1767348800990</millis>
  <sequence>631</sequence>
  <level>END</level>
  <class>com.kms.katalon.core.logging.XmlKeywordLogger</class>
  <method>endKeyword</method>
  <thread>1</thread>
  <message>End action : closeApplication()</message>
  <nestedLevel>1</nestedLevel>
  <escapedJava>false</escapedJava>
</record>
<record>
  <date>2026-01-02T17:13:20</date>
  <millis>1767348800990</millis>
  <sequence>632</sequence>
  <level>PASSED</level>
  <class>com.kms.katalon.core.logging.XmlKeywordLogger</class>
  <method>logMessage</method>
  <thread>1</thread>
  <message>Test Cases/Login by WA</message>
  <nestedLevel>1</nestedLevel>
  <escapedJava>false</escapedJava>
</record>
<record>
  <date>2026-01-02T17:13:20</date>
  <millis>1767348800990</millis>
  <sequence>633</sequence>
  <level>END</level>
  <class>com.kms.katalon.core.logging.XmlKeywordLogger</class>
  <method>endTest</method>
  <thread>1</thread>
  <message>End Test Case : Test Cases/Login by WA</message>
  <nestedLevel>0</nestedLevel>
  <escapedJava>false</escapedJava>
  <property name="executionBindingVariables">[
  {
    &quot;displayReportName&quot;: &quot;wa&quot;,
    &quot;value&quot;: &quot;87871296344&quot;,
    &quot;name&quot;: &quot;wa&quot;,
    &quot;masked&quot;: false
  }
]</property>
  <property name="applitools">false</property>
  <property name="keywordsUsage">{
  &quot;web_ui&quot;: false,
  &quot;web_service&quot;: false,
  &quot;cucumber&quot;: false,
  &quot;builtin&quot;: false,
  &quot;mobile&quot;: true,
  &quot;windows&quot;: false,
  &quot;testng&quot;: false
}</property>
</record>
<record>
  <date>2026-01-02T17:13:21</date>
  <millis>1767348801003</millis>
  <sequence>634</sequence>
  <level>START</level>
  <class>com.kms.katalon.core.logging.XmlKeywordLogger</class>
  <method>startTest</method>
  <thread>1</thread>
  <message>Start Test Case : Test Cases/Login by WA</message>
  <nestedLevel>1</nestedLevel>
  <escapedJava>false</escapedJava>
  <property name="name">Test Cases/Login by WA</property>
  <property name="description"></property>
  <property name="iteration"></property>
  <property name="id">Test Cases/Login by WA</property>
  <property name="source">C:\Users\ichsa\Katalon Studio\Labamu\Test Cases\Login by WA.tc</property>
  <property name="tag"></property>
  <property name="isOptional">false</property>
</record>
<record>
  <date>2026-01-02T17:13:21</date>
  <millis>1767348801004</millis>
  <sequence>636</sequence>
  <level>INFO</level>
  <class>com.kms.katalon.core.logging.XmlKeywordLogger</class>
  <method>logMessage</method>
  <thread>1</thread>
  <message>wa = 83812194</message>
  <nestedLevel>1</nestedLevel>
  <escapedJava>false</escapedJava>
</record>
<record>
  <date>2026-01-02T17:13:21</date>
  <millis>1767348801009</millis>
  <sequence>637</sequence>
  <level>START</level>
  <class>com.kms.katalon.core.logging.XmlKeywordLogger</class>
  <method>startKeyword</method>
  <thread>1</thread>
  <message>Start action : startExistingApplication(&amp;quot;id.co.labamu.app&amp;quot;)</message>
  <nestedLevel>1</nestedLevel>
  <escapedJava>false</escapedJava>
  <property name="startLine">23</property>
  <property name="stepIndex">1</property>
</record>
<record>
  <date>2026-01-02T17:13:21</date>
  <millis>1767348801096</millis>
  <sequence>639</sequence>
  <level>INFO</level>
  <class>com.kms.katalon.core.logging.XmlKeywordLogger</class>
  <method>logMessage</method>
  <thread>1</thread>
  <message>Detected NodeJS location: &amp;quot;C:\Program Files\nodejs\node.exe&amp;quot;</message>
  <nestedLevel>1</nestedLevel>
  <escapedJava>false</escapedJava>
</record>
<record>
  <date>2026-01-02T17:13:22</date>
  <millis>1767348802173</millis>
  <sequence>640</sequence>
  <level>INFO</level>
  <class>com.kms.katalon.core.logging.XmlKeywordLogger</class>
  <method>logMessage</method>
  <thread>1</thread>
  <message>Appium server started on port 59,024</message>
  <nestedLevel>1</nestedLevel>
  <escapedJava>false</escapedJava>
</record>
<record>
  <date>2026-01-02T17:13:31</date>
  <millis>1767348811594</millis>
  <sequence>642</sequence>
  <level>RUN_DATA</level>
  <class>com.kms.katalon.core.logging.XmlKeywordLogger</class>
  <method>logMessage</method>
  <thread>1</thread>
  <message>appiumVersion = 1.22.3</message>
  <nestedLevel>1</nestedLevel>
  <escapedJava>false</escapedJava>
  <property name="appiumVersion">1.22.3</property>
</record>
<record>
  <date>2026-01-02T17:13:31</date>
  <millis>1767348811595</millis>
  <sequence>643</sequence>
  <level>RUN_DATA</level>
  <class>com.kms.katalon.core.logging.XmlKeywordLogger</class>
  <method>logMessage</method>
  <thread>1</thread>
  <message>appiumServerStatus = {&amp;quot;value&amp;quot;:{&amp;quot;build&amp;quot;:{&amp;quot;version&amp;quot;:&amp;quot;1.22.3&amp;quot;}},&amp;quot;sessionId&amp;quot;:null,&amp;quot;status&amp;quot;:0}</message>
  <nestedLevel>1</nestedLevel>
  <escapedJava>false</escapedJava>
  <property name="appiumServerStatus">{&quot;value&quot;:{&quot;build&quot;:{&quot;version&quot;:&quot;1.22.3&quot;}},&quot;sessionId&quot;:null,&quot;status&quot;:0}</property>
</record>
<record>
  <date>2026-01-02T17:13:31</date>
  <millis>1767348811598</millis>
  <sequence>644</sequence>
  <level>RUN_DATA</level>
  <class>com.kms.katalon.core.logging.XmlKeywordLogger</class>
  <method>logMessage</method>
  <thread>1</thread>
  <message>deviceId = RR8R5017EJV</message>
  <nestedLevel>1</nestedLevel>
  <escapedJava>false</escapedJava>
  <property name="deviceId">RR8R5017EJV</property>
</record>
<record>
  <date>2026-01-02T17:13:31</date>
  <millis>1767348811598</millis>
  <sequence>645</sequence>
  <level>RUN_DATA</level>
  <class>com.kms.katalon.core.logging.XmlKeywordLogger</class>
  <method>logMessage</method>
  <thread>1</thread>
  <message>deviceName = samsung SM-A125F (Android 12)</message>
  <nestedLevel>1</nestedLevel>
  <escapedJava>false</escapedJava>
  <property name="deviceName">samsung SM-A125F (Android 12)</property>
</record>
<record>
  <date>2026-01-02T17:13:31</date>
  <millis>1767348811598</millis>
  <sequence>646</sequence>
  <level>RUN_DATA</level>
  <class>com.kms.katalon.core.logging.XmlKeywordLogger</class>
  <method>logMessage</method>
  <thread>1</thread>
  <message>deviceModel = SM-A125F</message>
  <nestedLevel>1</nestedLevel>
  <escapedJava>false</escapedJava>
  <property name="deviceModel">SM-A125F</property>
</record>
<record>
  <date>2026-01-02T17:13:31</date>
  <millis>1767348811598</millis>
  <sequence>647</sequence>
  <level>RUN_DATA</level>
  <class>com.kms.katalon.core.logging.XmlKeywordLogger</class>
  <method>logMessage</method>
  <thread>1</thread>
  <message>deviceManufacturer = samsung</message>
  <nestedLevel>1</nestedLevel>
  <escapedJava>false</escapedJava>
  <property name="deviceManufacturer">samsung</property>
</record>
<record>
  <date>2026-01-02T17:13:31</date>
  <millis>1767348811598</millis>
  <sequence>648</sequence>
  <level>RUN_DATA</level>
  <class>com.kms.katalon.core.logging.XmlKeywordLogger</class>
  <method>logMessage</method>
  <thread>1</thread>
  <message>deviceOS = Android</message>
  <nestedLevel>1</nestedLevel>
  <escapedJava>false</escapedJava>
  <property name="deviceOS">Android</property>
</record>
<record>
  <date>2026-01-02T17:13:31</date>
  <millis>1767348811598</millis>
  <sequence>649</sequence>
  <level>RUN_DATA</level>
  <class>com.kms.katalon.core.logging.XmlKeywordLogger</class>
  <method>logMessage</method>
  <thread>1</thread>
  <message>deviceOSVersion = 12</message>
  <nestedLevel>1</nestedLevel>
  <escapedJava>false</escapedJava>
  <property name="deviceOSVersion">12</property>
</record>
<record>
  <date>2026-01-02T17:13:33</date>
  <millis>1767348813414</millis>
  <sequence>651</sequence>
  <level>PASSED</level>
  <class>com.kms.katalon.core.logging.XmlKeywordLogger</class>
  <method>logMessage</method>
  <thread>1</thread>
  <message>Starting app with application ID: &amp;apos;id.co.labamu.app&amp;apos;</message>
  <nestedLevel>1</nestedLevel>
  <escapedJava>false</escapedJava>
  <property name="testops-method-name">com.kms.katalon.core.mobile.keyword.internal.MobileKeywordMain$runKeyword.call</property>
  <property name="testops-execution-stacktrace">com.kms.katalon.core.logging.KeywordLogger.logPassed(KeywordLogger.java:340)
com.kms.katalon.core.logging.KeywordLogger.logPassed(KeywordLogger.java:334)
com.kms.katalon.core.logging.KeywordLogger$logPassed$1.call(Unknown Source)
com.kms.katalon.core.mobile.keyword.builtin.StartExistingApplicationKeyword$_startApplication_closure1.doCall(StartExistingApplicationKeyword.groovy:51)
com.kms.katalon.core.mobile.keyword.builtin.StartExistingApplicationKeyword$_startApplication_closure1.doCall(StartExistingApplicationKeyword.groovy)
com.kms.katalon.core.mobile.keyword.internal.MobileKeywordMain.runKeyword(MobileKeywordMain.groovy:21)
com.kms.katalon.core.mobile.keyword.internal.MobileKeywordMain$runKeyword.call(Unknown Source)
com.kms.katalon.core.mobile.keyword.builtin.StartExistingApplicationKeyword.startApplication(StartExistingApplicationKeyword.groovy:52)
com.kms.katalon.core.mobile.keyword.builtin.StartExistingApplicationKeyword.execute(StartExistingApplicationKeyword.groovy:37)
com.kms.katalon.core.keyword.internal.KeywordExecutor.executeKeywordForPlatform(KeywordExecutor.groovy:74)
com.kms.katalon.core.mobile.keyword.MobileBuiltInKeywords.startExistingApplication(MobileBuiltInKeywords.groovy:92)
com.kms.katalon.core.mobile.keyword.MobileBuiltInKeywords$startExistingApplication.call(Unknown Source)
Login by WA.run(Login by WA:23)
</property>
</record>
<record>
  <date>2026-01-02T17:13:33</date>
  <millis>1767348813414</millis>
  <sequence>652</sequence>
  <level>END</level>
  <class>com.kms.katalon.core.logging.XmlKeywordLogger</class>
  <method>endKeyword</method>
  <thread>1</thread>
  <message>End action : startExistingApplication(&amp;quot;id.co.labamu.app&amp;quot;)</message>
  <nestedLevel>1</nestedLevel>
  <escapedJava>false</escapedJava>
</record>
<record>
  <date>2026-01-02T17:13:33</date>
  <millis>1767348813414</millis>
  <sequence>653</sequence>
  <level>START</level>
  <class>com.kms.katalon.core.logging.XmlKeywordLogger</class>
  <method>startKeyword</method>
  <thread>1</thread>
  <message>Start action : widget = findTestObject(&amp;quot;Object Repository/btn-Widget-While&amp;quot;)</message>
  <nestedLevel>1</nestedLevel>
  <escapedJava>false</escapedJava>
  <property name="startLine">24</property>
  <property name="stepIndex">2</property>
</record>
<record>
  <date>2026-01-02T17:13:33</date>
  <millis>1767348813457</millis>
  <sequence>655</sequence>
  <level>END</level>
  <class>com.kms.katalon.core.logging.XmlKeywordLogger</class>
  <method>endKeyword</method>
  <thread>1</thread>
  <message>End action : widget = findTestObject(&amp;quot;Object Repository/btn-Widget-While&amp;quot;)</message>
  <nestedLevel>1</nestedLevel>
  <escapedJava>false</escapedJava>
</record>
<record>
  <date>2026-01-02T17:13:33</date>
  <millis>1767348813457</millis>
  <sequence>656</sequence>
  <level>START</level>
  <class>com.kms.katalon.core.logging.XmlKeywordLogger</class>
  <method>startKeyword</method>
  <thread>1</thread>
  <message>Start action : if (waitForElementPresent(widget, 5))</message>
  <nestedLevel>1</nestedLevel>
  <escapedJava>false</escapedJava>
  <property name="startLine">25</property>
  <property name="stepIndex">3</property>
</record>
<record>
  <date>2026-01-02T17:13:38</date>
  <millis>1767348818508</millis>
  <sequence>659</sequence>
  <level>WARNING</level>
  <class>com.kms.katalon.core.logging.XmlKeywordLogger</class>
  <method>logMessage</method>
  <thread>1</thread>
  <message>Object Object Repository/btn-Widget-While not found</message>
  <nestedLevel>1</nestedLevel>
  <escapedJava>false</escapedJava>
</record>
<record>
  <date>2026-01-02T17:13:38</date>
  <millis>1767348818508</millis>
  <sequence>660</sequence>
  <level>END</level>
  <class>com.kms.katalon.core.logging.XmlKeywordLogger</class>
  <method>endKeyword</method>
  <thread>1</thread>
  <message>End action : if (waitForElementPresent(widget, 5))</message>
  <nestedLevel>1</nestedLevel>
  <escapedJava>false</escapedJava>
</record>
<record>
  <date>2026-01-02T17:13:38</date>
  <millis>1767348818508</millis>
  <sequence>661</sequence>
  <level>START</level>
  <class>com.kms.katalon.core.logging.XmlKeywordLogger</class>
  <method>startKeyword</method>
  <thread>1</thread>
  <message>Start action : else</message>
  <nestedLevel>1</nestedLevel>
  <escapedJava>false</escapedJava>
  <property name="startLine">28</property>
  <property name="stepIndex">4</property>
</record>
<record>
  <date>2026-01-02T17:13:38</date>
  <millis>1767348818508</millis>
  <sequence>662</sequence>
  <level>START</level>
  <class>com.kms.katalon.core.logging.XmlKeywordLogger</class>
  <method>startKeyword</method>
  <thread>1</thread>
  <message>Start action : println(&amp;quot;Widget tidak muncul, lanjut step berikutnya&amp;quot;)</message>
  <nestedLevel>2</nestedLevel>
  <escapedJava>false</escapedJava>
  <property name="startLine">29</property>
  <property name="stepIndex">1</property>
</record>
<record>
  <date>2026-01-02T17:13:38</date>
  <millis>1767348818508</millis>
  <sequence>663</sequence>
  <level>END</level>
  <class>com.kms.katalon.core.logging.XmlKeywordLogger</class>
  <method>endKeyword</method>
  <thread>1</thread>
  <message>End action : println(&amp;quot;Widget tidak muncul, lanjut step berikutnya&amp;quot;)</message>
  <nestedLevel>2</nestedLevel>
  <escapedJava>false</escapedJava>
</record>
<record>
  <date>2026-01-02T17:13:38</date>
  <millis>1767348818508</millis>
  <sequence>664</sequence>
  <level>END</level>
  <class>com.kms.katalon.core.logging.XmlKeywordLogger</class>
  <method>endKeyword</method>
  <thread>1</thread>
  <message>End action : else</message>
  <nestedLevel>1</nestedLevel>
  <escapedJava>false</escapedJava>
</record>
<record>
  <date>2026-01-02T17:13:38</date>
  <millis>1767348818508</millis>
  <sequence>665</sequence>
  <level>START</level>
  <class>com.kms.katalon.core.logging.XmlKeywordLogger</class>
  <method>startKeyword</method>
  <thread>1</thread>
  <message>Start action : edtWA = findTestObject(&amp;quot;Object Repository/edt-WA&amp;quot;)</message>
  <nestedLevel>1</nestedLevel>
  <escapedJava>false</escapedJava>
  <property name="startLine">31</property>
  <property name="stepIndex">5</property>
</record>
<record>
  <date>2026-01-02T17:13:38</date>
  <millis>1767348818545</millis>
  <sequence>667</sequence>
  <level>END</level>
  <class>com.kms.katalon.core.logging.XmlKeywordLogger</class>
  <method>endKeyword</method>
  <thread>1</thread>
  <message>End action : edtWA = findTestObject(&amp;quot;Object Repository/edt-WA&amp;quot;)</message>
  <nestedLevel>1</nestedLevel>
  <escapedJava>false</escapedJava>
</record>
<record>
  <date>2026-01-02T17:13:38</date>
  <millis>1767348818545</millis>
  <sequence>668</sequence>
  <level>START</level>
  <class>com.kms.katalon.core.logging.XmlKeywordLogger</class>
  <method>startKeyword</method>
  <thread>1</thread>
  <message>Start action : chkAgreement = findTestObject(&amp;quot;Object Repository/btn-CheckBox&amp;quot;)</message>
  <nestedLevel>1</nestedLevel>
  <escapedJava>false</escapedJava>
  <property name="startLine">32</property>
  <property name="stepIndex">6</property>
</record>
<record>
  <date>2026-01-02T17:13:38</date>
  <millis>1767348818583</millis>
  <sequence>670</sequence>
  <level>END</level>
  <class>com.kms.katalon.core.logging.XmlKeywordLogger</class>
  <method>endKeyword</method>
  <thread>1</thread>
  <message>End action : chkAgreement = findTestObject(&amp;quot;Object Repository/btn-CheckBox&amp;quot;)</message>
  <nestedLevel>1</nestedLevel>
  <escapedJava>false</escapedJava>
</record>
<record>
  <date>2026-01-02T17:13:38</date>
  <millis>1767348818583</millis>
  <sequence>671</sequence>
  <level>START</level>
  <class>com.kms.katalon.core.logging.XmlKeywordLogger</class>
  <method>startKeyword</method>
  <thread>1</thread>
  <message>Start action : btnMasuk = findTestObject(&amp;quot;Object Repository/btn-Masuk&amp;quot;)</message>
  <nestedLevel>1</nestedLevel>
  <escapedJava>false</escapedJava>
  <property name="startLine">33</property>
  <property name="stepIndex">7</property>
</record>
<record>
  <date>2026-01-02T17:13:38</date>
  <millis>1767348818628</millis>
  <sequence>673</sequence>
  <level>END</level>
  <class>com.kms.katalon.core.logging.XmlKeywordLogger</class>
  <method>endKeyword</method>
  <thread>1</thread>
  <message>End action : btnMasuk = findTestObject(&amp;quot;Object Repository/btn-Masuk&amp;quot;)</message>
  <nestedLevel>1</nestedLevel>
  <escapedJava>false</escapedJava>
</record>
<record>
  <date>2026-01-02T17:13:38</date>
  <millis>1767348818628</millis>
  <sequence>674</sequence>
  <level>START</level>
  <class>com.kms.katalon.core.logging.XmlKeywordLogger</class>
  <method>startKeyword</method>
  <thread>1</thread>
  <message>Start action : waitForElementPresent(edtWA, 10)</message>
  <nestedLevel>1</nestedLevel>
  <escapedJava>false</escapedJava>
  <property name="startLine">34</property>
  <property name="stepIndex">8</property>
</record>
<record>
  <date>2026-01-02T17:13:38</date>
  <millis>1767348818907</millis>
  <sequence>677</sequence>
  <level>PASSED</level>
  <class>com.kms.katalon.core.logging.XmlKeywordLogger</class>
  <method>logMessage</method>
  <thread>1</thread>
  <message>Element &amp;apos;Object Repository/edt-WA&amp;apos; is present</message>
  <nestedLevel>1</nestedLevel>
  <escapedJava>false</escapedJava>
  <property name="testops-method-name">com.kms.katalon.core.mobile.keyword.builtin.WaitForElementPresentKeyword.waitForElementPresent</property>
  <property name="testops-execution-stacktrace"></property>
</record>
<record>
  <date>2026-01-02T17:13:38</date>
  <millis>1767348818908</millis>
  <sequence>678</sequence>
  <level>END</level>
  <class>com.kms.katalon.core.logging.XmlKeywordLogger</class>
  <method>endKeyword</method>
  <thread>1</thread>
  <message>End action : waitForElementPresent(edtWA, 10)</message>
  <nestedLevel>1</nestedLevel>
  <escapedJava>false</escapedJava>
</record>
<record>
  <date>2026-01-02T17:13:38</date>
  <millis>1767348818908</millis>
  <sequence>679</sequence>
  <level>START</level>
  <class>com.kms.katalon.core.logging.XmlKeywordLogger</class>
  <method>startKeyword</method>
  <thread>1</thread>
  <message>Start action : tap(edtWA, 10)</message>
  <nestedLevel>1</nestedLevel>
  <escapedJava>false</escapedJava>
  <property name="startLine">35</property>
  <property name="stepIndex">9</property>
</record>
<record>
  <date>2026-01-02T17:13:39</date>
  <millis>1767348819240</millis>
  <sequence>682</sequence>
  <level>PASSED</level>
  <class>com.kms.katalon.core.logging.XmlKeywordLogger</class>
  <method>logMessage</method>
  <thread>1</thread>
  <message>Tapped on element &amp;apos;Object Repository/edt-WA&amp;apos;</message>
  <nestedLevel>1</nestedLevel>
  <escapedJava>false</escapedJava>
  <property name="testops-method-name">com.kms.katalon.core.mobile.keyword.builtin.TapKeyword.tap</property>
  <property name="testops-execution-stacktrace"></property>
</record>
<record>
  <date>2026-01-02T17:13:39</date>
  <millis>1767348819240</millis>
  <sequence>683</sequence>
  <level>END</level>
  <class>com.kms.katalon.core.logging.XmlKeywordLogger</class>
  <method>endKeyword</method>
  <thread>1</thread>
  <message>End action : tap(edtWA, 10)</message>
  <nestedLevel>1</nestedLevel>
  <escapedJava>false</escapedJava>
</record>
<record>
  <date>2026-01-02T17:13:39</date>
  <millis>1767348819240</millis>
  <sequence>684</sequence>
  <level>START</level>
  <class>com.kms.katalon.core.logging.XmlKeywordLogger</class>
  <method>startKeyword</method>
  <thread>1</thread>
  <message>Start action : setText(edtWA, wa, 10)</message>
  <nestedLevel>1</nestedLevel>
  <escapedJava>false</escapedJava>
  <property name="startLine">36</property>
  <property name="stepIndex">10</property>
</record>
<record>
  <date>2026-01-02T17:13:40</date>
  <millis>1767348820658</millis>
  <sequence>687</sequence>
  <level>PASSED</level>
  <class>com.kms.katalon.core.logging.XmlKeywordLogger</class>
  <method>logMessage</method>
  <thread>1</thread>
  <message>Text &amp;apos;83812194&amp;apos; has been set to element &amp;apos;Object Repository/edt-WA&amp;apos;</message>
  <nestedLevel>1</nestedLevel>
  <escapedJava>false</escapedJava>
  <property name="testops-method-name">com.kms.katalon.core.mobile.keyword.builtin.SetTextKeyword.setText</property>
  <property name="testops-execution-stacktrace"></property>
</record>
<record>
  <date>2026-01-02T17:13:40</date>
  <millis>1767348820659</millis>
  <sequence>688</sequence>
  <level>END</level>
  <class>com.kms.katalon.core.logging.XmlKeywordLogger</class>
  <method>endKeyword</method>
  <thread>1</thread>
  <message>End action : setText(edtWA, wa, 10)</message>
  <nestedLevel>1</nestedLevel>
  <escapedJava>false</escapedJava>
</record>
<record>
  <date>2026-01-02T17:13:40</date>
  <millis>1767348820659</millis>
  <sequence>689</sequence>
  <level>START</level>
  <class>com.kms.katalon.core.logging.XmlKeywordLogger</class>
  <method>startKeyword</method>
  <thread>1</thread>
  <message>Start action : tap(chkAgreement, 10)</message>
  <nestedLevel>1</nestedLevel>
  <escapedJava>false</escapedJava>
  <property name="startLine">37</property>
  <property name="stepIndex">11</property>
</record>
<record>
  <date>2026-01-02T17:13:42</date>
  <millis>1767348822625</millis>
  <sequence>692</sequence>
  <level>PASSED</level>
  <class>com.kms.katalon.core.logging.XmlKeywordLogger</class>
  <method>logMessage</method>
  <thread>1</thread>
  <message>Tapped on element &amp;apos;Object Repository/btn-CheckBox&amp;apos;</message>
  <nestedLevel>1</nestedLevel>
  <escapedJava>false</escapedJava>
  <property name="testops-method-name">com.kms.katalon.core.mobile.keyword.builtin.TapKeyword.tap</property>
  <property name="testops-execution-stacktrace"></property>
</record>
<record>
  <date>2026-01-02T17:13:42</date>
  <millis>1767348822625</millis>
  <sequence>693</sequence>
  <level>END</level>
  <class>com.kms.katalon.core.logging.XmlKeywordLogger</class>
  <method>endKeyword</method>
  <thread>1</thread>
  <message>End action : tap(chkAgreement, 10)</message>
  <nestedLevel>1</nestedLevel>
  <escapedJava>false</escapedJava>
</record>
<record>
  <date>2026-01-02T17:13:42</date>
  <millis>1767348822625</millis>
  <sequence>694</sequence>
  <level>START</level>
  <class>com.kms.katalon.core.logging.XmlKeywordLogger</class>
  <method>startKeyword</method>
  <thread>1</thread>
  <message>Start action : waitForElementAttributeValue(btnMasuk, &amp;quot;enabled&amp;quot;, &amp;quot;true&amp;quot;, 10)</message>
  <nestedLevel>1</nestedLevel>
  <escapedJava>false</escapedJava>
  <property name="startLine">38</property>
  <property name="stepIndex">12</property>
</record>
<record>
  <date>2026-01-02T17:13:43</date>
  <millis>1767348823471</millis>
  <sequence>698</sequence>
  <level>PASSED</level>
  <class>com.kms.katalon.core.logging.XmlKeywordLogger</class>
  <method>logMessage</method>
  <thread>1</thread>
  <message>Object &amp;apos;Object Repository/btn-Masuk&amp;apos; has attribute &amp;apos;enabled&amp;apos; with value &amp;apos;true&amp;apos;</message>
  <nestedLevel>1</nestedLevel>
  <escapedJava>false</escapedJava>
  <property name="testops-method-name">com.kms.katalon.core.mobile.keyword.builtin.WaitForElementAttributeValueKeyword.waitForElementAttributeValue</property>
  <property name="testops-execution-stacktrace"></property>
</record>
<record>
  <date>2026-01-02T17:13:43</date>
  <millis>1767348823472</millis>
  <sequence>699</sequence>
  <level>END</level>
  <class>com.kms.katalon.core.logging.XmlKeywordLogger</class>
  <method>endKeyword</method>
  <thread>1</thread>
  <message>End action : waitForElementAttributeValue(btnMasuk, &amp;quot;enabled&amp;quot;, &amp;quot;true&amp;quot;, 10)</message>
  <nestedLevel>1</nestedLevel>
  <escapedJava>false</escapedJava>
</record>
<record>
  <date>2026-01-02T17:13:43</date>
  <millis>1767348823472</millis>
  <sequence>700</sequence>
  <level>START</level>
  <class>com.kms.katalon.core.logging.XmlKeywordLogger</class>
  <method>startKeyword</method>
  <thread>1</thread>
  <message>Start action : verifyElementAttributeValue(btnMasuk, &amp;quot;enabled&amp;quot;, &amp;quot;true&amp;quot;, 0)</message>
  <nestedLevel>1</nestedLevel>
  <escapedJava>false</escapedJava>
  <property name="startLine">44</property>
  <property name="stepIndex">13</property>
</record>
<record>
  <date>2026-01-02T17:13:43</date>
  <millis>1767348823472</millis>
  <sequence>704</sequence>
  <level>WARNING</level>
  <class>com.kms.katalon.core.logging.XmlKeywordLogger</class>
  <method>logMessage</method>
  <thread>1</thread>
  <message>Timeout &amp;apos;0&amp;apos; is invalid. Using default page load timeout: &amp;apos;30&amp;apos;</message>
  <nestedLevel>1</nestedLevel>
  <escapedJava>false</escapedJava>
</record>
<record>
  <date>2026-01-02T17:13:43</date>
  <millis>1767348823600</millis>
  <sequence>705</sequence>
  <level>PASSED</level>
  <class>com.kms.katalon.core.logging.XmlKeywordLogger</class>
  <method>logMessage</method>
  <thread>1</thread>
  <message>Object &amp;apos;Object Repository/btn-Masuk&amp;apos; has attribute &amp;apos;enabled&amp;apos; with value &amp;apos;true&amp;apos;</message>
  <nestedLevel>1</nestedLevel>
  <escapedJava>false</escapedJava>
  <property name="testops-is-assertion">true</property>
  <property name="testops-method-name">com.kms.katalon.core.mobile.keyword.builtin.VerifyElementAttributeValueKeyword.verifyElementAttributeValue</property>
  <property name="testops-execution-stacktrace"></property>
</record>
<record>
  <date>2026-01-02T17:13:43</date>
  <millis>1767348823600</millis>
  <sequence>706</sequence>
  <level>END</level>
  <class>com.kms.katalon.core.logging.XmlKeywordLogger</class>
  <method>endKeyword</method>
  <thread>1</thread>
  <message>End action : verifyElementAttributeValue(btnMasuk, &amp;quot;enabled&amp;quot;, &amp;quot;true&amp;quot;, 0)</message>
  <nestedLevel>1</nestedLevel>
  <escapedJava>false</escapedJava>
</record>
<record>
  <date>2026-01-02T17:13:43</date>
  <millis>1767348823600</millis>
  <sequence>707</sequence>
  <level>START</level>
  <class>com.kms.katalon.core.logging.XmlKeywordLogger</class>
  <method>startKeyword</method>
  <thread>1</thread>
  <message>Start action : tap(btnMasuk, 10)</message>
  <nestedLevel>1</nestedLevel>
  <escapedJava>false</escapedJava>
  <property name="startLine">50</property>
  <property name="stepIndex">14</property>
</record>
<record>
  <date>2026-01-02T17:13:43</date>
  <millis>1767348823822</millis>
  <sequence>710</sequence>
  <level>PASSED</level>
  <class>com.kms.katalon.core.logging.XmlKeywordLogger</class>
  <method>logMessage</method>
  <thread>1</thread>
  <message>Tapped on element &amp;apos;Object Repository/btn-Masuk&amp;apos;</message>
  <nestedLevel>1</nestedLevel>
  <escapedJava>false</escapedJava>
  <property name="testops-method-name">com.kms.katalon.core.mobile.keyword.builtin.TapKeyword.tap</property>
  <property name="testops-execution-stacktrace"></property>
</record>
<record>
  <date>2026-01-02T17:13:43</date>
  <millis>1767348823822</millis>
  <sequence>711</sequence>
  <level>END</level>
  <class>com.kms.katalon.core.logging.XmlKeywordLogger</class>
  <method>endKeyword</method>
  <thread>1</thread>
  <message>End action : tap(btnMasuk, 10)</message>
  <nestedLevel>1</nestedLevel>
  <escapedJava>false</escapedJava>
</record>
<record>
  <date>2026-01-02T17:13:43</date>
  <millis>1767348823822</millis>
  <sequence>712</sequence>
  <level>START</level>
  <class>com.kms.katalon.core.logging.XmlKeywordLogger</class>
  <method>startKeyword</method>
  <thread>1</thread>
  <message>Start action : closeApplication()</message>
  <nestedLevel>1</nestedLevel>
  <escapedJava>false</escapedJava>
  <property name="startLine">51</property>
  <property name="stepIndex">15</property>
</record>
<record>
  <date>2026-01-02T17:13:44</date>
  <millis>1767348824227</millis>
  <sequence>713</sequence>
  <level>PASSED</level>
  <class>com.kms.katalon.core.logging.XmlKeywordLogger</class>
  <method>logMessage</method>
  <thread>1</thread>
  <message>Close app successfully</message>
  <nestedLevel>1</nestedLevel>
  <escapedJava>false</escapedJava>
  <property name="testops-method-name">com.kms.katalon.core.mobile.keyword.builtin.CloseApplicationKeyword.closeApplication</property>
  <property name="testops-execution-stacktrace"></property>
</record>
<record>
  <date>2026-01-02T17:13:44</date>
  <millis>1767348824227</millis>
  <sequence>714</sequence>
  <level>END</level>
  <class>com.kms.katalon.core.logging.XmlKeywordLogger</class>
  <method>endKeyword</method>
  <thread>1</thread>
  <message>End action : closeApplication()</message>
  <nestedLevel>1</nestedLevel>
  <escapedJava>false</escapedJava>
</record>
<record>
  <date>2026-01-02T17:13:44</date>
  <millis>1767348824227</millis>
  <sequence>715</sequence>
  <level>PASSED</level>
  <class>com.kms.katalon.core.logging.XmlKeywordLogger</class>
  <method>logMessage</method>
  <thread>1</thread>
  <message>Test Cases/Login by WA</message>
  <nestedLevel>1</nestedLevel>
  <escapedJava>false</escapedJava>
</record>
<record>
  <date>2026-01-02T17:13:44</date>
  <millis>1767348824228</millis>
  <sequence>716</sequence>
  <level>END</level>
  <class>com.kms.katalon.core.logging.XmlKeywordLogger</class>
  <method>endTest</method>
  <thread>1</thread>
  <message>End Test Case : Test Cases/Login by WA</message>
  <nestedLevel>0</nestedLevel>
  <escapedJava>false</escapedJava>
  <property name="executionBindingVariables">[
  {
    &quot;displayReportName&quot;: &quot;wa&quot;,
    &quot;value&quot;: &quot;83812194&quot;,
    &quot;name&quot;: &quot;wa&quot;,
    &quot;masked&quot;: false
  }
]</property>
  <property name="applitools">false</property>
  <property name="keywordsUsage">{
  &quot;web_ui&quot;: false,
  &quot;web_service&quot;: false,
  &quot;cucumber&quot;: false,
  &quot;builtin&quot;: false,
  &quot;mobile&quot;: true,
  &quot;windows&quot;: false,
  &quot;testng&quot;: false
}</property>
</record>
<record>
  <date>2026-01-02T17:13:44</date>
  <millis>1767348824228</millis>
  <sequence>717</sequence>
  <level>START</level>
  <class>com.kms.katalon.core.logging.XmlKeywordLogger</class>
  <method>startKeyword</method>
  <thread>1</thread>
  <message>Start listener action : exportKatalonReports</message>
  <nestedLevel>0</nestedLevel>
  <escapedJava>false</escapedJava>
</record>
<record>
  <date>2026-01-02T17:13:44</date>
  <millis>1767348824494</millis>
  <sequence>1699</sequence>
  <level>INFO</level>
  <class>com.kms.katalon.core.logging.XmlKeywordLogger</class>
  <method>logMessage</method>
  <thread>1</thread>
  <message>Start generating HTML report folder at: C:\Users\ichsa\Katalon Studio\Labamu\Reports\20260102_171025\Login\20260102_171025...</message>
  <nestedLevel>0</nestedLevel>
  <escapedJava>false</escapedJava>
</record>
<record>
  <date>2026-01-02T17:13:44</date>
  <millis>1767348824542</millis>
  <sequence>1700</sequence>
  <level>INFO</level>
  <class>com.kms.katalon.core.logging.XmlKeywordLogger</class>
  <method>logMessage</method>
  <thread>1</thread>
  <message>HTML report generated</message>
  <nestedLevel>0</nestedLevel>
  <escapedJava>false</escapedJava>
</record>
<record>
  <date>2026-01-02T17:13:44</date>
  <millis>1767348824542</millis>
  <sequence>1701</sequence>
  <level>INFO</level>
  <class>com.kms.katalon.core.logging.XmlKeywordLogger</class>
  <method>logMessage</method>
  <thread>1</thread>
  <message>Start generating CSV report folder at: C:\Users\ichsa\Katalon Studio\Labamu\Reports\20260102_171025\Login\20260102_171025...</message>
  <nestedLevel>0</nestedLevel>
  <escapedJava>false</escapedJava>
</record>
<record>
  <date>2026-01-02T17:13:44</date>
  <millis>1767348824571</millis>
  <sequence>1702</sequence>
  <level>INFO</level>
  <class>com.kms.katalon.core.logging.XmlKeywordLogger</class>
  <method>logMessage</method>
  <thread>1</thread>
  <message>CSV report generated</message>
  <nestedLevel>0</nestedLevel>
  <escapedJava>false</escapedJava>
</record>
<record>
  <date>2026-01-02T17:13:44</date>
  <millis>1767348824986</millis>
  <sequence>1704</sequence>
  <level>END</level>
  <class>com.kms.katalon.core.logging.XmlKeywordLogger</class>
  <method>endKeyword</method>
  <thread>1</thread>
  <message>End listener action : exportKatalonReports</message>
  <nestedLevel>0</nestedLevel>
  <escapedJava>false</escapedJava>
</record>
<record>
  <date>2026-01-02T17:13:44</date>
  <millis>1767348824991</millis>
  <sequence>1705</sequence>
  <level>END</level>
  <class>com.kms.katalon.core.logging.XmlKeywordLogger</class>
  <method>endSuite</method>
  <thread>1</thread>
  <message>End Test Suite : Test Suites/Login</message>
  <nestedLevel>0</nestedLevel>
  <escapedJava>false</escapedJava>
</record>
</log>